customer_id,signup_date,churn_date,region,age,plan,service,contract,payment_method,monthly_charges,support_tickets,avg_satisfaction,data_usage_gb,add_ons,late_payments,churned
C100000,2023-11-08,2024-03-09,West,26,Basic,5G,Month-to-Month,Net Banking,509,3,2.6,30.5,0,0,1
C100001,2024-07-26,,South,31,Standard,5G,Month-to-Month,Auto-debit,1217,0,1.7,136.0,2,0,0
C100002,2023-04-30,2025-06-22,West,44,Standard,Fiber,Month-to-Month,UPI,936,2,3.1,77.6,0,1,1
C100003,2024-06-15,,West,38,Basic,Fiber,2 Year,UPI,447,2,3.3,92.1,0,1,0
C100004,2024-09-08,,North,32,Basic,Fiber,Month-to-Month,Credit Card,613,1,3.6,59.6,1,0,0
C100005,2023-01-31,,Central,27,Standard,Fiber,Month-to-Month,Credit Card,1132,3,2.9,101.1,3,0,0
C100006,2025-05-23,2025-10-18,West,26,Standard,Fiber,Month-to-Month,Net Banking,1172,0,3.4,83.3,3,0,1
C100007,2024-12-27,,West,36,Standard,Broadband,2 Year,Credit Card,1123,2,2.7,51.4,3,0,0
C100008,2025-06-09,,North,62,Standard,Fiber,Month-to-Month,Auto-debit,983,1,2.8,38.1,1,0,0
C100009,2024-02-16,,South,45,Standard,Fiber,Month-to-Month,UPI,1178,2,3.6,81.6,3,1,0
C100010,2022-03-15,,South,22,Basic,5G,Month-to-Month,Credit Card,876,2,4.1,42.2,4,0,0
C100011,2024-03-22,2024-10-16,Central,46,Standard,5G,Month-to-Month,Auto-debit,1264,2,2.4,270.4,3,1,1
C100012,2022-02-01,2024-10-12,East,29,Basic,Fiber,2 Year,UPI,781,4,2.8,64.3,3,0,1
C100013,2025-11-10,2025-11-30,West,38,Standard,Fiber,1 Year,Credit Card,1351,2,,48.3,4,0,1
C100014,2022-06-07,2023-08-31,South,31,Basic,Broadband,Month-to-Month,UPI,700,6,2.2,42.4,3,1,1
C100015,2023-02-01,,South,62,Basic,Fiber,2 Year,UPI,897,1,4.1,36.8,4,0,0
C100016,2025-09-28,,East,24,Standard,5G,Month-to-Month,Credit Card,1042,4,3.6,72.3,1,1,0
C100017,2023-07-17,,North,42,Standard,Broadband,2 Year,UPI,901,4,3.1,38.3,1,0,0
C100018,2024-05-04,,West,30,Standard,Fiber,Month-to-Month,Net Banking,973,2,3.0,116.0,0,0,0
C100019,2024-03-31,,East,47,Standard,5G,Month-to-Month,Net Banking,1038,1,4.5,60.5,0,2,0
C100020,2023-07-09,,West,42,Premium,Fiber,2 Year,Auto-debit,1864,2,3.3,163.6,2,0,0
C100021,2024-05-30,,South,53,Premium,Fiber,2 Year,Auto-debit,1981,0,3.8,87.2,4,0,0
C100022,2024-01-25,,Central,47,Premium,Fiber,1 Year,UPI,1745,1,4.1,96.7,1,0,0
C100023,2025-02-03,,Central,30,Standard,Broadband,1 Year,UPI,1079,3,2.8,99.2,3,0,0
C100024,2023-02-19,,West,73,Standard,Fiber,2 Year,Auto-debit,943,4,2.6,26.2,0,1,0
C100025,2025-07-21,,North,45,Standard,Fiber,1 Year,UPI,1367,1,3.3,120.7,4,0,0
C100026,2022-10-26,,East,31,Standard,Broadband,Month-to-Month,UPI,965,1,3.4,153.7,2,0,0
C100027,2024-06-05,,North,40,Basic,Fiber,Month-to-Month,UPI,583,2,3.4,91.3,2,0,0
C100028,2023-01-07,2025-11-19,North,46,Standard,Broadband,1 Year,Net Banking,972,2,1.9,51.9,1,0,1
C100029,2024-02-13,,West,45,Basic,5G,1 Year,UPI,914,5,2.5,51.4,4,1,0
C100030,2022-04-29,,West,44,Basic,5G,2 Year,UPI,692,1,2.3,35.4,2,1,0
C100031,2025-06-27,2025-09-27,Central,50,Premium,Broadband,Month-to-Month,Credit Card,1393,5,2.5,56.1,0,0,1
C100032,2022-05-05,,South,48,Basic,5G,Month-to-Month,Auto-debit,613,3,3.3,46.2,2,0,0
C100033,2024-06-06,,South,28,Standard,Fiber,Month-to-Month,UPI,1125,2,3.1,35.6,2,2,0
C100034,2024-04-06,,East,63,Standard,Broadband,2 Year,Net Banking,1075,2,3.8,99.5,3,1,0
C100035,2024-05-22,,North,62,Basic,Broadband,Month-to-Month,Credit Card,599,1,3.8,66.6,2,0,0
C100036,2025-09-08,,North,48,Premium,Broadband,2 Year,Credit Card,1499,3,1.7,224.9,1,0,0
C100037,2023-01-10,,East,38,Basic,5G,Month-to-Month,UPI,364,2,4.1,57.1,0,0,0
C100038,2022-01-19,,South,39,Premium,5G,Month-to-Month,UPI,2164,0,4.2,95.9,4,1,0
C100039,2023-12-13,2024-11-19,West,34,Standard,5G,2 Year,UPI,1006,3,2.7,67.1,0,2,1
C100040,2025-08-21,2025-12-30,South,36,Basic,Fiber,Month-to-Month,Auto-debit,571,3,2.7,47.0,1,0,1
C100041,2025-01-25,2025-04-12,West,18,Basic,5G,2 Year,UPI,491,1,2.1,91.9,0,1,1
C100042,2022-10-17,2024-11-05,West,56,Basic,5G,Month-to-Month,Auto-debit,600,1,3.7,92.4,1,0,1
C100043,2025-06-04,2025-12-29,South,52,Basic,5G,Month-to-Month,UPI,506,2,3.8,42.4,0,0,1
C100044,2023-07-18,2025-11-05,West,18,Basic,Fiber,1 Year,UPI,569,0,3.3,72.3,1,0,1
C100045,2023-09-12,,West,49,Premium,5G,2 Year,Net Banking,2164,0,3.4,91.1,4,2,0
C100046,2024-12-14,,South,38,Basic,5G,Month-to-Month,Auto-debit,609,1,3.6,55.0,1,0,0
C100047,2024-05-10,2025-08-13,South,36,Premium,5G,Month-to-Month,UPI,2219,2,4.3,99.0,4,0,1
C100048,2025-05-30,,West,44,Basic,Broadband,1 Year,UPI,667,1,4.3,50.0,3,1,0
C100049,2025-10-15,,North,18,Premium,5G,2 Year,Net Banking,2130,1,4.3,78.2,4,1,0
C100050,2022-10-27,,North,38,Basic,Fiber,2 Year,UPI,824,1,5.0,21.7,3,4,0
C100051,2025-02-07,,North,39,Standard,Fiber,2 Year,Net Banking,1309,3,3.7,39.5,4,1,0
C100052,2023-06-08,,West,39,Standard,5G,Month-to-Month,Auto-debit,1234,3,3.9,98.6,2,0,0
C100053,2023-06-07,,West,22,Basic,5G,1 Year,UPI,900,3,3.1,25.3,4,1,0
C100054,2022-12-02,,West,43,Premium,Broadband,2 Year,Auto-debit,1390,4,2.8,99.4,0,1,0
C100055,2023-07-31,,West,51,Basic,Fiber,2 Year,UPI,894,0,4.6,,4,0,0
C100056,2022-06-09,2023-10-24,South,43,Standard,Fiber,2 Year,Auto-debit,940,2,2.6,129.0,0,0,1
C100057,2024-01-07,,East,35,Standard,Fiber,2 Year,Auto-debit,857,1,3.8,45.2,0,1,0
C100058,2025-10-30,,North,70,Standard,5G,2 Year,Net Banking,1303,0,3.4,22.2,3,1,0
C100059,2023-11-18,2024-04-30,North,27,Basic,Broadband,Month-to-Month,Auto-debit,458,5,2.8,29.6,1,3,1
C100060,2025-08-18,,West,47,Basic,Broadband,Month-to-Month,Auto-debit,450,1,3.7,48.9,0,1,0
C100061,2024-05-23,,East,41,Basic,5G,2 Year,UPI,965,1,3.7,61.9,4,0,0
C100062,2025-11-15,,East,62,Basic,Broadband,Month-to-Month,UPI,672,2,3.3,24.5,2,0,0
C100063,2025-06-03,,West,43,Basic,Fiber,Month-to-Month,UPI,671,1,3.9,18.3,2,2,0
C100064,2024-03-23,2024-06-29,East,45,Premium,5G,Month-to-Month,Credit Card,1829,1,4.2,74.9,1,0,1
C100065,2022-01-19,,East,44,Standard,Broadband,1 Year,Net Banking,1109,0,2.8,56.8,3,1,0
C100066,2024-11-10,,East,25,Standard,Fiber,2 Year,Credit Card,980,2,3.3,209.3,1,0,0
C100067,2023-12-23,,South,28,Basic,Broadband,2 Year,Net Banking,691,1,3.3,46.7,2,1,0
C100068,2025-01-21,,North,35,Basic,Fiber,Month-to-Month,Credit Card,507,2,3.4,61.2,0,1,0
C100069,2024-09-26,,South,49,Standard,Fiber,Month-to-Month,UPI,1030,2,3.0,127.7,1,0,0
C100070,2024-08-03,,North,41,Basic,5G,Month-to-Month,UPI,539,0,4.7,35.3,0,0,0
C100071,2024-09-21,,South,36,Basic,Broadband,2 Year,Auto-debit,478,2,3.3,46.5,1,0,0
C100072,2024-04-03,,West,54,Standard,Fiber,Month-to-Month,UPI,974,2,4.0,83.6,1,1,0
C100073,2025-07-23,,South,18,Standard,Broadband,1 Year,UPI,1007,2,2.6,99.8,3,1,0
C100074,2024-11-11,,North,22,Premium,Fiber,1 Year,UPI,2008,0,3.8,110.6,4,0,0
C100075,2023-08-17,,South,18,Basic,5G,1 Year,Auto-debit,688,2,2.9,74.5,2,0,0
C100076,2023-12-15,,South,52,Standard,5G,1 Year,UPI,1416,2,3.6,128.0,4,1,0
C100077,2024-10-01,,West,37,Basic,Fiber,1 Year,Net Banking,558,1,2.7,38.4,1,1,0
C100078,2025-02-06,,East,50,Basic,5G,1 Year,UPI,716,1,2.4,64.6,2,1,0
C100079,2022-07-24,,West,37,Standard,5G,Month-to-Month,UPI,1328,2,2.9,89.5,3,0,0
C100080,2025-07-12,,West,50,Basic,5G,Month-to-Month,Net Banking,440,1,3.9,167.3,0,0,0
C100081,2025-10-27,,South,36,Standard,Fiber,Month-to-Month,Net Banking,1152,1,3.0,115.4,2,1,0
C100082,2023-08-24,,West,43,Standard,Fiber,Month-to-Month,Net Banking,1299,1,3.7,89.4,4,1,0
C100083,2023-02-19,,North,41,Basic,Broadband,1 Year,UPI,618,3,2.6,33.3,2,0,0
C100084,2024-10-20,2025-11-01,North,42,Premium,5G,Month-to-Month,Auto-debit,2186,0,2.8,70.3,4,1,1
C100085,2022-12-19,,North,58,Standard,Broadband,2 Year,Credit Card,1137,3,3.6,96.0,3,0,0
C100086,2022-02-10,2024-03-30,West,19,Premium,5G,Month-to-Month,Auto-debit,1754,3,3.7,50.2,0,1,1
C100087,2024-08-25,,East,37,Standard,Broadband,1 Year,UPI,1004,0,3.8,166.0,2,0,0
C100088,2025-02-22,,North,40,Premium,Fiber,Month-to-Month,Credit Card,1744,0,4.0,42.1,1,0,0
C100089,2025-07-01,,East,39,Basic,5G,Month-to-Month,UPI,835,2,3.2,26.4,4,0,0
C100090,2025-09-28,,North,33,Standard,5G,Month-to-Month,Auto-debit,1060,1,2.8,121.5,1,0,0
C100091,2024-03-10,,West,32,Standard,Fiber,1 Year,Net Banking,1106,5,3.5,72.4,2,1,0
C100092,2023-01-25,,South,56,Basic,Fiber,Month-to-Month,Credit Card,703,3,3.0,48.5,3,1,0
C100093,2025-10-21,,South,37,Basic,5G,1 Year,UPI,884,0,4.1,31.4,4,0,0
C100094,2022-06-13,,South,67,Premium,Broadband,1 Year,UPI,1584,1,3.4,110.6,2,0,0
C100095,2025-06-30,,East,44,Standard,5G,2 Year,UPI,1398,0,4.1,103.8,4,1,0
C100096,2025-07-21,,South,35,Standard,Fiber,1 Year,Auto-debit,917,1,4.4,48.6,0,1,0
C100097,2025-04-28,,North,45,Standard,Broadband,1 Year,UPI,1238,0,3.9,64.6,4,0,0
C100098,2025-10-25,,North,39,Premium,Fiber,2 Year,UPI,1731,1,4.0,118.2,1,1,0
C100099,2025-08-16,,Central,54,Premium,Fiber,Month-to-Month,UPI,1903,0,4.6,103.0,3,0,0
C100100,2025-11-27,,Central,24,Standard,Broadband,1 Year,UPI,984,0,4.3,107.3,2,0,0
C100101,2023-04-27,,West,18,Basic,Broadband,Month-to-Month,Auto-debit,694,3,3.8,55.6,3,0,0
C100102,2023-04-15,,South,42,Basic,Broadband,1 Year,UPI,398,3,3.3,42.0,0,2,0
C100103,2024-11-20,,Central,48,Standard,Broadband,Month-to-Month,Auto-debit,1098,1,3.8,31.4,2,1,0
C100104,2024-08-06,2025-11-30,West,41,Premium,5G,Month-to-Month,Net Banking,1690,3,3.4,212.9,0,1,1
C100105,2022-08-09,,West,46,Standard,Fiber,1 Year,Credit Card,1080,1,4.2,46.4,2,1,0
C100106,2024-03-31,2024-12-26,South,44,Basic,Fiber,Month-to-Month,Credit Card,614,3,2.7,107.5,2,2,1
C100107,2024-04-18,2025-05-30,South,20,Basic,Broadband,Month-to-Month,Net Banking,509,5,2.9,29.0,1,1,1
C100108,2023-12-23,,North,41,Standard,Broadband,Month-to-Month,Net Banking,1006,0,5.0,83.7,2,1,0
C100109,2023-06-21,,Central,54,Premium,Fiber,2 Year,UPI,1685,3,3.5,162.1,1,0,0
C100110,2024-07-25,,South,40,Basic,Fiber,Month-to-Month,Auto-debit,495,1,2.7,40.1,0,1,0
C100111,2025-01-27,2025-09-06,North,22,Standard,Fiber,Month-to-Month,UPI,934,3,2.8,86.1,0,1,1
C100112,2024-07-08,,South,34,Standard,Fiber,2 Year,UPI,1055,1,4.0,64.0,1,1,0
C100113,2023-07-17,,East,45,Premium,Broadband,2 Year,Credit Card,1744,2,3.0,303.3,3,0,0
C100114,2023-02-27,,North,60,Basic,Fiber,Month-to-Month,Net Banking,572,2,,48.9,2,1,0
C100115,2024-05-08,2025-06-06,West,18,Premium,5G,Month-to-Month,UPI,1776,3,2.3,,0,2,1
C100116,2024-01-30,2025-10-10,West,42,Standard,Broadband,Month-to-Month,UPI,945,2,3.2,83.3,2,1,1
C100117,2024-02-08,,West,27,Standard,5G,2 Year,UPI,1207,1,4.7,129.8,2,2,0
C100118,2022-10-03,2024-07-02,South,44,Basic,5G,Month-to-Month,Credit Card,595,1,3.2,53.8,1,1,1
C100119,2024-06-23,2025-05-29,East,45,Standard,Fiber,Month-to-Month,UPI,918,6,2.9,80.8,0,0,1
C100120,2022-06-05,2024-11-28,East,35,Standard,Fiber,Month-to-Month,Auto-debit,970,3,2.9,36.0,1,1,1
C100121,2025-03-19,2025-07-30,East,46,Basic,Fiber,1 Year,UPI,500,1,3.3,78.8,0,0,1
C100122,2025-01-30,,North,52,Standard,Fiber,Month-to-Month,Auto-debit,966,2,3.7,87.8,1,0,0
C100123,2023-01-18,,South,36,Standard,Fiber,1 Year,Net Banking,1147,0,2.7,59.0,2,1,0
C100124,2023-12-29,,North,22,Standard,Fiber,Month-to-Month,Auto-debit,1258,1,4.7,86.8,4,0,0
C100125,2024-09-26,,East,55,Basic,Fiber,1 Year,Auto-debit,854,2,3.7,88.6,4,0,0
C100126,2022-09-24,,South,48,Standard,Fiber,2 Year,UPI,1288,0,4.5,105.4,3,0,0
C100127,2023-03-19,2023-12-04,North,45,Basic,Broadband,Month-to-Month,Credit Card,592,1,3.4,118.3,1,1,1
C100128,2023-04-24,2024-01-10,North,30,Premium,Fiber,Month-to-Month,UPI,1940,3,3.6,182.6,4,1,1
C100129,2022-07-25,2025-08-26,East,50,Premium,Fiber,Month-to-Month,UPI,1977,1,4.4,44.9,4,2,1
C100130,2024-11-13,,North,63,Basic,Broadband,1 Year,UPI,477,1,3.5,83.1,1,0,0
C100131,2024-06-12,,Central,37,Basic,Fiber,Month-to-Month,Net Banking,549,3,2.4,18.5,0,2,0
C100132,2023-10-10,,East,39,Basic,5G,1 Year,Auto-debit,694,2,2.6,86.9,2,1,0
C100133,2024-05-21,2025-09-27,South,25,Standard,Broadband,Month-to-Month,UPI,1040,2,3.0,,2,0,1
C100134,2022-04-07,,East,29,Premium,5G,1 Year,Net Banking,2058,3,3.4,273.1,3,0,0
C100135,2022-11-06,2023-12-09,North,25,Standard,Fiber,1 Year,UPI,871,2,,92.0,0,1,1
C100136,2025-07-19,,Central,40,Basic,5G,Month-to-Month,UPI,622,1,3.2,51.0,2,1,0
C100137,2025-04-19,,East,34,Basic,5G,Month-to-Month,UPI,573,3,3.5,82.1,1,0,0
C100138,2025-09-24,2025-10-21,West,42,Basic,Fiber,1 Year,Credit Card,750,4,2.5,24.6,2,0,1
C100139,2022-05-24,,North,27,Premium,Fiber,Month-to-Month,Credit Card,1619,2,3.1,120.3,0,1,0
C100140,2025-09-25,,East,36,Standard,Fiber,1 Year,UPI,1159,0,4.5,65.7,2,1,0
C100141,2024-01-13,,East,27,Standard,Broadband,2 Year,UPI,742,2,3.7,59.5,0,1,0
C100142,2025-10-31,,Central,40,Basic,Fiber,Month-to-Month,Credit Card,842,1,2.7,33.2,4,0,0
C100143,2023-09-24,2025-01-25,East,18,Premium,Fiber,Month-to-Month,Auto-debit,1937,2,2.6,127.6,3,0,1
C100144,2025-08-17,,East,40,Basic,5G,Month-to-Month,UPI,851,1,2.8,63.3,4,0,0
C100145,2023-10-26,,South,35,Premium,Broadband,Month-to-Month,Net Banking,1693,2,3.5,248.1,3,1,0
C100146,2025-06-26,,South,40,Premium,Fiber,2 Year,Net Banking,1970,2,4.3,102.3,4,3,0
C100147,2025-12-09,2025-12-15,East,18,Standard,Fiber,2 Year,Credit Card,1051,2,4.3,61.3,1,3,1
C100148,2025-05-27,2025-10-24,South,46,Premium,5G,Month-to-Month,UPI,1765,1,4.3,28.8,0,0,1
C100149,2025-06-10,,North,34,Basic,5G,2 Year,Auto-debit,922,2,4.6,92.0,4,1,0
C100150,2025-09-18,2025-10-21,West,41,Standard,5G,Month-to-Month,Credit Card,1331,0,3.9,37.4,3,0,1
C100151,2023-09-14,,Central,18,Basic,Broadband,2 Year,UPI,687,5,3.3,56.2,3,0,0
C100152,2025-07-01,,North,23,Standard,Fiber,2 Year,Auto-debit,1058,2,2.9,85.3,1,0,0
C100153,2025-05-06,,East,33,Basic,Fiber,Month-to-Month,Auto-debit,534,3,2.0,72.6,1,0,0
C100154,2024-04-13,,North,55,Basic,Fiber,1 Year,Net Banking,781,2,3.1,28.5,3,1,0
C100155,2025-05-10,2025-08-31,West,44,Basic,Fiber,1 Year,Auto-debit,578,2,3.2,58.9,2,0,1
C100156,2022-03-24,,South,40,Basic,5G,Month-to-Month,UPI,469,1,5.0,99.8,0,0,0
C100157,2025-09-12,,East,27,Standard,Broadband,Month-to-Month,Auto-debit,991,2,3.3,82.8,1,0,0
C100158,2025-11-19,2025-12-06,West,25,Standard,Fiber,1 Year,UPI,1042,2,2.6,47.6,1,0,1
C100159,2025-11-17,,West,41,Basic,5G,Month-to-Month,Auto-debit,919,1,4.2,21.2,4,2,0
C100160,2025-05-30,,North,46,Premium,Fiber,Month-to-Month,UPI,1675,3,2.7,248.3,1,1,0
C100161,2023-11-12,,Central,41,Premium,5G,Month-to-Month,UPI,1903,1,3.9,94.7,2,1,0
C100162,2025-10-16,,South,59,Basic,Fiber,1 Year,Credit Card,646,2,3.9,39.2,2,1,0
C100163,2024-10-13,,North,30,Standard,5G,Month-to-Month,Auto-debit,996,1,,260.9,0,1,0
C100164,2024-12-24,,East,40,Standard,Fiber,Month-to-Month,Credit Card,1193,1,4.6,116.9,2,0,0
C100165,2022-11-28,,South,18,Standard,Broadband,Month-to-Month,Auto-debit,939,4,3.6,130.7,1,1,0
C100166,2025-04-15,2025-08-07,West,41,Basic,Broadband,Month-to-Month,UPI,799,5,2.8,100.5,4,1,1
C100167,2022-06-26,,West,56,Standard,Broadband,1 Year,UPI,901,1,4.8,33.8,1,0,0
C100168,2025-06-11,,South,26,Basic,Broadband,Month-to-Month,Credit Card,528,1,3.3,95.3,1,0,0
C100169,2024-09-20,,Central,48,Basic,Fiber,1 Year,UPI,604,2,3.9,102.0,2,1,0
C100170,2025-05-27,,South,55,Standard,5G,Month-to-Month,Net Banking,1021,1,3.7,59.0,1,3,0
C100171,2025-09-07,,East,30,Standard,Fiber,1 Year,Auto-debit,1147,1,3.1,107.3,2,0,0
C100172,2023-05-31,,South,44,Premium,Broadband,Month-to-Month,Net Banking,1699,2,3.1,191.3,3,3,0
C100173,2024-01-14,,Central,57,Basic,Fiber,2 Year,Credit Card,802,0,5.0,31.0,4,0,0
C100174,2022-09-01,,North,41,Basic,Fiber,Month-to-Month,Credit Card,771,0,4.5,69.9,4,0,0
C100175,2025-01-10,,North,47,Basic,5G,2 Year,Auto-debit,634,2,,32.2,1,1,0
C100176,2024-10-19,,South,18,Basic,Fiber,Month-to-Month,Net Banking,735,0,3.4,161.6,3,2,0
C100177,2023-07-31,,Central,45,Basic,5G,Month-to-Month,Auto-debit,614,2,3.8,47.9,1,1,0
C100178,2025-03-06,,Central,44,Standard,Fiber,1 Year,UPI,1304,0,3.5,97.9,4,1,0
C100179,2024-07-14,,West,22,Standard,5G,Month-to-Month,Net Banking,997,4,4.0,32.7,0,0,0
C100180,2022-11-25,,Central,26,Standard,Broadband,Month-to-Month,UPI,1171,4,3.6,89.8,4,1,0
C100181,2025-02-03,,Central,45,Basic,5G,2 Year,Net Banking,595,2,3.9,81.4,1,0,0
C100182,2023-10-09,,East,34,Basic,Fiber,1 Year,Auto-debit,779,0,4.4,28.3,3,4,0
C100183,2024-11-24,,South,51,Standard,Fiber,1 Year,Auto-debit,1205,0,3.7,56.8,3,1,0
C100184,2022-03-27,,West,42,Basic,Fiber,2 Year,UPI,545,2,3.6,31.0,1,0,0
C100185,2023-06-16,2025-08-01,West,39,Premium,Fiber,Month-to-Month,Auto-debit,2029,1,4.8,66.2,4,0,1
C100186,2022-07-02,,South,36,Basic,5G,Month-to-Month,UPI,625,1,3.9,23.1,1,0,0
C100187,2025-06-05,,North,42,Standard,Fiber,2 Year,Credit Card,1170,0,3.2,123.3,3,0,0
C100188,2023-08-16,,West,48,Premium,Fiber,Month-to-Month,Net Banking,2004,1,4.6,62.6,4,2,0
C100189,2022-11-21,,South,44,Standard,Fiber,Month-to-Month,Credit Card,898,1,3.1,30.2,0,0,0
C100190,2022-02-25,,Central,33,Standard,Broadband,Month-to-Month,UPI,1196,4,2.8,56.5,4,0,0
C100191,2025-07-03,,South,53,Standard,Fiber,Month-to-Month,Net Banking,1372,2,3.0,75.6,4,3,0
C100192,2024-07-17,2025-04-22,North,46,Basic,Fiber,Month-to-Month,Net Banking,572,2,1.5,59.1,1,3,1
C100193,2025-12-05,,West,43,Standard,5G,Month-to-Month,Credit Card,1481,3,3.2,47.3,4,1,0
C100194,2024-03-11,,North,39,Premium,Fiber,1 Year,Credit Card,1618,2,5.0,87.9,0,0,0
C100195,2024-11-14,2025-09-18,North,44,Premium,Broadband,1 Year,Net Banking,1392,3,3.5,154.5,0,1,1
C100196,2025-04-07,,East,18,Standard,Fiber,2 Year,Credit Card,1215,1,5.0,115.8,3,0,0
C100197,2024-09-19,,West,41,Basic,5G,Month-to-Month,UPI,900,0,3.7,82.3,4,1,0
C100198,2024-12-16,,North,58,Standard,5G,Month-to-Month,Credit Card,1012,0,4.0,93.7,0,0,0
C100199,2025-03-02,2025-06-21,South,41,Standard,Broadband,1 Year,Net Banking,1056,2,3.2,32.2,3,1,1
C100200,2025-06-02,2025-12-23,West,39,Basic,5G,Month-to-Month,UPI,489,0,3.8,28.5,0,0,1
C100201,2024-12-24,,Central,31,Basic,Broadband,Month-to-Month,UPI,667,3,3.3,82.8,3,0,0
C100202,2025-08-08,,East,44,Basic,5G,1 Year,Auto-debit,936,2,4.4,107.2,4,0,0
C100203,2022-08-26,,North,36,Standard,5G,1 Year,Auto-debit,1120,1,3.0,70.5,2,0,0
C100204,2023-10-07,2025-09-16,North,54,Basic,5G,Month-to-Month,Net Banking,505,1,3.6,40.5,0,2,1
C100205,2023-11-25,,South,28,Basic,5G,1 Year,Auto-debit,537,2,3.7,26.8,1,0,0
C100206,2023-12-15,,North,33,Basic,5G,1 Year,Auto-debit,714,1,4.4,90.0,2,2,0
C100207,2024-11-30,,West,31,Premium,Fiber,2 Year,Credit Card,1890,1,2.2,,3,1,0
C100208,2025-04-10,,North,60,Basic,Fiber,Month-to-Month,UPI,584,2,2.3,117.9,2,1,0
C100209,2025-12-10,2025-12-17,East,36,Basic,Fiber,1 Year,Net Banking,695,5,2.6,42.5,2,2,1
C100210,2024-10-27,,West,31,Standard,Fiber,1 Year,Auto-debit,1115,0,4.6,47.9,3,1,0
C100211,2025-01-05,2025-06-12,East,18,Basic,5G,Month-to-Month,Net Banking,893,1,3.2,18.1,4,0,1
C100212,2025-11-29,,North,27,Premium,Fiber,1 Year,UPI,1933,1,4.2,103.0,3,2,0
C100213,2023-06-13,,West,44,Premium,5G,1 Year,Auto-debit,1804,1,5.0,110.7,0,0,0
C100214,2023-06-19,,West,44,Standard,5G,Month-to-Month,Auto-debit,934,2,3.3,62.8,0,1,0
C100215,2022-07-10,2024-09-03,West,30,Standard,5G,Month-to-Month,Credit Card,1077,3,2.9,73.9,1,2,1
C100216,2024-03-03,,North,31,Basic,5G,Month-to-Month,Auto-debit,641,1,3.9,88.4,1,0,0
C100217,2025-11-06,,North,60,Basic,Fiber,1 Year,Net Banking,802,1,3.7,60.3,3,0,0
C100218,2025-12-11,2025-12-27,Central,70,Basic,Fiber,Month-to-Month,Auto-debit,906,4,3.0,48.7,4,0,1
C100219,2023-03-19,,South,52,Basic,5G,Month-to-Month,Auto-debit,799,1,3.4,78.3,2,0,0
C100220,2025-02-08,,South,57,Basic,Broadband,Month-to-Month,UPI,775,1,3.4,28.0,4,1,0
C100221,2025-09-07,,East,59,Standard,5G,1 Year,Auto-debit,1212,3,2.3,105.3,2,1,0
C100222,2024-03-14,,West,65,Basic,5G,1 Year,UPI,782,0,4.2,62.6,3,0,0
C100223,2024-03-27,2025-08-22,Central,34,Basic,5G,Month-to-Month,Auto-debit,717,1,2.8,93.6,3,1,1
C100224,2025-10-06,,South,27,Standard,5G,Month-to-Month,Auto-debit,1094,2,2.7,37.1,1,0,0
C100225,2024-07-10,,Central,60,Standard,5G,Month-to-Month,Auto-debit,1216,2,2.5,47.8,3,1,0
C100226,2023-02-20,,North,26,Basic,5G,Month-to-Month,Auto-debit,676,0,3.6,29.5,2,0,0
C100227,2023-06-27,,East,26,Basic,Fiber,1 Year,Auto-debit,598,0,3.8,56.2,2,1,0
C100228,2025-07-07,,East,26,Basic,Fiber,Month-to-Month,UPI,575,3,2.3,49.5,1,0,0
C100229,2025-09-02,,North,36,Basic,Fiber,1 Year,Credit Card,527,1,3.4,58.7,1,0,0
C100230,2025-04-24,,North,18,Premium,5G,1 Year,UPI,2073,1,3.9,41.1,4,2,0
C100231,2024-06-22,,South,21,Premium,Broadband,2 Year,Auto-debit,1731,0,2.9,246.2,3,0,0
C100232,2023-11-11,,Central,31,Standard,Fiber,Month-to-Month,Net Banking,895,0,3.3,82.9,0,0,0
C100233,2022-03-27,2023-03-14,East,24,Standard,Fiber,Month-to-Month,Net Banking,1100,1,4.8,97.2,2,2,1
C100234,2023-06-20,,Central,51,Standard,Broadband,Month-to-Month,UPI,1057,6,1.8,88.7,3,0,0
C100235,2025-04-10,,West,38,Standard,Fiber,2 Year,Net Banking,1262,3,3.5,53.8,3,2,0
C100236,2025-11-27,,East,45,Basic,Broadband,1 Year,Credit Card,806,4,2.4,57.3,4,0,0
C100237,2024-10-28,,West,44,Basic,Fiber,1 Year,Auto-debit,731,4,2.9,45.9,3,0,0
C100238,2023-10-25,,North,36,Standard,Fiber,1 Year,Auto-debit,842,4,,76.1,0,0,0
C100239,2024-06-27,,North,50,Standard,5G,Month-to-Month,Credit Card,1297,1,2.2,94.3,2,1,0
C100240,2022-07-09,,West,43,Basic,Fiber,1 Year,Auto-debit,637,1,3.2,42.0,1,0,0
C100241,2023-10-28,,West,34,Basic,Fiber,2 Year,UPI,517,3,3.4,22.4,0,3,0
C100242,2024-02-02,,South,18,Basic,Fiber,Month-to-Month,UPI,827,3,3.5,40.4,4,1,0
C100243,2023-10-29,,East,44,Basic,Fiber,2 Year,Net Banking,439,1,3.7,99.7,0,0,0
C100244,2023-01-01,,East,23,Standard,Fiber,2 Year,Net Banking,1034,2,2.8,55.9,1,2,0
C100245,2025-04-13,,West,43,Standard,Broadband,2 Year,UPI,862,4,3.4,77.2,1,1,0
C100246,2022-08-31,,East,39,Standard,Fiber,2 Year,UPI,1077,2,2.8,111.9,2,1,0
C100247,2024-11-06,,South,22,Basic,Fiber,Month-to-Month,Credit Card,814,1,3.1,127.6,3,2,0
C100248,2025-10-12,,South,41,Basic,Fiber,1 Year,UPI,556,1,2.9,38.9,1,0,0
C100249,2022-10-22,,South,40,Premium,Broadband,Month-to-Month,Credit Card,1651,1,3.5,63.8,3,0,0
C100250,2024-08-21,,East,40,Standard,Broadband,1 Year,Credit Card,837,3,2.8,103.2,0,1,0
C100251,2025-02-24,,West,40,Basic,Broadband,Month-to-Month,Auto-debit,772,1,3.8,29.5,4,1,0
C100252,2024-10-09,,South,30,Basic,Broadband,2 Year,UPI,716,2,2.4,51.3,4,1,0
C100253,2023-10-29,,South,45,Premium,Fiber,Month-to-Month,UPI,1761,2,3.2,159.7,2,0,0
C100254,2022-05-13,,South,30,Standard,5G,Month-to-Month,UPI,978,1,3.0,58.0,0,0,0
C100255,2024-07-31,,West,25,Premium,Fiber,Month-to-Month,UPI,1915,1,4.0,102.9,3,1,0
C100256,2024-12-08,,West,46,Standard,Broadband,1 Year,Auto-debit,1103,5,2.8,111.0,3,1,0
C100257,2025-10-24,2025-11-07,North,49,Standard,5G,Month-to-Month,Credit Card,1345,2,2.6,127.3,3,1,1
C100258,2024-03-11,,North,45,Standard,Fiber,Month-to-Month,UPI,1008,1,3.9,75.3,1,0,0
C100259,2025-11-25,2025-12-21,East,36,Basic,Broadband,Month-to-Month,Auto-debit,578,1,3.5,48.1,2,0,1
C100260,2024-09-16,,North,18,Standard,Broadband,Month-to-Month,Auto-debit,1047,2,3.9,42.0,2,0,0
C100261,2025-08-17,2025-09-16,West,56,Standard,Broadband,2 Year,UPI,1135,3,2.6,78.2,3,1,1
C100262,2025-11-28,,South,18,Basic,Fiber,Month-to-Month,UPI,549,1,4.0,36.4,1,1,0
C100263,2023-02-07,2025-11-03,North,45,Premium,Fiber,Month-to-Month,Auto-debit,1819,3,3.9,122.6,2,0,1
C100264,2025-05-15,,Central,63,Basic,Fiber,Month-to-Month,Net Banking,836,0,3.8,89.9,4,2,0
C100265,2025-03-04,,North,40,Basic,5G,Month-to-Month,Auto-debit,650,2,4.8,,2,1,0
C100266,2023-07-16,,South,41,Basic,5G,Month-to-Month,UPI,785,2,3.6,79.6,2,2,0
C100267,2023-02-14,,North,43,Premium,Fiber,Month-to-Month,Auto-debit,1983,2,4.7,130.0,4,2,0
C100268,2022-05-01,,North,40,Premium,Broadband,Month-to-Month,UPI,1807,0,5.0,116.3,4,1,0
C100269,2024-05-03,2025-08-18,North,66,Standard,Fiber,Month-to-Month,UPI,1056,2,2.1,47.7,2,0,1
C100270,2022-12-18,,North,28,Premium,5G,Month-to-Month,Auto-debit,1877,1,4.6,135.6,1,0,0
C100271,2023-03-15,,North,26,Premium,Broadband,1 Year,Net Banking,1351,4,3.4,349.2,0,0,0
C100272,2023-06-26,,North,34,Premium,5G,Month-to-Month,UPI,2212,0,4.2,33.0,4,0,0
C100273,2024-01-08,,East,59,Premium,Fiber,1 Year,UPI,1879,0,3.5,44.4,2,1,0
C100274,2022-02-08,,West,31,Basic,Fiber,1 Year,Auto-debit,679,1,2.9,40.5,2,0,0
C100275,2024-05-03,,South,43,Standard,Fiber,2 Year,UPI,1319,0,3.1,86.8,4,0,0
C100276,2025-01-30,,South,51,Standard,5G,Month-to-Month,UPI,1090,1,5.0,117.9,1,1,0
C100277,2025-12-01,,East,47,Standard,5G,1 Year,UPI,997,1,3.9,92.4,0,1,0
C100278,2025-05-18,2025-11-05,West,50,Basic,Fiber,2 Year,UPI,772,5,1.6,19.5,3,1,1
C100279,2024-01-03,,West,55,Standard,Broadband,2 Year,Auto-debit,1199,1,2.8,100.3,4,1,0
C100280,2023-12-14,,North,42,Premium,5G,2 Year,UPI,1788,2,2.1,,0,1,0
C100281,2024-05-03,,North,33,Basic,Broadband,Month-to-Month,Credit Card,758,2,4.1,68.8,4,0,0
C100282,2025-01-17,,South,40,Premium,5G,2 Year,Net Banking,2008,1,3.8,82.4,2,2,0
C100283,2023-07-21,,South,34,Basic,Broadband,2 Year,UPI,580,1,3.9,20.6,2,2,0
C100284,2023-01-12,,East,68,Basic,Fiber,Month-to-Month,Net Banking,825,4,2.8,35.3,4,1,0
C100285,2025-11-19,,South,32,Basic,Fiber,Month-to-Month,UPI,572,0,4.5,56.5,1,0,0
C100286,2024-09-15,,North,44,Premium,Broadband,2 Year,Auto-debit,1713,0,3.7,142.8,3,0,0
C100287,2023-06-05,,South,20,Standard,Broadband,Month-to-Month,Auto-debit,730,0,4.0,74.3,0,0,0
C100288,2022-04-09,,East,40,Basic,5G,1 Year,Auto-debit,777,1,3.7,32.6,3,0,0
C100289,2023-09-18,,North,35,Standard,Fiber,Month-to-Month,UPI,832,2,2.5,69.0,0,0,0
C100290,2024-09-09,,West,46,Basic,Fiber,1 Year,Auto-debit,432,3,2.5,92.8,0,0,0
C100291,2023-02-06,2025-04-11,North,46,Standard,Broadband,Month-to-Month,Net Banking,873,3,2.8,264.0,1,1,1
C100292,2025-09-25,,Central,55,Premium,Broadband,1 Year,UPI,1510,3,3.5,145.9,1,0,0
C100293,2024-11-28,,North,54,Standard,Fiber,Month-to-Month,UPI,1184,1,4.5,123.0,3,1,0
C100294,2023-08-07,,West,37,Standard,Fiber,2 Year,UPI,1293,3,3.1,51.2,4,0,0
C100295,2023-08-10,2024-05-11,Central,27,Standard,5G,Month-to-Month,UPI,1447,4,2.7,145.0,4,0,1
C100296,2022-11-04,,Central,28,Premium,5G,Month-to-Month,UPI,2128,2,3.7,99.0,3,0,0
C100297,2024-12-21,2025-11-19,West,42,Basic,5G,Month-to-Month,Auto-debit,462,0,3.7,23.5,0,2,1
C100298,2023-04-13,,West,40,Basic,5G,Month-to-Month,Auto-debit,837,5,2.5,78.7,3,2,0
C100299,2025-10-18,,East,41,Basic,Broadband,2 Year,UPI,613,2,4.4,46.2,2,0,0
C100300,2022-03-29,,West,32,Standard,Fiber,Month-to-Month,Auto-debit,1047,1,3.4,148.0,2,0,0
C100301,2024-09-07,,North,55,Standard,5G,Month-to-Month,Net Banking,1165,0,4.0,111.4,2,1,0
C100302,2025-09-17,,East,20,Standard,5G,2 Year,Credit Card,1274,0,3.3,38.6,4,1,0
C100303,2022-10-21,,East,31,Basic,5G,Month-to-Month,Auto-debit,611,0,4.7,48.5,1,0,0
C100304,2023-11-26,2025-09-30,West,25,Basic,Broadband,Month-to-Month,Net Banking,752,3,2.4,28.2,4,2,1
C100305,2024-05-13,,East,35,Standard,5G,1 Year,Credit Card,1202,2,3.2,138.6,2,0,0
C100306,2022-10-01,,South,53,Premium,5G,Month-to-Month,UPI,2149,5,3.4,123.1,3,0,0
C100307,2022-05-31,,East,35,Basic,Fiber,2 Year,UPI,919,3,2.4,31.8,4,0,0
C100308,2025-08-04,,South,39,Basic,5G,1 Year,Auto-debit,864,0,4.4,16.0,4,1,0
C100309,2024-05-04,,North,46,Basic,Fiber,Month-to-Month,UPI,616,1,2.1,79.2,2,1,0
C100310,2025-05-01,,East,34,Standard,Fiber,1 Year,UPI,1070,3,2.3,62.1,1,2,0
C100311,2022-06-19,,South,43,Basic,5G,2 Year,UPI,459,2,3.2,38.8,0,1,0
C100312,2025-09-21,,South,41,Basic,5G,Month-to-Month,Credit Card,637,2,5.0,56.3,1,0,0
C100313,2025-06-02,,South,24,Standard,Broadband,1 Year,UPI,1205,1,3.7,47.4,3,1,0
C100314,2023-12-19,,South,32,Basic,5G,Month-to-Month,Auto-debit,823,1,3.7,20.7,3,1,0
C100315,2023-11-06,,South,42,Basic,Broadband,Month-to-Month,Credit Card,446,1,4.4,48.7,0,0,0
C100316,2022-01-16,,South,53,Basic,Fiber,1 Year,Auto-debit,700,1,2.8,27.8,2,0,0
C100317,2025-10-14,2025-12-11,West,53,Premium,5G,Month-to-Month,Credit Card,2122,3,1.1,113.5,4,2,1
C100318,2025-03-19,,South,63,Standard,Broadband,Month-to-Month,Credit Card,1207,2,4.5,47.8,4,2,0
C100319,2025-06-14,,Central,44,Basic,5G,Month-to-Month,UPI,856,0,4.2,22.4,4,1,0
C100320,2024-11-14,,Central,33,Basic,Broadband,1 Year,UPI,847,3,2.7,19.5,4,0,0
C100321,2024-09-26,,East,37,Standard,5G,1 Year,Auto-debit,955,0,3.8,77.5,0,2,0
C100322,2025-05-10,,South,37,Premium,Fiber,Month-to-Month,Auto-debit,1934,3,4.0,204.0,3,0,0
C100323,2024-03-16,,East,33,Basic,5G,Month-to-Month,Credit Card,742,4,2.7,72.1,2,0,0
C100324,2022-06-25,,West,43,Basic,Fiber,2 Year,Auto-debit,637,2,3.4,44.8,2,0,0
C100325,2023-03-20,,East,43,Basic,Fiber,Month-to-Month,Auto-debit,727,0,5.0,90.2,3,1,0
C100326,2024-05-17,2025-11-08,West,24,Standard,Fiber,Month-to-Month,UPI,1308,2,2.4,,4,0,1
C100327,2023-03-24,,East,51,Premium,Fiber,Month-to-Month,Net Banking,1771,1,4.1,177.6,2,0,0
C100328,2024-08-10,,East,18,Standard,Fiber,1 Year,Auto-debit,1222,0,2.9,57.6,3,0,0
C100329,2024-11-10,,South,35,Basic,Broadband,Month-to-Month,Auto-debit,560,3,4.1,30.8,2,0,0
C100330,2025-06-25,,West,52,Standard,Fiber,2 Year,UPI,1182,1,3.8,110.5,3,0,0
C100331,2024-08-14,2025-01-15,North,45,Standard,Broadband,1 Year,UPI,1217,3,2.6,91.5,4,1,1
C100332,2025-01-15,2025-09-30,West,34,Basic,5G,Month-to-Month,Credit Card,919,5,1.5,60.6,4,2,1
C100333,2025-09-06,,West,62,Basic,Fiber,1 Year,UPI,546,0,3.6,21.0,1,0,0
C100334,2024-06-27,,North,33,Basic,Fiber,Month-to-Month,UPI,789,2,3.4,74.0,4,0,0
C100335,2025-04-05,,East,18,Standard,Broadband,Month-to-Month,Net Banking,1044,0,4.6,103.4,2,1,0
C100336,2025-06-12,,North,43,Standard,5G,1 Year,Credit Card,1179,1,2.8,60.3,2,1,0
C100337,2022-03-17,2025-08-02,West,18,Standard,Broadband,Month-to-Month,UPI,881,3,2.5,98.6,0,0,1
C100338,2025-06-30,,North,28,Premium,Fiber,2 Year,Credit Card,1802,1,3.4,204.0,2,0,0
C100339,2025-05-20,2025-07-05,Central,45,Basic,5G,1 Year,UPI,603,0,3.3,30.6,1,0,1
C100340,2025-03-02,2025-09-05,North,32,Basic,Broadband,Month-to-Month,UPI,382,1,3.2,30.7,0,3,1
C100341,2025-10-14,,Central,45,Basic,Broadband,2 Year,Auto-debit,805,1,2.9,38.3,4,1,0
C100342,2022-05-05,,West,24,Premium,Fiber,Month-to-Month,Auto-debit,1748,3,3.5,38.8,0,1,0
C100343,2024-01-13,,East,48,Standard,Broadband,Month-to-Month,UPI,1082,1,3.2,86.9,3,0,0
C100344,2025-06-02,2025-12-15,West,18,Basic,Fiber,Month-to-Month,Auto-debit,807,2,3.3,69.7,3,0,1
C100345,2023-11-10,,West,54,Basic,Broadband,2 Year,Auto-debit,700,3,3.3,58.8,3,1,0
C100346,2025-07-05,,Central,32,Standard,5G,Month-to-Month,Net Banking,1442,1,2.6,93.7,4,0,0
C100347,2023-06-29,,South,56,Standard,5G,Month-to-Month,Auto-debit,921,1,4.0,122.9,0,2,0
C100348,2023-11-04,,East,28,Standard,Fiber,Month-to-Month,UPI,997,2,3.4,70.1,0,0,0
C100349,2025-10-08,,North,61,Basic,Broadband,Month-to-Month,UPI,809,2,3.4,20.2,4,0,0
C100350,2023-01-28,,East,27,Premium,Fiber,Month-to-Month,Auto-debit,1598,1,3.7,125.8,0,0,0
C100351,2023-12-20,,North,18,Standard,5G,1 Year,Credit Card,1134,1,3.4,141.3,1,0,0
C100352,2022-09-26,,East,39,Standard,5G,2 Year,UPI,1302,2,3.3,88.3,3,1,0
C100353,2025-01-25,,East,53,Standard,5G,1 Year,UPI,1151,4,2.9,61.2,2,0,0
C100354,2024-11-08,2025-05-07,East,47,Premium,5G,Month-to-Month,UPI,1751,4,2.2,174.5,1,0,1
C100355,2025-09-08,,East,52,Premium,5G,Month-to-Month,UPI,1921,0,5.0,143.0,1,0,0
C100356,2023-09-18,,West,48,Standard,5G,Month-to-Month,UPI,1386,1,3.1,66.2,4,1,0
C100357,2023-10-04,,West,28,Standard,5G,Month-to-Month,Auto-debit,1172,3,3.1,78.2,2,1,0
C100358,2025-10-08,,East,47,Basic,5G,1 Year,UPI,873,0,4.6,37.7,4,0,0
C100359,2024-08-20,,East,39,Premium,5G,Month-to-Month,Auto-debit,2005,1,3.5,160.4,2,0,0
C100360,2025-11-03,,Central,29,Standard,Broadband,2 Year,UPI,1076,1,3.7,47.0,3,0,0
C100361,2022-12-14,2023-10-22,North,40,Basic,5G,Month-to-Month,UPI,624,0,2.3,52.2,1,1,1
C100362,2023-09-26,,North,37,Basic,Fiber,1 Year,Auto-debit,445,1,2.2,68.3,0,3,0
C100363,2023-09-10,,North,55,Premium,5G,2 Year,UPI,1897,0,4.0,132.8,2,0,0
C100364,2023-02-10,,East,32,Premium,Fiber,1 Year,UPI,1942,1,3.9,133.6,3,1,0
C100365,2024-10-03,,South,31,Premium,Fiber,2 Year,Auto-debit,1851,1,4.5,122.1,2,0,0
C100366,2025-04-10,,West,30,Standard,Broadband,2 Year,UPI,1168,1,4.1,96.3,4,1,0
C100367,2024-08-12,,West,61,Premium,5G,1 Year,UPI,2044,0,2.9,98.5,3,0,0
C100368,2024-03-06,,South,30,Premium,5G,Month-to-Month,Auto-debit,1951,1,4.6,110.5,2,0,0
C100369,2023-05-19,2025-10-14,Central,54,Basic,Broadband,Month-to-Month,Credit Card,615,4,2.0,28.2,2,0,1
C100370,2025-02-21,,West,26,Basic,Fiber,2 Year,Net Banking,637,0,4.4,38.6,1,2,0
C100371,2025-09-05,,South,44,Premium,Fiber,Month-to-Month,UPI,1992,2,3.2,43.3,4,0,0
C100372,2024-11-17,,South,41,Basic,Fiber,2 Year,UPI,446,2,5.0,44.9,0,0,0
C100373,2025-08-31,2025-09-22,South,53,Standard,Fiber,Month-to-Month,Credit Card,912,3,2.6,100.3,0,0,1
C100374,2023-06-04,,North,51,Standard,5G,1 Year,Net Banking,1258,1,3.5,71.3,3,0,0
C100375,2024-03-19,2025-09-26,North,39,Standard,Broadband,Month-to-Month,UPI,730,3,3.2,116.8,0,0,1
C100376,2024-03-05,,Central,32,Basic,5G,2 Year,Auto-debit,702,3,2.9,86.2,2,2,0
C100377,2024-09-04,,South,57,Standard,Fiber,Month-to-Month,Auto-debit,940,0,3.1,73.1,0,0,0
C100378,2024-08-11,,South,30,Basic,5G,Month-to-Month,Credit Card,796,1,5.0,26.9,3,1,0
C100379,2024-09-23,,West,18,Premium,Fiber,2 Year,Credit Card,1606,1,3.3,203.5,0,0,0
C100380,2025-10-01,2025-11-13,East,18,Basic,5G,Month-to-Month,Net Banking,562,2,2.8,69.0,1,4,1
C100381,2024-03-26,,Central,19,Standard,5G,Month-to-Month,Net Banking,1207,1,3.5,92.2,2,0,0
C100382,2024-09-19,,West,45,Premium,Fiber,2 Year,UPI,1715,2,3.6,90.7,1,0,0
C100383,2025-06-01,,East,65,Basic,Broadband,2 Year,Auto-debit,517,0,3.3,53.4,1,0,0
C100384,2024-12-29,,South,18,Basic,Broadband,Month-to-Month,Credit Card,412,2,4.0,37.8,0,1,0
C100385,2025-06-29,,Central,29,Standard,Fiber,1 Year,Auto-debit,935,2,3.4,51.1,0,0,0
C100386,2023-09-02,,West,39,Basic,5G,Month-to-Month,Auto-debit,552,0,3.8,52.9,0,0,0
C100387,2022-04-03,2025-12-06,Central,57,Basic,5G,Month-to-Month,UPI,621,2,3.7,27.2,1,0,1
C100388,2024-06-17,,North,29,Standard,Fiber,1 Year,UPI,938,4,2.2,107.5,0,2,0
C100389,2025-04-02,2025-10-08,West,45,Premium,Fiber,Month-to-Month,Credit Card,1737,3,2.8,135.7,2,0,1
C100390,2025-07-12,,East,35,Standard,5G,Month-to-Month,Credit Card,1437,1,3.5,69.7,4,1,0
C100391,2025-02-03,,North,69,Basic,Broadband,Month-to-Month,Auto-debit,684,1,,43.3,3,0,0
C100392,2024-08-17,,East,40,Premium,5G,2 Year,UPI,1851,0,3.8,69.0,1,0,0
C100393,2025-09-09,,West,42,Standard,5G,1 Year,Net Banking,1146,2,3.1,44.4,2,1,0
C100394,2025-04-14,,North,39,Standard,5G,Month-to-Month,Auto-debit,1379,2,1.8,175.3,3,1,0
C100395,2025-03-31,,South,33,Standard,5G,2 Year,Auto-debit,1296,1,3.1,68.3,4,2,0
C100396,2023-06-26,,West,49,Basic,Fiber,2 Year,UPI,716,1,2.4,21.7,2,2,0
C100397,2022-02-26,2025-01-30,South,24,Basic,Fiber,Month-to-Month,Auto-debit,476,5,1.6,70.0,0,0,1
C100398,2024-12-27,,South,18,Standard,Broadband,2 Year,UPI,1119,4,3.1,44.2,4,1,0
C100399,2022-07-23,2024-07-13,South,36,Basic,Broadband,Month-to-Month,Credit Card,678,3,5.0,59.0,2,0,1
C100400,2024-11-15,2025-09-09,South,48,Standard,Broadband,Month-to-Month,UPI,820,3,3.2,154.0,0,0,1
C100401,2025-11-12,,Central,31,Basic,Fiber,Month-to-Month,Net Banking,464,4,3.0,39.7,1,1,0
C100402,2023-12-03,2025-12-17,West,40,Basic,5G,Month-to-Month,UPI,680,2,2.8,78.9,2,0,1
C100403,2022-09-04,,North,23,Basic,5G,1 Year,UPI,916,2,2.6,63.8,4,0,0
C100404,2025-06-11,,Central,51,Standard,Fiber,1 Year,UPI,1383,1,5.0,161.8,4,0,0
C100405,2024-12-12,,West,46,Standard,Fiber,2 Year,Auto-debit,902,3,2.5,98.6,0,1,0
C100406,2024-10-13,2025-01-11,South,38,Basic,Broadband,Month-to-Month,Credit Card,590,1,2.2,33.9,3,0,1
C100407,2025-03-11,2025-08-25,West,40,Basic,5G,Month-to-Month,Net Banking,953,4,3.0,15.6,4,2,1
C100408,2024-03-02,,North,21,Basic,5G,Month-to-Month,Net Banking,816,2,3.0,29.8,3,0,0
C100409,2024-08-06,2025-02-14,Central,22,Premium,Fiber,Month-to-Month,UPI,1817,1,4.2,91.7,3,1,1
C100410,2024-04-04,,West,37,Basic,5G,2 Year,UPI,809,2,4.4,72.6,3,0,0
C100411,2025-07-29,,East,44,Standard,Fiber,1 Year,UPI,1135,1,3.8,135.2,2,0,0
C100412,2025-03-04,2025-12-16,North,45,Basic,Fiber,1 Year,Credit Card,743,4,3.0,25.6,3,1,1
C100413,2024-04-28,,Central,34,Basic,5G,1 Year,Auto-debit,664,2,3.8,81.5,2,0,0
C100414,2024-11-29,,North,47,Standard,Fiber,Month-to-Month,UPI,1290,1,5.0,50.1,4,1,0
C100415,2023-02-21,,South,55,Standard,Broadband,Month-to-Month,Net Banking,885,2,4.9,48.6,1,2,0
C100416,2023-08-12,,North,37,Basic,5G,Month-to-Month,Auto-debit,810,1,3.3,22.1,3,0,0
C100417,2025-01-27,,West,42,Premium,Fiber,2 Year,Auto-debit,1640,0,4.7,139.6,0,1,0
C100418,2024-01-15,,North,36,Basic,Fiber,Month-to-Month,UPI,571,4,4.1,33.0,2,0,0
C100419,2023-07-10,,Central,36,Basic,5G,Month-to-Month,Auto-debit,905,2,3.8,85.3,4,0,0
C100420,2025-10-19,,East,40,Basic,Fiber,1 Year,Net Banking,577,0,3.8,28.1,1,1,0
C100421,2025-10-27,,North,58,Standard,Fiber,Month-to-Month,Credit Card,1223,0,3.5,106.3,3,1,0
C100422,2025-07-07,2025-09-08,North,49,Premium,5G,Month-to-Month,Auto-debit,1931,3,3.3,64.3,2,1,1
C100423,2023-10-30,,North,48,Basic,Fiber,Month-to-Month,UPI,516,1,2.8,74.1,0,0,0
C100424,2024-06-04,,East,33,Premium,5G,Month-to-Month,Auto-debit,1803,3,3.9,125.0,0,0,0
C100425,2022-01-12,,West,27,Standard,5G,Month-to-Month,Net Banking,984,2,4.3,85.3,0,1,0
C100426,2022-08-12,,South,43,Premium,Fiber,2 Year,Auto-debit,1804,0,3.7,98.6,2,0,0
C100427,2022-07-21,2023-10-27,West,53,Premium,Broadband,1 Year,Auto-debit,1529,1,3.4,,1,0,1
C100428,2024-11-26,,North,59,Premium,5G,Month-to-Month,Net Banking,2196,2,2.8,151.2,4,1,0
C100429,2022-10-24,,West,18,Standard,5G,1 Year,UPI,1263,2,3.6,182.0,3,0,0
C100430,2025-06-22,,Central,67,Basic,Fiber,1 Year,UPI,417,3,3.0,26.2,0,1,0
C100431,2023-06-21,,West,43,Standard,5G,1 Year,Auto-debit,1208,2,2.3,62.2,2,1,0
C100432,2025-08-14,,West,49,Standard,Fiber,2 Year,Net Banking,1171,0,5.0,54.3,3,0,0
C100433,2025-01-13,,West,18,Standard,5G,2 Year,Auto-debit,1218,3,1.8,34.6,3,0,0
C100434,2025-08-28,,North,35,Standard,Fiber,Month-to-Month,UPI,886,2,2.3,34.4,0,0,0
C100435,2024-09-08,,North,48,Basic,Broadband,Month-to-Month,Credit Card,416,3,3.7,30.7,0,0,0
C100436,2023-06-03,,North,24,Premium,Fiber,Month-to-Month,Auto-debit,1869,3,3.7,96.7,2,0,0
C100437,2022-12-02,,East,18,Basic,Broadband,Month-to-Month,Auto-debit,767,3,2.5,89.8,4,1,0
C100438,2022-11-05,2025-05-05,West,42,Premium,Broadband,2 Year,UPI,1394,3,2.7,193.4,0,0,1
C100439,2022-06-28,,East,37,Basic,5G,1 Year,UPI,505,2,3.6,29.3,0,0,0
C100440,2023-06-18,,West,55,Basic,Fiber,Month-to-Month,Auto-debit,433,1,3.8,65.1,0,1,0
C100441,2025-05-21,,North,36,Premium,Fiber,2 Year,Auto-debit,1679,3,2.8,79.1,1,0,0
C100442,2024-03-26,,West,37,Premium,Broadband,1 Year,Credit Card,1808,2,4.2,112.9,4,0,0
C100443,2024-02-27,2025-02-12,North,46,Standard,5G,Month-to-Month,Credit Card,1347,1,4.0,86.7,4,2,1
C100444,2025-04-12,,South,50,Premium,5G,2 Year,UPI,1817,0,4.9,338.7,1,0,0
C100445,2025-04-06,2025-10-15,West,29,Basic,Fiber,Month-to-Month,Credit Card,748,5,2.5,50.6,3,2,1
C100446,2023-02-19,,Central,49,Premium,Broadband,Month-to-Month,UPI,1412,0,4.6,56.3,0,0,0
C100447,2024-12-30,,East,32,Basic,Fiber,Month-to-Month,UPI,596,2,3.1,64.2,2,0,0
C100448,2025-07-04,,North,38,Standard,Fiber,2 Year,Auto-debit,1211,1,3.9,130.1,3,0,0
C100449,2023-04-30,,East,46,Standard,Fiber,Month-to-Month,UPI,1263,0,4.1,114.9,4,0,0
C100450,2022-06-15,,North,48,Basic,5G,Month-to-Month,Auto-debit,867,2,3.9,26.9,4,0,0
C100451,2024-12-01,,Central,42,Standard,Broadband,1 Year,Credit Card,831,0,4.2,78.4,0,0,0
C100452,2025-10-17,,West,25,Standard,Broadband,2 Year,UPI,994,5,1.2,73.0,2,1,0
C100453,2023-02-27,,North,18,Basic,Fiber,Month-to-Month,UPI,526,1,3.1,107.1,0,0,0
C100454,2024-07-17,,North,36,Premium,Fiber,Month-to-Month,UPI,1606,0,4.1,160.5,0,1,0
C100455,2024-10-10,,North,50,Standard,Broadband,2 Year,Net Banking,838,2,,173.9,0,0,0
C100456,2024-05-22,,Central,43,Basic,5G,1 Year,Auto-debit,927,1,4.1,31.0,4,0,0
C100457,2023-02-28,2024-09-13,South,41,Standard,Fiber,Month-to-Month,Auto-debit,1017,2,3.7,66.1,1,0,1
C100458,2023-11-14,2025-09-15,West,38,Basic,Fiber,Month-to-Month,Auto-debit,703,3,2.6,33.8,3,0,1
C100459,2022-04-20,,East,42,Basic,5G,Month-to-Month,Auto-debit,792,0,4.4,72.1,3,0,0
C100460,2022-02-08,,East,26,Standard,Broadband,1 Year,Auto-debit,1174,2,2.7,130.3,4,0,0
C100461,2025-04-28,,North,47,Basic,5G,1 Year,Credit Card,674,2,4.2,53.8,2,0,0
C100462,2024-01-19,,Central,48,Basic,Fiber,1 Year,Net Banking,861,1,4.5,46.4,4,1,0
C100463,2025-05-27,2025-07-03,South,34,Standard,5G,Month-to-Month,Credit Card,1139,4,2.8,90.8,2,0,1
C100464,2025-02-04,,East,43,Basic,Fiber,2 Year,UPI,721,2,,22.2,3,1,0
C100465,2024-08-13,,West,18,Premium,Broadband,Month-to-Month,Net Banking,1656,1,3.3,96.0,3,0,0
C100466,2023-10-20,,East,40,Premium,Fiber,2 Year,Net Banking,1797,2,2.7,99.9,2,1,0
C100467,2024-07-30,,Central,36,Basic,Fiber,Month-to-Month,UPI,527,2,2.7,43.9,1,2,0
C100468,2022-04-05,,North,53,Standard,5G,Month-to-Month,Auto-debit,971,3,2.9,53.2,0,0,0
C100469,2024-05-06,,East,36,Basic,Fiber,Month-to-Month,UPI,464,0,3.4,28.9,0,0,0
C100470,2023-04-27,,South,48,Standard,Fiber,Month-to-Month,Net Banking,1099,1,2.4,33.1,2,1,0
C100471,2025-08-23,2025-12-14,East,33,Basic,5G,Month-to-Month,Auto-debit,598,2,3.0,54.9,1,1,1
C100472,2023-04-05,2024-02-22,North,18,Premium,Broadband,1 Year,UPI,1453,4,3.1,59.4,1,0,1
C100473,2023-08-15,,North,35,Basic,Broadband,2 Year,Auto-debit,663,3,2.8,72.9,3,0,0
C100474,2024-06-10,,South,40,Standard,Fiber,Month-to-Month,Auto-debit,1000,1,2.9,86.7,0,1,0
C100475,2023-09-25,,South,40,Basic,Fiber,Month-to-Month,Net Banking,629,1,1.9,68.9,2,0,0
C100476,2024-09-05,,South,40,Basic,5G,Month-to-Month,Auto-debit,612,1,4.4,28.3,2,1,0
C100477,2025-10-09,,East,32,Standard,5G,2 Year,Net Banking,1408,2,3.3,187.1,4,1,0
C100478,2022-07-18,,East,34,Standard,Fiber,Month-to-Month,Credit Card,891,0,4.0,223.6,0,0,0
C100479,2022-07-27,,South,24,Premium,Broadband,Month-to-Month,Net Banking,1805,0,4.1,119.7,4,1,0
C100480,2024-05-27,,South,18,Basic,Broadband,Month-to-Month,Credit Card,692,0,4.1,53.8,3,1,0
C100481,2024-03-26,,North,37,Basic,Fiber,Month-to-Month,UPI,778,1,3.7,43.9,3,0,0
C100482,2025-09-07,,East,29,Basic,Broadband,1 Year,UPI,692,3,3.1,73.2,3,0,0
C100483,2023-12-29,,South,51,Basic,5G,Month-to-Month,UPI,787,4,3.3,65.7,3,0,0
C100484,2025-08-19,,North,18,Premium,Fiber,Month-to-Month,Auto-debit,1853,0,4.7,48.5,2,0,0
C100485,2024-12-01,,South,41,Premium,5G,2 Year,Auto-debit,1858,3,4.2,78.0,2,1,0
C100486,2022-11-28,,East,63,Premium,Fiber,Month-to-Month,Auto-debit,1655,0,3.4,143.5,1,0,0
C100487,2025-11-16,,South,36,Basic,Fiber,1 Year,UPI,822,2,3.5,65.1,4,1,0
C100488,2025-05-24,2025-10-02,East,38,Standard,Broadband,Month-to-Month,Credit Card,830,4,1.7,79.4,1,2,1
C100489,2023-04-24,,East,43,Standard,5G,2 Year,Credit Card,1178,0,3.5,31.6,2,0,0
C100490,2024-05-29,,West,44,Basic,Fiber,1 Year,UPI,535,1,3.4,58.4,1,1,0
C100491,2022-04-16,2025-10-13,East,33,Standard,5G,Month-to-Month,Credit Card,1137,1,4.1,183.5,1,1,1
C100492,2025-01-17,,East,26,Basic,Broadband,2 Year,UPI,791,5,2.5,14.0,4,1,0
C100493,2025-08-26,,South,46,Basic,5G,Month-to-Month,Auto-debit,490,2,3.8,70.7,0,0,0
C100494,2023-02-08,,West,18,Premium,Broadband,Month-to-Month,UPI,1780,1,,294.7,4,0,0
C100495,2024-12-18,,East,48,Basic,Broadband,1 Year,Auto-debit,753,0,3.4,70.9,4,0,0
C100496,2023-10-14,,South,33,Premium,Fiber,1 Year,Auto-debit,1743,0,3.4,113.3,1,1,0
C100497,2022-03-14,2025-04-25,East,38,Basic,5G,Month-to-Month,Net Banking,646,0,4.3,69.2,1,1,1
C100498,2024-10-06,2025-02-10,South,32,Basic,5G,Month-to-Month,UPI,450,2,3.0,42.3,0,0,1
C100499,2025-06-28,,East,55,Basic,Broadband,Month-to-Month,UPI,761,0,2.1,58.0,3,1,0
C100500,2025-07-08,,West,41,Basic,Fiber,1 Year,Auto-debit,729,1,4.0,46.1,3,1,0
C100501,2023-01-24,,Central,34,Standard,Fiber,2 Year,UPI,1285,0,3.1,77.9,4,0,0
C100502,2022-09-14,,Central,34,Basic,Fiber,Month-to-Month,UPI,577,2,3.4,30.2,1,1,0
C100503,2023-05-21,,East,36,Standard,5G,2 Year,Auto-debit,1120,0,3.0,58.5,1,0,0
C100504,2025-02-03,2025-08-14,East,67,Premium,Broadband,Month-to-Month,Auto-debit,1693,2,3.5,265.7,3,0,1
C100505,2024-08-05,,West,22,Basic,Broadband,1 Year,Net Banking,484,5,,32.4,1,2,0
C100506,2025-01-26,,South,51,Basic,5G,2 Year,UPI,645,0,3.8,16.6,1,1,0
C100507,2025-11-15,,West,45,Standard,Fiber,1 Year,Credit Card,894,0,3.2,427.4,0,1,0
C100508,2025-01-16,2025-10-26,East,56,Premium,Fiber,Month-to-Month,Auto-debit,2002,0,3.1,94.8,4,0,1
C100509,2024-09-21,,North,46,Standard,Broadband,Month-to-Month,UPI,1065,1,4.1,64.4,2,2,0
C100510,2025-12-04,,North,38,Basic,5G,Month-to-Month,UPI,742,3,3.0,36.2,3,0,0
C100511,2024-07-30,,West,50,Standard,Broadband,1 Year,UPI,1078,3,2.9,74.3,3,1,0
C100512,2024-04-28,,North,41,Standard,Fiber,2 Year,Net Banking,1158,2,2.8,50.4,2,2,0
C100513,2025-10-15,,South,47,Basic,5G,Month-to-Month,UPI,619,1,4.2,93.1,1,0,0
C100514,2024-08-28,2024-11-25,South,55,Basic,Broadband,Month-to-Month,Auto-debit,534,7,1.7,40.0,1,0,1
C100515,2024-06-15,,North,39,Premium,Fiber,Month-to-Month,UPI,1754,1,4.8,69.9,2,2,0
C100516,2024-06-16,,South,33,Basic,Fiber,1 Year,UPI,472,2,4.2,10.5,0,3,0
C100517,2024-10-24,,West,30,Basic,5G,1 Year,Auto-debit,685,4,3.8,76.4,2,1,0
C100518,2024-03-15,2024-09-11,North,43,Basic,5G,Month-to-Month,Auto-debit,590,1,,35.5,0,0,1
C100519,2025-06-21,,West,27,Standard,Broadband,1 Year,Net Banking,930,2,2.9,88.9,1,1,0
C100520,2023-09-01,,West,34,Standard,Broadband,Month-to-Month,Auto-debit,1095,2,3.3,46.3,3,0,0
C100521,2023-11-16,,South,26,Basic,5G,1 Year,UPI,510,2,3.2,46.3,0,0,0
C100522,2025-07-18,,North,44,Standard,Fiber,Month-to-Month,Credit Card,921,1,4.1,72.7,0,0,0
C100523,2022-06-17,2023-05-29,East,29,Standard,5G,Month-to-Month,UPI,1126,0,3.8,116.8,1,0,1
C100524,2022-09-04,,North,23,Basic,Broadband,1 Year,Credit Card,662,1,3.4,48.0,3,1,0
C100525,2022-06-19,,South,25,Premium,5G,1 Year,Auto-debit,2199,0,5.0,67.3,4,0,0
C100526,2023-03-07,2023-11-16,Central,31,Basic,Broadband,Month-to-Month,Auto-debit,346,4,2.6,147.0,0,2,1
C100527,2025-12-18,,Central,32,Basic,5G,1 Year,UPI,606,4,2.4,55.0,1,2,0
C100528,2024-08-04,2025-02-21,West,41,Premium,Fiber,Month-to-Month,UPI,1576,2,3.2,73.5,0,0,1
C100529,2022-07-21,,South,36,Premium,5G,Month-to-Month,Auto-debit,1750,0,,129.6,0,1,0
C100530,2022-04-24,,West,42,Basic,5G,2 Year,Credit Card,934,2,3.4,53.8,4,0,0
C100531,2022-12-11,2024-05-08,West,43,Premium,Fiber,2 Year,UPI,1738,4,3.3,150.2,2,1,1
C100532,2025-10-20,,South,47,Standard,Fiber,Month-to-Month,UPI,1209,2,3.5,88.4,3,0,0
C100533,2025-06-12,2025-10-28,East,18,Basic,5G,2 Year,UPI,738,5,1.0,50.0,3,0,1
C100534,2024-03-10,,North,24,Premium,Fiber,1 Year,Credit Card,1796,2,2.8,186.6,2,0,0
C100535,2025-04-05,,North,45,Standard,Fiber,Month-to-Month,Credit Card,1158,1,3.4,106.1,3,0,0
C100536,2024-02-12,2025-10-26,East,41,Basic,5G,Month-to-Month,Credit Card,604,2,3.5,64.2,1,1,1
C100537,2025-04-11,,North,50,Standard,Broadband,Month-to-Month,Credit Card,980,0,3.1,30.3,2,0,0
C100538,2025-07-13,,North,19,Basic,5G,1 Year,Credit Card,628,1,2.8,18.6,1,1,0
C100539,2024-08-05,,West,32,Basic,Broadband,2 Year,UPI,646,2,3.1,29.7,2,1,0
C100540,2022-08-24,,Central,34,Premium,Broadband,Month-to-Month,UPI,1498,3,4.2,104.1,1,1,0
C100541,2023-03-29,2024-06-14,East,40,Standard,5G,Month-to-Month,UPI,1331,2,1.8,50.4,3,0,1
C100542,2025-12-11,,West,38,Standard,Fiber,Month-to-Month,Auto-debit,1370,2,1.4,44.3,4,0,0
C100543,2024-01-03,,Central,44,Standard,Broadband,Month-to-Month,Auto-debit,1158,5,3.8,83.0,4,1,0
C100544,2023-08-07,,North,37,Standard,Fiber,2 Year,UPI,1372,1,2.5,47.6,4,0,0
C100545,2025-02-20,2025-06-24,South,54,Basic,Broadband,Month-to-Month,Credit Card,695,4,2.5,13.3,3,0,1
C100546,2025-10-19,,South,58,Premium,5G,1 Year,Net Banking,2007,1,2.7,59.8,3,1,0
C100547,2023-03-24,,North,25,Standard,Fiber,Month-to-Month,Credit Card,1228,0,3.6,,3,1,0
C100548,2023-02-27,,West,39,Standard,5G,1 Year,Net Banking,1392,1,3.5,64.8,4,0,0
C100549,2024-10-17,,South,48,Standard,5G,1 Year,Auto-debit,942,0,4.9,115.5,0,0,0
C100550,2023-06-08,,East,45,Basic,Broadband,1 Year,UPI,355,3,3.6,55.0,0,0,0
C100551,2022-04-30,2023-05-12,North,33,Basic,Fiber,Month-to-Month,Credit Card,722,4,1.9,16.2,2,0,1
C100552,2023-09-03,2024-03-02,North,41,Basic,Broadband,1 Year,Credit Card,707,2,2.0,91.4,3,0,1
C100553,2025-01-16,,Central,19,Basic,Fiber,1 Year,Credit Card,914,0,4.1,40.0,4,1,0
C100554,2023-08-30,2025-01-18,North,38,Standard,Broadband,1 Year,UPI,782,4,2.4,76.3,0,1,1
C100555,2023-01-11,2024-02-05,South,20,Premium,Broadband,1 Year,Net Banking,1367,2,3.0,125.3,0,1,1
C100556,2022-11-21,,South,44,Basic,Fiber,2 Year,UPI,788,1,4.4,28.9,4,3,0
C100557,2023-10-19,2025-02-08,East,25,Basic,Fiber,Month-to-Month,Net Banking,597,2,2.1,58.6,1,1,1
C100558,2023-07-09,2023-12-29,East,40,Standard,Broadband,Month-to-Month,Net Banking,815,1,3.3,27.8,0,3,1
C100559,2025-08-01,,East,42,Basic,Broadband,2 Year,UPI,680,0,4.2,86.4,3,0,0
C100560,2024-09-28,,North,39,Premium,Fiber,Month-to-Month,Auto-debit,1973,2,2.7,129.5,4,0,0
C100561,2025-10-20,,South,30,Basic,5G,2 Year,Auto-debit,940,2,4.2,53.0,4,0,0
C100562,2025-10-30,,West,35,Basic,Broadband,1 Year,Credit Card,788,4,2.1,57.5,4,1,0
C100563,2025-05-03,,East,52,Basic,Fiber,2 Year,Auto-debit,452,3,3.0,35.5,0,0,0
C100564,2022-12-25,,East,33,Premium,5G,1 Year,Auto-debit,1725,3,2.8,222.6,0,0,0
C100565,2024-09-18,,West,38,Basic,5G,2 Year,UPI,878,0,1.9,30.8,4,0,0
C100566,2025-08-05,,West,31,Standard,Fiber,1 Year,Credit Card,1238,5,2.3,44.7,3,1,0
C100567,2023-01-12,,North,50,Basic,Broadband,Month-to-Month,Credit Card,441,4,3.4,47.6,1,1,0
C100568,2025-01-18,,South,39,Basic,Fiber,Month-to-Month,Net Banking,561,2,2.6,22.2,1,1,0
C100569,2025-01-28,2025-05-07,East,29,Premium,Broadband,Month-to-Month,Auto-debit,1833,1,3.3,88.8,4,1,1
C100570,2023-09-28,2025-03-16,South,38,Basic,5G,Month-to-Month,Credit Card,891,0,3.4,50.4,4,0,1
C100571,2025-02-21,,West,35,Basic,5G,2 Year,UPI,937,0,4.2,63.9,4,0,0
C100572,2024-04-28,,East,55,Standard,5G,Month-to-Month,Credit Card,1250,1,3.3,72.3,2,1,0
C100573,2023-08-18,,West,37,Premium,5G,1 Year,Auto-debit,2082,2,3.5,75.0,3,0,0
C100574,2025-02-16,2025-11-21,West,21,Basic,Broadband,Month-to-Month,UPI,378,3,3.1,37.4,0,0,1
C100575,2025-03-15,,East,44,Basic,5G,Month-to-Month,UPI,893,3,2.7,31.7,4,1,0
C100576,2024-06-24,2024-10-24,Central,59,Premium,Broadband,2 Year,UPI,1512,4,4.2,112.3,1,2,1
C100577,2022-11-22,,East,52,Standard,5G,Month-to-Month,Net Banking,1376,1,2.8,54.0,4,0,0
C100578,2022-07-17,,West,25,Premium,Fiber,1 Year,UPI,1589,5,3.2,72.3,0,0,0
C100579,2023-03-28,,South,35,Standard,Fiber,Month-to-Month,UPI,1292,3,3.9,42.5,4,0,0
C100580,2024-01-14,,East,38,Standard,Broadband,Month-to-Month,UPI,1099,1,3.5,29.4,2,0,0
C100581,2025-09-09,2025-12-06,East,38,Basic,5G,Month-to-Month,Credit Card,686,0,,75.9,2,0,1
C100582,2024-03-01,,North,43,Basic,5G,1 Year,UPI,838,1,3.9,63.2,3,0,0
C100583,2025-10-13,2025-12-17,South,34,Standard,5G,Month-to-Month,UPI,1162,2,3.0,39.9,2,2,1
C100584,2022-09-26,,Central,27,Standard,5G,2 Year,Net Banking,1463,1,2.2,102.0,4,1,0
C100585,2023-05-04,,East,49,Premium,5G,1 Year,UPI,1734,1,3.6,120.4,0,0,0
C100586,2023-05-30,,North,25,Standard,5G,Month-to-Month,UPI,1298,1,4.7,38.6,3,0,0
C100587,2024-05-02,,South,28,Basic,Broadband,Month-to-Month,Credit Card,425,2,3.7,26.2,1,3,0
C100588,2023-08-14,,North,24,Standard,Fiber,Month-to-Month,UPI,964,1,3.6,68.4,0,1,0
C100589,2025-05-01,,North,45,Standard,5G,1 Year,UPI,1349,2,3.8,106.8,3,0,0
C100590,2022-11-23,2025-01-13,Central,39,Standard,Fiber,Month-to-Month,Credit Card,1168,3,2.9,99.2,3,0,1
C100591,2022-05-18,,South,49,Premium,Broadband,Month-to-Month,UPI,1446,1,3.8,90.1,0,0,0
C100592,2025-12-06,,South,29,Standard,5G,Month-to-Month,Credit Card,1242,2,3.0,92.7,3,0,0
C100593,2024-01-22,,East,23,Basic,5G,Month-to-Month,Auto-debit,920,0,4.1,40.8,4,0,0
C100594,2025-05-31,,North,33,Standard,Broadband,1 Year,Credit Card,1084,4,2.4,51.0,3,1,0
C100595,2023-04-11,2024-09-16,South,36,Standard,5G,Month-to-Month,Credit Card,1151,2,3.1,119.1,1,1,1
C100596,2022-07-04,,West,41,Premium,Fiber,Month-to-Month,Auto-debit,1619,1,4.4,127.5,0,0,0
C100597,2023-09-20,,East,18,Standard,5G,Month-to-Month,Credit Card,1036,3,2.9,95.1,0,0,0
C100598,2024-01-16,,Central,44,Standard,Fiber,1 Year,Auto-debit,1265,1,3.9,42.6,3,0,0
C100599,2023-04-14,,East,27,Standard,Broadband,1 Year,Credit Card,886,0,4.3,56.8,1,0,0
C100600,2025-02-23,,East,30,Standard,5G,Month-to-Month,Net Banking,1097,3,3.0,111.1,1,0,0
C100601,2025-03-19,2025-11-12,West,52,Basic,Broadband,Month-to-Month,Auto-debit,355,3,2.8,38.4,0,1,1
C100602,2025-10-12,,Central,18,Premium,Broadband,1 Year,UPI,1585,2,2.6,105.5,2,1,0
C100603,2023-07-25,2024-10-04,West,42,Premium,Broadband,Month-to-Month,Auto-debit,1476,3,2.5,69.4,0,0,1
C100604,2024-08-08,,Central,42,Standard,5G,1 Year,Credit Card,1227,2,3.7,81.3,2,2,0
C100605,2024-07-24,,West,28,Standard,Fiber,Month-to-Month,Net Banking,1075,1,4.0,43.0,2,0,0
C100606,2025-11-13,,West,33,Basic,Fiber,Month-to-Month,Credit Card,920,1,2.9,53.1,4,0,0
C100607,2024-12-26,,North,53,Standard,Broadband,Month-to-Month,UPI,914,1,3.8,44.9,1,1,0
C100608,2025-08-26,2025-10-26,West,62,Standard,Broadband,Month-to-Month,UPI,931,4,3.0,66.4,1,1,1
C100609,2023-01-08,,South,51,Standard,Broadband,1 Year,Auto-debit,1215,2,4.0,162.0,4,0,0
C100610,2025-04-10,,East,61,Basic,Fiber,Month-to-Month,Net Banking,872,1,5.0,53.1,4,0,0
C100611,2024-07-04,,East,30,Standard,Fiber,Month-to-Month,Auto-debit,1037,1,4.0,62.0,2,2,0
C100612,2024-03-16,,Central,19,Basic,Broadband,Month-to-Month,UPI,542,2,2.8,67.9,1,0,0
C100613,2025-12-14,,Central,37,Standard,Fiber,Month-to-Month,UPI,1126,0,4.3,51.3,3,1,0
C100614,2023-02-05,,South,48,Standard,5G,1 Year,UPI,1336,1,2.8,45.0,3,2,0
C100615,2025-10-18,,West,18,Basic,Fiber,1 Year,UPI,760,4,4.4,36.8,3,1,0
C100616,2025-12-15,,West,27,Standard,Fiber,2 Year,Credit Card,1249,4,1.9,127.7,3,0,0
C100617,2023-12-31,,South,28,Premium,5G,Month-to-Month,Auto-debit,1755,0,4.3,198.6,0,1,0
C100618,2024-09-04,,North,42,Standard,Broadband,Month-to-Month,Auto-debit,940,1,3.6,57.5,1,0,0
C100619,2024-05-23,,North,41,Basic,Broadband,Month-to-Month,Credit Card,400,2,3.0,38.4,0,1,0
C100620,2025-06-23,,West,29,Standard,5G,2 Year,UPI,1109,1,3.2,90.9,1,1,0
C100621,2023-08-12,,East,40,Basic,5G,Month-to-Month,Net Banking,911,2,4.3,148.9,4,0,0
C100622,2025-11-02,2025-12-01,Central,24,Standard,Broadband,Month-to-Month,Net Banking,973,5,2.9,65.4,1,0,1
C100623,2022-11-04,,East,33,Standard,5G,1 Year,Net Banking,1320,2,3.2,147.1,3,0,0
C100624,2023-10-09,,Central,23,Basic,5G,Month-to-Month,Credit Card,644,2,4.5,50.1,2,0,0
C100625,2025-08-23,,South,36,Standard,5G,Month-to-Month,UPI,976,1,3.5,112.9,0,0,0
C100626,2024-06-17,,West,28,Standard,Fiber,Month-to-Month,UPI,1042,1,4.1,122.3,1,2,0
C100627,2025-05-11,,North,46,Standard,Fiber,1 Year,Auto-debit,1266,0,2.9,80.5,3,0,0
C100628,2024-08-03,,East,38,Basic,Broadband,1 Year,Net Banking,667,2,2.4,43.6,3,1,0
C100629,2024-02-10,,West,35,Basic,5G,Month-to-Month,Auto-debit,687,0,4.3,39.9,1,1,0
C100630,2024-08-31,,Central,59,Standard,Fiber,1 Year,UPI,1322,1,3.8,87.8,4,1,0
C100631,2025-04-29,,West,43,Basic,Fiber,Month-to-Month,Credit Card,476,0,,80.1,0,0,0
C100632,2023-03-24,,North,34,Standard,Broadband,Month-to-Month,UPI,947,4,2.3,142.8,2,1,0
C100633,2023-05-10,,South,31,Basic,5G,2 Year,Auto-debit,642,0,4.3,81.0,1,1,0
C100634,2025-05-30,,North,24,Basic,5G,1 Year,UPI,877,2,3.1,35.0,4,0,0
C100635,2023-10-15,,North,37,Standard,Fiber,2 Year,Net Banking,1186,2,3.9,55.5,3,0,0
C100636,2025-11-23,,West,42,Basic,Broadband,1 Year,UPI,386,5,3.1,29.2,0,0,0
C100637,2024-09-16,2025-10-19,West,18,Standard,Broadband,Month-to-Month,UPI,953,0,3.8,79.6,1,0,1
C100638,2024-03-16,,West,22,Basic,5G,Month-to-Month,UPI,814,1,3.0,70.5,3,1,0
C100639,2024-08-24,,West,32,Standard,Fiber,Month-to-Month,Credit Card,1081,0,3.6,55.6,2,0,0
C100640,2025-07-08,,West,25,Basic,5G,Month-to-Month,Auto-debit,676,0,3.0,40.4,2,1,0
C100641,2022-09-04,2024-04-09,West,39,Premium,Broadband,Month-to-Month,Auto-debit,1455,4,3.3,162.9,0,0,1
C100642,2024-12-19,2025-05-02,North,40,Premium,Broadband,Month-to-Month,Net Banking,1588,1,1.8,100.4,2,2,1
C100643,2022-10-20,,South,37,Basic,Broadband,Month-to-Month,Credit Card,421,1,3.1,40.2,0,1,0
C100644,2024-06-10,,East,45,Standard,5G,2 Year,Auto-debit,1130,2,3.9,128.7,1,1,0
C100645,2023-07-21,,West,31,Basic,Fiber,Month-to-Month,UPI,421,4,3.4,44.7,1,0,0
C100646,2024-02-22,2025-11-29,North,37,Standard,5G,Month-to-Month,Auto-debit,1346,4,1.7,51.4,3,1,1
C100647,2024-06-20,,East,26,Basic,Broadband,1 Year,Auto-debit,563,3,3.5,46.4,2,0,0
C100648,2025-07-27,,West,41,Standard,Fiber,1 Year,Credit Card,1102,3,2.3,91.5,2,0,0
C100649,2024-01-04,,North,39,Basic,Fiber,Month-to-Month,UPI,916,2,3.0,154.7,4,1,0
C100650,2023-08-23,,South,24,Premium,5G,1 Year,UPI,1906,1,4.3,252.0,1,1,0
C100651,2022-09-28,,Central,36,Standard,5G,1 Year,UPI,1315,0,3.1,363.6,3,0,0
C100652,2022-08-12,,West,38,Standard,Broadband,2 Year,Auto-debit,1224,4,3.8,43.3,4,1,0
C100653,2023-02-10,2024-09-24,South,41,Basic,Fiber,Month-to-Month,Net Banking,498,2,3.5,88.7,0,5,1
C100654,2023-03-10,,West,42,Basic,Fiber,Month-to-Month,Credit Card,813,0,4.1,96.1,3,1,0
C100655,2024-03-15,,South,29,Basic,Fiber,1 Year,Credit Card,521,3,3.8,44.9,0,1,0
C100656,2023-05-08,2024-11-21,West,47,Premium,5G,Month-to-Month,Auto-debit,2050,2,4.1,96.9,3,0,1
C100657,2024-12-15,,South,44,Premium,Broadband,1 Year,UPI,1469,2,4.1,170.5,1,0,0
C100658,2025-03-15,,East,29,Basic,5G,1 Year,UPI,588,2,2.8,37.6,1,0,0
C100659,2024-12-16,2025-04-15,South,24,Standard,5G,1 Year,Net Banking,1400,3,2.3,41.6,4,2,1
C100660,2022-08-21,,South,30,Standard,Fiber,2 Year,UPI,917,3,2.9,36.3,0,0,0
C100661,2024-12-14,,Central,20,Basic,5G,1 Year,UPI,656,0,4.1,20.9,2,0,0
C100662,2023-12-22,,North,40,Standard,Broadband,2 Year,Credit Card,1113,7,1.2,82.8,3,0,0
C100663,2022-11-16,2025-11-17,North,52,Basic,Broadband,1 Year,UPI,732,0,4.2,61.9,4,1,1
C100664,2024-06-07,,South,55,Basic,Fiber,Month-to-Month,Auto-debit,561,2,3.6,27.2,1,0,0
C100665,2024-04-29,2025-07-07,West,25,Standard,5G,1 Year,Auto-debit,1104,3,2.9,93.9,1,2,1
C100666,2025-07-31,,West,47,Basic,Fiber,1 Year,Auto-debit,661,1,3.6,56.1,2,0,0
C100667,2025-04-20,,Central,39,Premium,Fiber,2 Year,Auto-debit,1841,0,4.0,140.2,2,1,0
C100668,2022-09-22,2023-10-02,South,18,Standard,Fiber,Month-to-Month,UPI,948,3,3.4,103.5,0,0,1
C100669,2024-06-11,,South,34,Premium,Fiber,Month-to-Month,UPI,1896,3,3.8,131.3,2,0,0
C100670,2025-08-31,,North,33,Standard,Fiber,2 Year,Net Banking,898,1,5.0,143.5,0,3,0
C100671,2025-08-07,,East,53,Premium,Broadband,Month-to-Month,UPI,1707,0,4.1,161.1,3,0,0
C100672,2025-03-19,,Central,28,Basic,Fiber,1 Year,Auto-debit,764,1,3.1,23.6,3,0,0
C100673,2023-07-15,,West,45,Standard,Broadband,Month-to-Month,UPI,1004,1,2.2,184.9,2,1,0
C100674,2025-12-12,,East,37,Standard,Broadband,Month-to-Month,Credit Card,847,1,2.6,,1,0,0
C100675,2023-03-31,,South,21,Premium,5G,Month-to-Month,Net Banking,1800,3,2.7,117.0,1,1,0
C100676,2023-08-24,,Central,31,Basic,5G,2 Year,Auto-debit,796,2,3.8,158.4,3,0,0
C100677,2024-05-15,2024-12-25,East,56,Standard,Broadband,Month-to-Month,Net Banking,934,1,3.3,94.1,2,1,1
C100678,2023-02-02,,North,36,Standard,Fiber,1 Year,Credit Card,1301,1,3.8,48.8,4,0,0
C100679,2025-01-01,,South,49,Basic,5G,1 Year,UPI,869,0,3.3,52.3,4,0,0
C100680,2025-09-06,,North,48,Premium,5G,1 Year,Credit Card,1935,2,3.8,153.1,2,0,0
C100681,2024-02-22,,North,33,Basic,Broadband,Month-to-Month,Net Banking,543,1,4.2,48.9,1,3,0
C100682,2025-05-18,2025-06-26,North,23,Basic,Broadband,Month-to-Month,Credit Card,752,4,2.5,34.3,4,0,1
C100683,2023-05-15,,South,24,Standard,Broadband,2 Year,Auto-debit,1131,3,3.4,38.9,3,1,0
C100684,2025-12-05,2025-12-18,East,55,Standard,5G,Month-to-Month,UPI,976,2,3.0,41.2,0,0,1
C100685,2023-01-28,2025-03-09,South,40,Basic,5G,Month-to-Month,UPI,877,0,2.9,29.9,4,0,1
C100686,2023-12-09,2025-11-28,South,18,Basic,Broadband,2 Year,Auto-debit,517,4,3.2,84.5,1,2,1
C100687,2025-10-05,,Central,48,Basic,Broadband,Month-to-Month,UPI,586,3,3.3,24.0,2,0,0
C100688,2024-01-03,2024-08-05,West,18,Standard,5G,Month-to-Month,Net Banking,963,3,3.5,79.7,0,1,1
C100689,2025-01-11,,East,28,Premium,Broadband,2 Year,Credit Card,1582,0,4.7,237.3,2,0,0
C100690,2022-11-14,,South,39,Standard,Broadband,Month-to-Month,Auto-debit,1025,3,2.9,102.0,3,0,0
C100691,2023-09-02,,Central,68,Basic,5G,Month-to-Month,UPI,514,1,3.4,90.0,0,0,0
C100692,2024-07-31,2025-12-13,South,48,Standard,Fiber,Month-to-Month,UPI,894,2,3.1,55.0,1,0,1
C100693,2024-04-03,,South,32,Premium,Fiber,1 Year,Auto-debit,1941,3,3.5,161.4,3,1,0
C100694,2025-04-15,,Central,38,Standard,Broadband,2 Year,Net Banking,1220,5,2.5,131.0,4,1,0
C100695,2022-09-07,,East,49,Basic,Fiber,1 Year,Credit Card,919,1,3.6,70.8,4,1,0
C100696,2023-03-26,,West,55,Basic,5G,2 Year,UPI,883,3,2.5,69.0,3,0,0
C100697,2025-07-01,2025-12-24,East,35,Premium,5G,Month-to-Month,Credit Card,2182,1,3.0,64.9,4,0,1
C100698,2025-05-09,,East,35,Premium,Broadband,1 Year,Auto-debit,1374,0,3.4,164.6,0,0,0
C100699,2023-10-09,2024-07-12,South,28,Basic,Broadband,Month-to-Month,Net Banking,585,3,3.3,56.4,1,1,1
C100700,2022-05-06,,South,46,Premium,Broadband,2 Year,Auto-debit,1549,2,3.5,109.4,2,1,0
C100701,2024-06-11,2024-10-30,South,50,Basic,5G,2 Year,Auto-debit,819,6,2.0,32.7,4,0,1
C100702,2022-08-28,,North,18,Basic,Fiber,Month-to-Month,Credit Card,830,1,4.0,55.4,3,1,0
C100703,2023-07-04,2025-10-22,West,33,Standard,5G,2 Year,Net Banking,1122,3,4.1,45.0,1,0,1
C100704,2022-10-24,,South,23,Standard,Fiber,1 Year,Net Banking,844,1,3.2,59.4,0,3,0
C100705,2023-03-26,,East,40,Standard,5G,Month-to-Month,Auto-debit,1242,3,2.3,118.0,3,0,0
C100706,2023-10-15,,West,23,Premium,Broadband,1 Year,Net Banking,1520,1,4.4,198.5,1,1,0
C100707,2025-07-19,,West,22,Premium,5G,2 Year,UPI,1813,1,3.8,150.1,1,0,0
C100708,2024-08-14,,South,51,Basic,5G,Month-to-Month,Auto-debit,569,2,3.2,35.1,1,1,0
C100709,2023-10-28,,East,36,Standard,5G,Month-to-Month,Net Banking,1176,1,4.3,42.3,1,1,0
C100710,2023-08-24,,Central,37,Standard,Broadband,2 Year,Auto-debit,984,3,2.9,49.9,1,1,0
C100711,2024-09-13,2025-05-09,West,43,Standard,5G,Month-to-Month,Credit Card,1302,4,3.1,140.2,3,0,1
C100712,2022-12-11,,West,50,Premium,5G,Month-to-Month,Credit Card,1743,5,2.9,130.0,0,0,0
C100713,2025-12-04,,Central,33,Standard,Fiber,1 Year,Net Banking,1153,3,5.0,70.0,2,1,0
C100714,2025-03-17,,West,33,Basic,5G,1 Year,Auto-debit,872,0,3.7,48.0,4,1,0
C100715,2025-04-04,,North,33,Basic,Fiber,Month-to-Month,UPI,766,2,4.0,62.3,4,0,0
C100716,2022-08-18,2024-02-25,East,51,Premium,5G,Month-to-Month,Credit Card,2034,3,3.1,70.6,4,1,1
C100717,2025-04-21,,North,37,Premium,Broadband,2 Year,Auto-debit,1495,3,3.6,92.5,1,1,0
C100718,2024-04-07,,East,35,Basic,Fiber,Month-to-Month,Auto-debit,494,1,3.4,61.1,0,1,0
C100719,2022-09-29,,Central,43,Basic,5G,1 Year,UPI,895,0,4.4,49.9,4,1,0
C100720,2022-09-14,,East,60,Standard,Fiber,2 Year,UPI,1149,0,3.7,128.1,2,0,0
C100721,2023-10-05,,South,39,Basic,Fiber,Month-to-Month,Credit Card,693,2,3.7,64.4,2,1,0
C100722,2024-06-19,,North,35,Basic,Fiber,2 Year,UPI,712,1,3.0,30.1,2,0,0
C100723,2025-07-16,,Central,61,Premium,Fiber,1 Year,UPI,1616,3,2.7,22.2,0,0,0
C100724,2025-02-11,,North,54,Premium,Broadband,2 Year,Credit Card,1707,1,2.4,130.6,3,0,0
C100725,2024-06-19,,North,52,Premium,Broadband,Month-to-Month,Net Banking,1497,1,4.0,69.9,1,1,0
C100726,2025-04-11,,South,32,Standard,5G,Month-to-Month,Credit Card,1087,1,3.1,95.0,1,1,0
C100727,2022-08-15,,North,31,Basic,5G,1 Year,UPI,733,2,4.8,97.9,3,0,0
C100728,2024-12-16,2025-12-28,South,18,Premium,Broadband,2 Year,Auto-debit,1743,5,2.4,70.5,3,2,1
C100729,2025-03-19,2025-12-06,East,50,Basic,Broadband,2 Year,Credit Card,780,3,3.9,61.1,4,1,1
C100730,2022-12-03,2025-11-25,South,39,Basic,5G,Month-to-Month,Auto-debit,778,2,4.1,68.3,3,0,1
C100731,2025-01-31,2025-04-16,North,18,Premium,Fiber,Month-to-Month,UPI,1587,2,3.3,140.2,0,1,1
C100732,2024-05-05,2025-03-01,North,52,Standard,5G,Month-to-Month,Auto-debit,1143,1,3.0,86.8,2,0,1
C100733,2022-06-05,2023-09-14,South,34,Premium,Broadband,1 Year,Auto-debit,1594,1,3.7,41.8,2,1,1
C100734,2024-04-01,,North,35,Basic,Fiber,2 Year,UPI,579,5,3.3,45.7,1,0,0
C100735,2025-01-04,,West,20,Premium,5G,1 Year,Net Banking,1919,1,5.0,117.4,2,0,0
C100736,2025-06-22,,North,44,Standard,Fiber,Month-to-Month,Net Banking,1158,2,2.4,124.6,2,1,0
C100737,2025-01-07,,South,44,Standard,Fiber,2 Year,Credit Card,1201,2,3.3,119.1,3,0,0
C100738,2025-04-14,,South,37,Premium,5G,Month-to-Month,Auto-debit,2083,2,3.1,91.4,4,0,0
C100739,2025-09-24,2025-12-20,South,33,Basic,Fiber,Month-to-Month,UPI,811,1,3.3,17.1,3,1,1
C100740,2025-03-27,,North,70,Standard,Broadband,1 Year,Credit Card,1203,3,4.2,33.2,4,2,0
C100741,2022-03-11,,North,24,Standard,Broadband,Month-to-Month,Auto-debit,1230,2,2.8,149.1,4,0,0
C100742,2024-04-03,,West,29,Premium,Fiber,1 Year,UPI,1941,3,2.1,113.4,3,0,0
C100743,2025-03-09,,North,46,Premium,Broadband,1 Year,UPI,1460,2,3.6,57.2,1,0,0
C100744,2024-12-26,,East,26,Standard,Broadband,Month-to-Month,UPI,976,4,3.1,38.0,2,1,0
C100745,2025-10-10,,East,25,Basic,5G,Month-to-Month,Auto-debit,540,2,3.0,49.6,0,0,0
C100746,2023-08-31,,South,52,Basic,5G,Month-to-Month,UPI,968,1,3.1,47.0,4,0,0
C100747,2023-04-17,,South,45,Premium,Broadband,1 Year,UPI,1402,1,3.9,269.9,0,1,0
C100748,2022-08-11,2024-06-18,West,44,Premium,5G,Month-to-Month,Net Banking,1823,4,2.1,113.3,1,0,1
C100749,2025-01-03,,West,40,Premium,Fiber,Month-to-Month,Auto-debit,2072,1,4.0,143.0,4,0,0
C100750,2022-06-23,2023-05-11,South,30,Basic,Fiber,Month-to-Month,Credit Card,434,1,3.3,43.3,0,1,1
C100751,2024-10-27,2025-04-27,South,35,Basic,Fiber,1 Year,Auto-debit,670,2,4.3,66.6,2,3,1
C100752,2023-04-01,,South,37,Standard,5G,Month-to-Month,UPI,1180,0,4.0,177.7,2,1,0
C100753,2025-02-11,,East,48,Standard,Fiber,Month-to-Month,Net Banking,1029,2,3.2,118.2,1,1,0
C100754,2025-10-06,2025-12-12,West,43,Basic,5G,Month-to-Month,Net Banking,560,3,2.9,118.5,1,3,1
C100755,2024-11-29,,South,27,Standard,5G,Month-to-Month,UPI,1281,2,1.9,96.6,3,0,0
C100756,2024-08-24,,South,47,Basic,Broadband,Month-to-Month,Auto-debit,671,1,3.5,20.0,3,1,0
C100757,2024-11-04,,Central,18,Standard,5G,Month-to-Month,Credit Card,1223,0,3.7,48.8,2,0,0
C100758,2023-02-07,,North,34,Basic,Broadband,1 Year,UPI,604,1,3.6,66.7,2,0,0
C100759,2025-02-03,,East,24,Basic,Broadband,Month-to-Month,UPI,533,1,3.4,39.2,1,0,0
C100760,2023-01-04,,West,28,Basic,Fiber,Month-to-Month,UPI,723,1,4.5,44.3,3,0,0
C100761,2022-08-12,,North,61,Premium,5G,2 Year,Auto-debit,1740,0,3.8,78.6,0,3,0
C100762,2024-01-15,,North,20,Standard,Fiber,Month-to-Month,UPI,944,3,2.5,151.7,0,0,0
C100763,2025-09-28,,North,28,Premium,Broadband,Month-to-Month,Auto-debit,1730,0,2.8,253.6,3,0,0
C100764,2025-01-19,,Central,44,Standard,5G,Month-to-Month,UPI,941,1,3.2,65.7,0,0,0
C100765,2024-06-23,2024-12-28,North,32,Standard,Fiber,Month-to-Month,Auto-debit,1229,1,2.8,66.0,3,0,1
C100766,2025-02-12,2025-09-07,North,40,Basic,Fiber,Month-to-Month,Auto-debit,426,3,2.1,83.7,0,1,1
C100767,2023-09-22,,North,55,Standard,5G,2 Year,UPI,1134,0,3.6,124.3,1,0,0
C100768,2025-08-08,,North,46,Basic,Broadband,Month-to-Month,UPI,869,1,4.3,19.6,4,1,0
C100769,2024-06-03,,East,32,Standard,Broadband,1 Year,Auto-debit,794,4,3.5,103.5,1,0,0
C100770,2022-07-28,,South,36,Premium,Fiber,2 Year,UPI,1979,0,3.1,151.1,4,1,0
C100771,2025-01-20,,East,44,Premium,Fiber,Month-to-Month,UPI,1718,1,3.8,129.5,1,1,0
C100772,2024-12-14,,East,46,Basic,5G,1 Year,Auto-debit,796,0,4.1,28.5,3,0,0
C100773,2023-03-26,2025-09-02,West,38,Standard,5G,Month-to-Month,Auto-debit,1333,1,4.0,48.0,3,0,1
C100774,2024-07-13,2025-09-30,North,42,Basic,Fiber,Month-to-Month,Auto-debit,759,0,4.9,9.4,3,0,1
C100775,2024-01-07,2025-12-16,West,42,Basic,Fiber,2 Year,Auto-debit,537,1,2.7,31.8,1,2,1
C100776,2024-04-18,2025-04-13,East,37,Standard,Broadband,Month-to-Month,Credit Card,1055,4,2.2,27.5,3,0,1
C100777,2024-01-03,,North,31,Standard,5G,2 Year,Auto-debit,1050,2,2.8,56.2,1,0,0
C100778,2025-02-23,,West,47,Standard,5G,1 Year,UPI,1365,1,3.8,90.1,4,0,0
C100779,2025-07-20,,West,42,Basic,5G,Month-to-Month,Auto-debit,575,3,1.1,24.7,1,0,0
C100780,2023-12-04,,South,18,Premium,5G,Month-to-Month,Net Banking,2160,2,3.3,229.5,4,1,0
C100781,2023-01-08,2023-07-26,Central,28,Premium,5G,1 Year,Credit Card,2138,1,2.5,313.6,4,0,1
C100782,2023-03-23,,South,32,Standard,Fiber,Month-to-Month,Auto-debit,1190,1,3.5,83.0,3,1,0
C100783,2024-11-19,,East,36,Premium,Fiber,Month-to-Month,Credit Card,1766,2,4.9,159.9,2,2,0
C100784,2024-01-14,,Central,52,Basic,Broadband,Month-to-Month,Net Banking,569,3,3.7,19.7,2,1,0
C100785,2023-04-23,2024-06-13,South,75,Standard,Broadband,Month-to-Month,Credit Card,875,4,1.9,80.8,1,0,1
C100786,2024-02-13,2025-12-25,West,18,Premium,5G,2 Year,UPI,1818,2,3.2,58.4,1,0,1
C100787,2022-04-30,,South,42,Premium,Fiber,Month-to-Month,UPI,1834,2,2.9,49.8,2,1,0
C100788,2023-08-28,2025-02-13,West,39,Premium,Fiber,Month-to-Month,Auto-debit,1862,5,3.7,62.6,2,0,1
C100789,2023-10-20,,East,36,Standard,Fiber,1 Year,UPI,1169,1,2.0,68.2,3,0,0
C100790,2024-03-27,,North,45,Premium,Broadband,1 Year,Net Banking,1840,3,2.9,115.5,4,2,0
C100791,2023-05-27,,South,40,Standard,Broadband,2 Year,Credit Card,1223,2,2.8,71.1,4,1,0
C100792,2025-07-01,,South,34,Basic,5G,2 Year,Auto-debit,803,2,2.5,24.7,3,0,0
C100793,2023-12-23,,North,38,Basic,Broadband,Month-to-Month,Auto-debit,856,1,4.7,46.6,4,0,0
C100794,2025-10-04,2025-10-21,North,45,Standard,Fiber,Month-to-Month,UPI,1308,1,2.5,52.1,4,0,1
C100795,2025-05-16,2025-12-02,South,44,Standard,5G,1 Year,UPI,1213,3,2.2,78.6,2,0,1
C100796,2023-11-12,,North,40,Standard,Fiber,Month-to-Month,Net Banking,1122,5,3.7,65.5,2,0,0
C100797,2022-11-05,,North,31,Premium,Fiber,1 Year,UPI,1809,3,3.2,47.9,2,1,0
C100798,2024-03-05,2025-05-26,West,72,Standard,Broadband,Month-to-Month,Credit Card,817,2,3.2,52.5,0,1,1
C100799,2022-08-22,,West,42,Basic,Broadband,2 Year,UPI,500,1,3.1,58.0,1,0,0
C100800,2025-03-31,2025-12-01,West,47,Standard,Fiber,1 Year,UPI,1036,1,3.5,112.1,1,2,1
C100801,2024-02-20,,South,32,Standard,Fiber,1 Year,Auto-debit,1189,2,3.0,39.8,3,0,0
C100802,2025-06-04,,Central,40,Standard,5G,Month-to-Month,Auto-debit,1072,0,3.3,50.3,1,1,0
C100803,2023-02-21,,East,40,Standard,Fiber,2 Year,Net Banking,1189,1,2.6,58.9,3,1,0
C100804,2022-04-24,,North,18,Standard,5G,1 Year,UPI,1083,1,3.6,132.4,1,0,0
C100805,2025-10-16,,North,29,Standard,5G,2 Year,Auto-debit,1138,0,3.4,93.2,1,1,0
C100806,2025-08-16,,West,29,Standard,Fiber,2 Year,Net Banking,900,1,3.2,38.9,0,0,0
C100807,2023-12-15,,North,31,Premium,Fiber,Month-to-Month,Auto-debit,1833,1,4.2,,2,1,0
C100808,2023-12-07,,East,25,Basic,Fiber,Month-to-Month,UPI,469,3,2.7,83.4,0,0,0
C100809,2025-07-25,2025-08-31,Central,39,Standard,Broadband,Month-to-Month,UPI,880,3,3.0,82.1,1,0,1
C100810,2025-10-10,,North,55,Standard,Fiber,1 Year,Net Banking,1169,1,4.7,50.0,2,0,0
C100811,2022-10-11,,North,40,Basic,5G,1 Year,Auto-debit,825,2,3.6,67.6,3,0,0
C100812,2024-06-10,2025-02-08,Central,24,Standard,Fiber,Month-to-Month,UPI,1117,1,3.2,80.8,2,0,1
C100813,2023-09-27,,East,26,Standard,5G,2 Year,UPI,1095,0,3.0,65.1,1,0,0
C100814,2025-03-27,,North,33,Standard,Fiber,Month-to-Month,Credit Card,1319,0,3.7,115.2,4,2,0
C100815,2025-05-14,,Central,21,Premium,Fiber,1 Year,Auto-debit,1647,1,4.3,117.7,1,1,0
C100816,2025-05-31,,Central,42,Basic,5G,Month-to-Month,Auto-debit,565,4,2.4,46.0,1,0,0
C100817,2024-10-29,,East,54,Basic,5G,Month-to-Month,Auto-debit,517,2,,68.0,0,1,0
C100818,2025-10-31,,East,31,Basic,Fiber,Month-to-Month,Net Banking,495,1,3.1,34.4,1,1,0
C100819,2025-08-20,,South,39,Standard,Fiber,1 Year,Auto-debit,988,3,2.8,41.3,1,1,0
C100820,2023-07-15,,North,33,Standard,Broadband,1 Year,Credit Card,882,4,1.9,86.7,1,2,0
C100821,2025-10-23,,East,30,Premium,Fiber,Month-to-Month,UPI,1725,0,4.1,256.8,0,0,0
C100822,2022-07-30,,South,40,Standard,Fiber,Month-to-Month,Net Banking,946,0,3.9,23.6,0,1,0
C100823,2024-07-24,,West,30,Basic,5G,1 Year,Net Banking,840,3,4.0,63.8,3,1,0
C100824,2022-09-28,,West,28,Basic,Fiber,Month-to-Month,Credit Card,625,2,3.3,45.0,2,0,0
C100825,2025-06-15,2025-09-14,North,19,Basic,5G,1 Year,UPI,810,3,2.5,33.9,3,1,1
C100826,2023-08-14,,East,39,Standard,5G,Month-to-Month,Auto-debit,1126,1,4.5,53.3,2,0,0
C100827,2025-11-01,,South,51,Basic,5G,2 Year,Auto-debit,684,0,4.0,69.5,2,1,0
C100828,2023-07-08,,West,46,Standard,5G,1 Year,UPI,1217,0,3.9,103.5,2,0,0
C100829,2023-03-11,2023-10-21,South,56,Premium,5G,Month-to-Month,Auto-debit,1791,2,3.4,70.2,1,1,1
C100830,2024-08-15,,East,30,Standard,Broadband,1 Year,UPI,914,2,3.4,85.8,1,1,0
C100831,2025-07-16,,East,48,Basic,Fiber,Month-to-Month,UPI,874,1,2.9,87.8,4,0,0
C100832,2024-01-01,,South,25,Basic,Fiber,2 Year,UPI,633,1,3.4,62.7,2,0,0
C100833,2022-03-02,,West,47,Standard,5G,1 Year,Credit Card,1361,3,2.8,32.0,4,0,0
C100834,2025-02-20,,West,58,Standard,Fiber,Month-to-Month,UPI,1187,2,3.5,101.8,3,1,0
C100835,2025-08-19,,East,44,Basic,Fiber,1 Year,Net Banking,742,2,4.0,23.7,3,1,0
C100836,2023-04-29,,West,58,Premium,Fiber,Month-to-Month,Auto-debit,1992,1,4.4,131.5,4,0,0
C100837,2023-10-06,2024-09-01,Central,31,Standard,5G,2 Year,Credit Card,1316,1,3.9,50.7,3,0,1
C100838,2025-05-23,,South,36,Standard,Fiber,2 Year,Auto-debit,1293,2,2.0,90.1,4,1,0
C100839,2023-01-01,,East,27,Basic,5G,1 Year,Auto-debit,860,3,2.7,31.6,3,0,0
C100840,2024-02-25,,North,38,Basic,Broadband,Month-to-Month,Credit Card,760,0,2.5,26.2,3,0,0
C100841,2023-12-02,,West,41,Basic,5G,1 Year,UPI,805,1,4.3,51.8,3,0,0
C100842,2025-04-10,,East,38,Basic,Fiber,Month-to-Month,UPI,841,2,3.2,46.8,4,0,0
C100843,2024-06-15,2025-10-07,South,32,Standard,Broadband,Month-to-Month,Net Banking,877,2,3.1,111.1,1,4,1
C100844,2025-01-18,,North,32,Standard,Fiber,2 Year,Credit Card,1328,1,3.0,56.5,4,1,0
C100845,2025-02-08,2025-10-07,Central,42,Premium,Broadband,Month-to-Month,Net Banking,1617,3,4.1,55.3,2,1,1
C100846,2024-04-16,2024-07-29,South,36,Premium,5G,Month-to-Month,Net Banking,1741,1,3.8,165.3,0,1,1
C100847,2024-10-29,2025-10-08,West,24,Basic,Fiber,Month-to-Month,Net Banking,443,3,2.9,91.2,0,0,1
C100848,2025-05-20,,North,18,Basic,Broadband,2 Year,UPI,710,3,3.1,33.1,3,0,0
C100849,2025-09-16,,Central,31,Premium,5G,2 Year,UPI,2148,3,3.3,150.4,4,0,0
C100850,2022-06-15,,North,21,Premium,5G,Month-to-Month,UPI,2023,2,3.4,100.9,3,0,0
C100851,2024-03-04,,North,28,Premium,5G,Month-to-Month,Auto-debit,2050,0,4.8,309.9,3,1,0
C100852,2024-05-28,,West,33,Basic,5G,2 Year,Net Banking,871,0,4.6,34.0,4,2,0
C100853,2023-04-01,,Central,36,Basic,5G,Month-to-Month,Net Banking,865,0,3.8,43.2,4,2,0
C100854,2025-10-12,,North,30,Basic,Broadband,2 Year,Net Banking,795,3,2.5,16.1,4,3,0
C100855,2023-08-01,,East,64,Premium,Fiber,2 Year,Credit Card,1586,0,4.2,258.9,0,0,0
C100856,2025-07-22,,West,23,Standard,5G,1 Year,UPI,1365,1,3.1,56.4,4,1,0
C100857,2022-05-31,2023-12-01,West,53,Standard,5G,Month-to-Month,UPI,1239,1,4.5,141.1,2,0,1
C100858,2024-10-17,,South,36,Standard,5G,1 Year,UPI,1280,0,4.9,52.7,3,1,0
C100859,2024-12-29,,East,30,Basic,5G,2 Year,UPI,869,2,3.8,42.5,3,0,0
C100860,2024-09-09,,West,45,Standard,Fiber,Month-to-Month,UPI,1241,1,2.7,49.9,3,1,0
C100861,2025-09-12,,West,33,Basic,Broadband,2 Year,Auto-debit,762,3,2.7,27.7,4,0,0
C100862,2022-02-03,,West,28,Standard,Fiber,Month-to-Month,UPI,965,1,3.4,63.7,0,2,0
C100863,2022-08-07,,East,59,Standard,Fiber,2 Year,UPI,1286,0,3.2,68.8,4,0,0
C100864,2024-03-18,,North,18,Standard,5G,1 Year,UPI,1177,1,3.3,61.4,1,0,0
C100865,2023-01-03,2023-09-24,Central,35,Basic,Fiber,Month-to-Month,UPI,567,4,2.9,20.7,1,0,1
C100866,2024-07-08,2024-12-19,West,40,Premium,Fiber,Month-to-Month,UPI,1928,3,3.6,135.9,3,0,1
C100867,2022-05-30,,West,55,Standard,Fiber,Month-to-Month,UPI,1316,1,4.4,27.7,4,0,0
C100868,2025-07-18,,North,33,Basic,5G,Month-to-Month,UPI,509,0,3.7,37.3,0,1,0
C100869,2023-03-21,,North,70,Basic,Broadband,2 Year,Auto-debit,786,5,2.3,20.1,4,1,0
C100870,2023-09-10,,West,47,Standard,5G,Month-to-Month,UPI,1061,2,2.3,115.6,1,0,0
C100871,2025-04-09,,North,18,Basic,Fiber,2 Year,UPI,868,1,3.7,,4,0,0
C100872,2025-12-07,2025-12-26,Central,21,Basic,Broadband,Month-to-Month,Credit Card,440,3,2.7,59.4,0,1,1
C100873,2025-09-16,,South,41,Basic,Fiber,1 Year,UPI,708,0,3.6,34.8,3,0,0
C100874,2025-09-04,2025-10-24,West,24,Basic,Broadband,2 Year,Credit Card,659,5,2.1,30.5,2,1,1
C100875,2024-12-21,,Central,45,Standard,5G,1 Year,Credit Card,1419,0,3.4,64.9,4,0,0
C100876,2025-10-31,,South,33,Standard,Fiber,2 Year,Auto-debit,1099,1,4.0,71.7,2,1,0
C100877,2022-05-09,,South,24,Basic,5G,2 Year,Auto-debit,481,4,2.7,56.3,0,0,0
C100878,2023-09-07,,East,26,Standard,Fiber,1 Year,Net Banking,993,1,4.6,89.9,0,0,0
C100879,2023-05-12,,East,48,Basic,Broadband,1 Year,UPI,536,0,3.0,16.0,1,1,0
C100880,2025-10-04,,South,18,Basic,Fiber,Month-to-Month,Credit Card,900,2,4.1,61.6,4,2,0
C100881,2023-04-23,2024-05-07,East,51,Basic,Broadband,Month-to-Month,UPI,389,2,2.9,53.6,0,1,1
C100882,2024-08-12,,Central,51,Premium,Broadband,Month-to-Month,Auto-debit,1817,2,3.4,79.8,4,0,0
C100883,2025-09-08,,East,34,Premium,Broadband,2 Year,UPI,1611,1,4.0,,2,1,0
C100884,2023-10-14,,North,21,Standard,Broadband,1 Year,Net Banking,990,0,4.5,76.0,2,2,0
C100885,2025-06-29,,South,45,Basic,Fiber,1 Year,UPI,859,2,4.0,48.4,4,0,0
C100886,2024-12-02,,South,32,Basic,5G,2 Year,Credit Card,840,0,4.5,25.5,3,0,0
C100887,2024-10-12,,North,20,Basic,Broadband,Month-to-Month,UPI,760,2,3.1,45.5,3,1,0
C100888,2023-03-01,,North,61,Premium,Fiber,2 Year,UPI,1995,4,4.2,129.3,4,1,0
C100889,2023-12-25,,West,27,Basic,Fiber,Month-to-Month,Net Banking,604,3,3.4,67.9,2,3,0
C100890,2024-02-26,2024-08-21,South,20,Premium,Fiber,Month-to-Month,Credit Card,2071,2,1.4,111.6,4,0,1
C100891,2023-04-03,,Central,41,Standard,Fiber,1 Year,UPI,1282,1,3.5,26.7,3,0,0
C100892,2024-03-26,,South,37,Standard,Broadband,Month-to-Month,UPI,1211,2,3.0,,4,0,0
C100893,2024-07-14,,North,56,Premium,5G,1 Year,Auto-debit,2018,2,3.3,50.6,2,0,0
C100894,2025-11-08,,West,33,Basic,5G,1 Year,Credit Card,809,3,3.5,28.9,3,0,0
C100895,2023-07-25,,Central,34,Standard,Broadband,2 Year,Net Banking,961,2,3.5,37.5,2,0,0
C100896,2023-10-27,,South,42,Basic,Fiber,Month-to-Month,Credit Card,802,0,3.3,56.6,4,0,0
C100897,2023-01-22,2025-10-06,North,40,Premium,Broadband,Month-to-Month,Net Banking,1643,2,4.5,68.5,3,2,1
C100898,2024-06-23,2025-03-20,North,41,Standard,Fiber,Month-to-Month,Net Banking,919,3,2.1,121.5,0,2,1
C100899,2022-06-04,,East,41,Basic,Fiber,Month-to-Month,UPI,638,1,2.6,24.8,2,0,0
C100900,2024-02-09,,East,40,Premium,Fiber,Month-to-Month,Credit Card,1586,1,3.0,43.1,0,1,0
C100901,2023-08-19,,South,33,Basic,Fiber,Month-to-Month,Credit Card,752,1,3.8,37.2,3,0,0
C100902,2022-12-10,,North,48,Basic,5G,2 Year,UPI,830,1,,22.8,3,1,0
C100903,2024-10-17,,East,34,Premium,5G,2 Year,Net Banking,2123,1,3.2,227.8,4,0,0
C100904,2025-01-07,,Central,48,Standard,Fiber,2 Year,UPI,890,2,2.9,52.5,0,0,0
C100905,2024-07-06,,East,55,Premium,Fiber,Month-to-Month,UPI,1788,2,3.5,210.0,2,0,0
C100906,2025-01-24,,East,30,Standard,5G,1 Year,Auto-debit,1135,1,2.8,63.2,1,0,0
C100907,2025-11-18,,North,67,Standard,Fiber,Month-to-Month,Auto-debit,1114,1,4.1,88.1,2,0,0
C100908,2025-07-10,2025-12-14,South,29,Basic,Broadband,Month-to-Month,UPI,806,4,3.9,33.9,4,2,1
C100909,2022-05-08,2025-05-11,South,30,Basic,Broadband,Month-to-Month,Net Banking,659,3,2.9,145.1,2,0,1
C100910,2022-04-29,,West,44,Premium,5G,2 Year,UPI,2060,4,3.2,66.4,2,2,0
C100911,2025-03-27,2025-08-14,West,43,Basic,5G,1 Year,Net Banking,920,5,2.6,9.6,4,1,1
C100912,2022-12-04,,Central,39,Standard,5G,Month-to-Month,Credit Card,1218,3,4.0,83.9,2,0,0
C100913,2023-06-23,,Central,48,Basic,5G,1 Year,Auto-debit,649,2,4.6,26.5,2,0,0
C100914,2024-04-29,,Central,41,Basic,Broadband,2 Year,UPI,612,2,3.0,49.0,2,0,0
C100915,2023-01-21,,Central,63,Standard,Broadband,Month-to-Month,UPI,1197,1,3.5,71.2,4,1,0
C100916,2025-02-15,,North,37,Premium,5G,2 Year,Auto-debit,1982,3,3.8,90.5,2,0,0
C100917,2025-12-09,,North,28,Standard,5G,Month-to-Month,UPI,1280,0,4.0,60.1,3,2,0
C100918,2025-02-22,2025-09-27,South,31,Premium,Broadband,Month-to-Month,UPI,1407,4,2.3,144.7,0,0,1
C100919,2022-01-28,,East,44,Basic,Fiber,2 Year,Credit Card,483,4,1.5,36.9,0,0,0
C100920,2024-09-02,,North,44,Standard,5G,Month-to-Month,Credit Card,1075,1,3.1,68.3,0,0,0
C100921,2025-10-01,2025-12-21,West,40,Basic,5G,1 Year,UPI,759,3,3.3,34.5,2,1,1
C100922,2023-01-13,,East,28,Standard,5G,Month-to-Month,Credit Card,1346,1,3.2,166.4,3,0,0
C100923,2023-12-25,,East,51,Basic,Fiber,1 Year,UPI,587,2,2.5,85.1,1,0,0
C100924,2023-12-11,,North,61,Standard,Fiber,1 Year,Net Banking,1298,3,2.6,35.3,4,3,0
C100925,2025-06-23,,South,38,Basic,Fiber,2 Year,Auto-debit,488,4,4.1,44.3,0,1,0
C100926,2023-03-29,,North,60,Premium,5G,2 Year,Credit Card,2015,0,3.2,78.5,3,0,0
C100927,2023-07-15,,West,48,Premium,Broadband,1 Year,Credit Card,1490,1,3.5,63.3,1,0,0
C100928,2025-05-26,,East,65,Premium,Broadband,Month-to-Month,Credit Card,1470,1,3.4,23.8,0,0,0
C100929,2025-08-02,,West,44,Basic,Fiber,Month-to-Month,UPI,777,3,4.4,37.6,3,0,0
C100930,2024-02-28,,South,40,Premium,Fiber,1 Year,Auto-debit,1816,1,2.7,104.1,2,1,0
C100931,2024-12-17,,South,48,Basic,Broadband,Month-to-Month,Auto-debit,710,1,3.0,87.1,3,0,0
C100932,2022-08-10,,South,33,Basic,5G,Month-to-Month,Auto-debit,891,2,3.3,74.7,4,0,0
C100933,2024-10-27,,West,43,Basic,5G,2 Year,Auto-debit,611,1,3.6,56.5,2,0,0
C100934,2025-02-08,,West,54,Basic,Fiber,Month-to-Month,Credit Card,804,0,4.6,64.0,4,0,0
C100935,2024-03-10,,North,48,Standard,Fiber,Month-to-Month,Net Banking,1142,1,4.2,112.8,2,0,0
C100936,2022-06-28,,Central,38,Basic,Broadband,2 Year,UPI,461,2,2.8,56.4,1,1,0
C100937,2023-12-21,,North,40,Basic,5G,1 Year,Auto-debit,593,1,3.7,88.4,1,2,0
C100938,2022-12-24,,Central,47,Standard,Fiber,1 Year,Credit Card,969,1,3.4,39.1,1,2,0
C100939,2024-04-07,2025-12-28,North,47,Premium,Broadband,Month-to-Month,UPI,1766,2,3.2,92.4,4,1,1
C100940,2023-12-15,,South,47,Standard,5G,Month-to-Month,Auto-debit,1197,0,4.5,53.8,2,0,0
C100941,2022-07-14,,West,42,Standard,Broadband,1 Year,Credit Card,1232,4,3.0,55.9,4,0,0
C100942,2025-10-15,,North,28,Basic,5G,Month-to-Month,Auto-debit,643,2,4.4,41.0,1,2,0
C100943,2022-12-22,,South,30,Premium,5G,1 Year,Auto-debit,2016,0,4.3,266.7,3,0,0
C100944,2024-04-03,2025-11-18,South,44,Basic,Broadband,Month-to-Month,Auto-debit,411,4,3.4,69.2,0,0,1
C100945,2023-05-15,2025-07-20,South,48,Basic,Broadband,Month-to-Month,Credit Card,441,2,1.4,81.5,1,1,1
C100946,2022-02-17,2022-10-18,West,46,Basic,Broadband,Month-to-Month,Credit Card,401,5,2.6,42.5,0,0,1
C100947,2025-06-13,2025-08-27,West,30,Standard,Broadband,Month-to-Month,Auto-debit,1233,4,3.1,69.3,4,1,1
C100948,2025-04-15,2025-09-19,West,36,Basic,5G,Month-to-Month,UPI,595,2,3.6,59.0,1,0,1
C100949,2025-01-10,,South,24,Standard,Fiber,1 Year,UPI,1367,1,4.6,91.5,4,1,0
C100950,2024-12-28,,East,21,Basic,Fiber,1 Year,Auto-debit,690,0,4.2,54.9,2,0,0
C100951,2025-06-07,,South,39,Standard,Broadband,Month-to-Month,Auto-debit,809,1,2.7,234.9,0,0,0
C100952,2023-01-09,,South,54,Standard,Fiber,1 Year,Auto-debit,1008,3,3.4,98.8,1,0,0
C100953,2023-06-24,,North,39,Basic,Broadband,Month-to-Month,UPI,477,1,4.1,29.8,1,1,0
C100954,2023-11-15,2024-06-17,Central,61,Standard,Broadband,Month-to-Month,UPI,939,2,2.9,51.8,2,0,1
C100955,2023-12-29,,Central,36,Standard,Broadband,2 Year,Auto-debit,846,2,3.0,112.3,1,1,0
C100956,2023-06-21,,West,38,Standard,Broadband,1 Year,UPI,1136,2,3.8,108.0,3,0,0
C100957,2025-07-14,,East,26,Basic,5G,1 Year,Credit Card,856,1,3.5,72.1,3,0,0
C100958,2024-10-19,,East,34,Standard,5G,Month-to-Month,UPI,956,0,4.5,95.6,0,0,0
C100959,2022-04-28,,East,24,Basic,Broadband,Month-to-Month,Auto-debit,600,0,3.9,26.3,2,2,0
C100960,2024-06-20,,East,19,Basic,Fiber,1 Year,Credit Card,594,3,1.5,95.3,2,0,0
C100961,2025-10-27,,South,24,Basic,Fiber,1 Year,UPI,519,0,3.8,86.5,1,0,0
C100962,2023-07-13,2024-07-20,North,39,Standard,Broadband,1 Year,Credit Card,1106,5,2.3,60.8,3,0,1
C100963,2025-04-01,,North,29,Basic,5G,2 Year,UPI,577,1,4.0,53.1,1,1,0
C100964,2024-05-12,,Central,32,Standard,5G,Month-to-Month,Net Banking,1318,2,3.6,80.9,4,0,0
C100965,2025-05-10,2025-09-06,East,43,Basic,Fiber,2 Year,Net Banking,726,1,2.9,36.7,2,1,1
C100966,2024-11-07,,Central,19,Standard,5G,1 Year,Net Banking,1096,1,3.7,41.3,1,3,0
C100967,2025-10-27,,North,39,Basic,Broadband,Month-to-Month,Credit Card,652,1,3.9,58.9,3,0,0
C100968,2024-04-14,,East,48,Standard,5G,Month-to-Month,UPI,1301,2,3.6,35.0,3,1,0
C100969,2023-07-10,,North,49,Premium,5G,1 Year,UPI,1944,0,4.7,87.6,2,0,0
C100970,2024-01-20,2024-05-12,South,44,Basic,5G,Month-to-Month,Auto-debit,813,1,2.8,104.1,3,2,1
C100971,2024-11-22,2025-10-04,North,37,Basic,Broadband,1 Year,Credit Card,484,1,3.4,54.5,1,3,1
C100972,2025-02-20,,North,31,Standard,Broadband,1 Year,Credit Card,1208,3,1.5,89.3,4,1,0
C100973,2022-06-09,,Central,37,Premium,5G,Month-to-Month,UPI,2083,1,4.6,101.8,3,0,0
C100974,2025-05-31,,South,58,Premium,5G,Month-to-Month,Auto-debit,1795,1,3.8,54.0,1,1,0
C100975,2023-12-31,,East,41,Basic,Fiber,1 Year,Auto-debit,827,3,3.0,54.4,4,1,0
C100976,2024-07-27,,East,37,Standard,5G,Month-to-Month,UPI,1428,1,3.5,,4,1,0
C100977,2023-06-03,,South,45,Basic,Fiber,2 Year,Net Banking,437,0,4.1,65.8,0,1,0
C100978,2024-07-25,,East,39,Basic,5G,Month-to-Month,Credit Card,792,2,4.0,36.3,3,0,0
C100979,2025-06-01,,North,41,Standard,5G,2 Year,Auto-debit,1178,1,3.3,60.1,2,0,0
C100980,2024-01-06,,Central,35,Standard,Fiber,Month-to-Month,Auto-debit,1200,2,3.6,97.9,3,1,0
C100981,2022-05-20,,West,33,Standard,Fiber,Month-to-Month,Net Banking,998,2,3.6,39.3,1,0,0
C100982,2025-12-01,,West,50,Premium,Fiber,1 Year,Auto-debit,1658,0,2.5,177.1,1,1,0
C100983,2024-05-14,,East,18,Basic,Fiber,Month-to-Month,Credit Card,576,3,2.6,40.8,1,0,0
C100984,2022-02-17,,North,44,Standard,5G,Month-to-Month,UPI,1041,3,3.4,85.3,0,0,0
C100985,2024-11-22,,Central,32,Basic,Fiber,Month-to-Month,Net Banking,848,0,4.7,140.2,4,1,0
C100986,2023-03-26,,South,18,Basic,Fiber,1 Year,Net Banking,596,1,4.5,38.6,1,0,0
C100987,2022-04-07,,North,26,Basic,Broadband,1 Year,UPI,775,4,1.9,47.4,4,0,0
C100988,2024-09-02,,South,38,Premium,Fiber,Month-to-Month,Credit Card,1686,2,4.2,119.7,1,0,0
C100989,2024-12-31,2025-06-01,West,39,Standard,Broadband,Month-to-Month,UPI,914,2,4.0,27.4,1,0,1
C100990,2024-08-15,,East,47,Basic,5G,Month-to-Month,UPI,912,1,3.8,60.0,4,0,0
C100991,2024-11-29,2025-05-09,West,48,Standard,5G,2 Year,Auto-debit,1093,2,1.9,22.9,1,0,1
C100992,2023-04-14,2025-12-06,West,19,Premium,5G,Month-to-Month,UPI,2073,2,3.1,172.2,3,0,1
C100993,2025-11-30,,North,43,Premium,Fiber,1 Year,Auto-debit,1557,1,3.8,83.4,0,0,0
C100994,2023-02-28,2024-07-08,Central,47,Standard,Broadband,Month-to-Month,UPI,1183,1,3.4,51.0,4,0,1
C100995,2023-03-10,2025-03-31,South,41,Basic,Broadband,1 Year,Net Banking,735,3,1.5,43.4,3,1,1
C100996,2024-10-02,,East,44,Standard,Fiber,2 Year,Auto-debit,1254,2,3.1,38.0,3,1,0
C100997,2025-04-20,,North,18,Premium,Broadband,Month-to-Month,Auto-debit,1432,1,3.1,111.5,0,0,0
C100998,2022-07-06,,Central,26,Premium,5G,1 Year,Auto-debit,2186,1,4.2,68.2,4,0,0
C100999,2025-06-01,2025-12-23,South,54,Premium,Broadband,Month-to-Month,UPI,1582,4,3.3,61.9,2,0,1
C101000,2022-06-03,,North,35,Standard,Broadband,1 Year,UPI,830,0,4.2,66.1,1,0,0
C101001,2025-05-15,,South,65,Basic,Fiber,Month-to-Month,Net Banking,448,1,3.3,81.5,0,2,0
C101002,2024-10-10,2025-10-19,North,23,Standard,Broadband,Month-to-Month,Auto-debit,824,2,3.3,105.8,0,0,1
C101003,2024-08-02,,North,57,Basic,Broadband,Month-to-Month,Auto-debit,728,2,3.2,33.7,3,1,0
C101004,2024-03-23,,East,31,Basic,5G,Month-to-Month,Net Banking,577,2,3.9,40.7,1,4,0
C101005,2024-01-08,,South,48,Standard,Fiber,2 Year,UPI,1276,2,2.9,56.2,4,1,0
C101006,2025-09-05,,Central,34,Standard,Broadband,1 Year,UPI,863,0,3.3,40.6,1,1,0
C101007,2025-08-24,,South,39,Premium,5G,Month-to-Month,Auto-debit,1727,0,4.7,69.9,0,1,0
C101008,2024-06-09,,West,45,Premium,Fiber,Month-to-Month,Credit Card,1929,3,3.8,134.6,4,0,0
C101009,2025-04-15,,East,31,Premium,Broadband,1 Year,Auto-debit,1675,0,4.3,81.8,3,0,0
C101010,2024-04-20,2025-08-04,East,48,Standard,5G,Month-to-Month,Credit Card,1199,3,4.2,71.5,2,0,1
C101011,2024-01-28,,East,35,Standard,Broadband,Month-to-Month,Auto-debit,1191,2,4.8,44.2,4,0,0
C101012,2025-10-21,,East,40,Basic,5G,1 Year,Auto-debit,783,1,4.4,65.7,3,0,0
C101013,2025-08-09,,Central,18,Standard,Fiber,Month-to-Month,UPI,891,1,3.0,101.4,0,2,0
C101014,2023-09-17,2024-03-08,South,34,Basic,Broadband,Month-to-Month,Auto-debit,574,1,4.1,96.3,2,1,1
C101015,2022-01-28,2023-12-23,North,53,Basic,5G,Month-to-Month,UPI,873,2,3.4,87.4,4,1,1
C101016,2024-12-16,2025-05-02,West,46,Basic,5G,Month-to-Month,Credit Card,824,1,3.2,27.9,3,0,1
C101017,2025-10-07,2025-12-02,West,49,Premium,5G,1 Year,Auto-debit,2046,5,2.2,76.7,3,2,1
C101018,2025-09-16,,North,39,Standard,Fiber,1 Year,UPI,1046,3,3.2,87.9,0,0,0
C101019,2023-02-21,,South,58,Premium,5G,2 Year,UPI,1933,2,4.1,75.7,2,1,0
C101020,2025-06-04,,Central,41,Premium,5G,Month-to-Month,Net Banking,1766,2,4.5,132.6,0,1,0
C101021,2025-12-02,,West,30,Premium,Broadband,1 Year,Auto-debit,1684,5,3.2,99.2,3,0,0
C101022,2024-12-04,,Central,48,Basic,Broadband,2 Year,UPI,485,2,3.7,69.9,1,2,0
C101023,2024-01-18,,East,49,Premium,Broadband,1 Year,Net Banking,1560,2,3.4,189.2,1,1,0
C101024,2022-09-13,,East,46,Premium,Fiber,2 Year,Credit Card,1847,1,3.9,101.2,2,0,0
C101025,2023-04-27,,South,33,Premium,5G,2 Year,Credit Card,1679,2,2.5,47.2,0,0,0
C101026,2025-11-08,,Central,41,Basic,Fiber,2 Year,Net Banking,715,0,4.2,73.3,3,0,0
C101027,2023-05-09,2025-09-16,South,55,Basic,Broadband,2 Year,Credit Card,592,5,2.9,32.6,2,1,1
C101028,2024-06-24,,West,44,Premium,5G,1 Year,Auto-debit,1926,1,5.0,116.5,2,0,0
C101029,2022-09-21,2023-10-20,South,20,Basic,Broadband,Month-to-Month,Net Banking,636,2,3.3,41.3,3,2,1
C101030,2022-12-10,,East,30,Basic,Fiber,2 Year,Auto-debit,760,2,4.1,53.6,3,0,0
C101031,2024-10-07,,West,30,Standard,Fiber,2 Year,Auto-debit,1240,0,3.5,54.0,4,0,0
C101032,2023-06-21,2024-08-21,East,29,Basic,Broadband,Month-to-Month,UPI,404,2,4.5,25.3,0,1,1
C101033,2023-01-27,,Central,18,Basic,5G,Month-to-Month,Auto-debit,726,2,4.3,47.7,2,1,0
C101034,2024-04-16,2025-03-03,South,61,Premium,Broadband,Month-to-Month,Net Banking,1434,5,3.5,178.3,0,1,1
C101035,2025-02-24,,East,27,Premium,Broadband,2 Year,UPI,1492,2,3.5,110.9,1,1,0
C101036,2022-01-11,2025-12-06,South,28,Premium,5G,Month-to-Month,Net Banking,2007,3,3.1,110.7,2,2,1
C101037,2025-01-01,,South,18,Basic,5G,Month-to-Month,Auto-debit,512,2,3.0,24.4,0,0,0
C101038,2025-06-19,2025-11-28,South,48,Basic,5G,Month-to-Month,UPI,731,2,2.6,57.2,2,0,1
C101039,2025-10-14,2025-10-28,North,37,Standard,Broadband,Month-to-Month,Credit Card,1166,6,2.6,98.8,4,0,1
C101040,2025-01-17,,North,34,Standard,Broadband,2 Year,Credit Card,860,3,2.9,69.9,0,1,0
C101041,2023-04-03,,West,34,Basic,Fiber,Month-to-Month,Credit Card,558,2,3.6,27.2,1,0,0
C101042,2022-04-04,2023-10-15,East,45,Standard,5G,Month-to-Month,Auto-debit,1161,1,3.7,76.8,1,1,1
C101043,2025-04-30,2025-10-30,West,32,Premium,Fiber,Month-to-Month,UPI,2059,3,2.5,128.1,4,2,1
C101044,2025-03-04,,North,18,Standard,5G,1 Year,Auto-debit,1306,3,3.8,72.2,3,0,0
C101045,2023-08-06,,South,23,Basic,Broadband,1 Year,Auto-debit,415,5,2.6,25.7,0,0,0
C101046,2022-10-07,,North,22,Basic,Broadband,Month-to-Month,Credit Card,689,2,3.9,50.2,3,1,0
C101047,2025-10-05,2025-10-24,West,41,Basic,5G,Month-to-Month,Credit Card,466,2,2.5,48.0,0,0,1
C101048,2023-03-06,,West,49,Basic,Fiber,2 Year,UPI,780,2,2.8,54.5,3,1,0
C101049,2025-01-14,,South,56,Standard,Fiber,1 Year,UPI,1040,0,3.5,68.8,1,1,0
C101050,2025-03-18,,West,18,Standard,Fiber,1 Year,Credit Card,1151,3,3.2,140.0,3,0,0
C101051,2025-11-30,,North,45,Standard,Fiber,Month-to-Month,UPI,1114,4,2.7,73.6,2,0,0
C101052,2025-07-31,,South,31,Premium,Broadband,2 Year,Auto-debit,1731,4,4.0,236.9,3,1,0
C101053,2025-08-04,,North,73,Basic,5G,1 Year,Net Banking,656,1,4.3,49.4,1,3,0
C101054,2025-07-02,2025-12-09,South,55,Basic,Fiber,Month-to-Month,UPI,686,2,2.8,24.8,2,0,1
C101055,2023-08-21,2025-11-14,West,58,Basic,5G,2 Year,UPI,834,2,5.0,67.2,4,1,1
C101056,2024-02-04,,Central,48,Basic,Fiber,2 Year,Auto-debit,813,1,3.5,36.9,4,1,0
C101057,2024-12-06,2025-05-07,North,43,Standard,Fiber,1 Year,UPI,1103,1,4.5,59.0,2,0,1
C101058,2025-02-23,,East,33,Premium,Broadband,1 Year,Net Banking,1851,1,3.6,198.2,4,2,0
C101059,2023-11-30,2025-12-17,West,31,Premium,Fiber,Month-to-Month,UPI,1585,3,3.7,63.1,0,0,1
C101060,2024-10-18,,Central,28,Standard,5G,Month-to-Month,Auto-debit,1338,1,4.2,30.7,3,1,0
C101061,2023-04-25,,East,45,Standard,5G,Month-to-Month,Credit Card,1271,1,2.5,66.1,3,0,0
C101062,2023-12-02,,South,57,Basic,Fiber,1 Year,Credit Card,579,1,4.8,51.4,1,0,0
C101063,2025-05-30,2025-07-02,East,34,Standard,Fiber,Month-to-Month,Credit Card,980,2,2.8,113.7,1,1,1
C101064,2023-05-17,2024-08-11,South,29,Basic,Fiber,Month-to-Month,UPI,649,3,2.8,47.5,2,2,1
C101065,2025-07-21,,Central,20,Premium,Fiber,2 Year,Net Banking,1861,1,3.3,38.3,3,1,0
C101066,2024-01-15,2025-09-09,South,41,Standard,Broadband,Month-to-Month,UPI,1154,3,2.7,45.4,3,0,1
C101067,2024-11-29,,West,53,Basic,5G,2 Year,UPI,768,2,2.9,23.6,3,1,0
C101068,2023-05-01,,North,53,Basic,5G,Month-to-Month,UPI,734,1,2.7,17.2,3,0,0
C101069,2024-12-17,2025-08-15,South,55,Basic,Fiber,Month-to-Month,Net Banking,790,1,4.1,40.6,4,0,1
C101070,2024-03-12,,West,43,Premium,Broadband,Month-to-Month,Auto-debit,1792,1,3.8,,4,1,0
C101071,2024-11-17,,East,39,Basic,Fiber,Month-to-Month,UPI,639,2,3.2,71.9,2,0,0
C101072,2025-10-27,,South,53,Basic,Broadband,Month-to-Month,Auto-debit,425,3,3.8,56.7,0,1,0
C101073,2022-10-10,,Central,25,Basic,Fiber,Month-to-Month,Auto-debit,548,1,4.8,33.5,1,2,0
C101074,2024-11-14,2025-07-19,West,33,Premium,Broadband,1 Year,UPI,1446,5,1.7,202.6,0,0,1
C101075,2025-11-22,,South,59,Standard,Fiber,Month-to-Month,UPI,1101,0,4.9,66.3,2,3,0
C101076,2024-09-08,,East,25,Standard,Fiber,Month-to-Month,UPI,1356,2,3.3,76.0,4,1,0
C101077,2023-09-08,,East,38,Basic,5G,Month-to-Month,UPI,659,3,2.1,31.8,2,0,0
C101078,2025-03-23,,East,46,Basic,Fiber,Month-to-Month,Auto-debit,795,0,4.1,39.1,4,0,0
C101079,2023-04-29,2024-09-27,South,39,Premium,Broadband,Month-to-Month,Credit Card,1564,1,3.7,95.5,2,0,1
C101080,2023-12-17,,South,52,Basic,5G,Month-to-Month,Credit Card,652,1,4.2,22.2,2,0,0
C101081,2025-12-09,,Central,56,Basic,5G,1 Year,Net Banking,449,2,3.4,60.8,0,0,0
C101082,2022-08-22,,Central,44,Standard,Fiber,1 Year,UPI,1232,3,3.3,80.1,3,1,0
C101083,2024-12-28,,West,55,Basic,5G,2 Year,Auto-debit,587,3,2.7,65.8,1,2,0
C101084,2022-11-09,,Central,27,Basic,Fiber,1 Year,Net Banking,663,1,2.8,31.1,2,3,0
C101085,2025-07-12,,West,36,Premium,Broadband,Month-to-Month,UPI,1816,3,3.8,167.8,4,1,0
C101086,2025-12-19,,West,67,Standard,5G,Month-to-Month,Credit Card,1030,5,2.2,33.6,1,0,0
C101087,2024-07-27,,West,61,Basic,5G,Month-to-Month,UPI,918,1,3.8,58.0,4,0,0
C101088,2022-04-30,,East,23,Basic,Broadband,1 Year,Auto-debit,747,2,4.3,,4,2,0
C101089,2024-03-16,,South,38,Standard,5G,Month-to-Month,Credit Card,976,0,3.7,43.8,0,0,0
C101090,2023-01-22,,South,40,Basic,5G,Month-to-Month,Auto-debit,522,1,4.0,77.3,1,0,0
C101091,2023-07-16,,East,43,Basic,Fiber,2 Year,Auto-debit,881,3,3.0,96.4,4,3,0
C101092,2022-07-15,2024-02-09,South,53,Standard,5G,Month-to-Month,Credit Card,1129,3,2.8,55.3,2,0,1
C101093,2023-02-26,2025-02-07,South,60,Standard,Fiber,Month-to-Month,Net Banking,1168,1,2.5,152.1,3,1,1
C101094,2022-05-24,,East,38,Premium,Fiber,2 Year,Credit Card,1960,1,3.7,50.4,4,0,0
C101095,2024-09-03,2025-07-28,South,51,Basic,Broadband,Month-to-Month,UPI,394,3,2.9,41.3,0,0,1
C101096,2023-03-14,,North,46,Basic,Fiber,Month-to-Month,Auto-debit,749,3,2.4,12.0,3,0,0
C101097,2025-06-12,2025-11-13,West,38,Standard,5G,Month-to-Month,Credit Card,1427,2,1.9,117.3,4,1,1
C101098,2025-12-08,,West,18,Standard,Fiber,Month-to-Month,Auto-debit,1113,1,2.4,34.3,2,0,0
C101099,2025-08-14,,North,50,Basic,5G,2 Year,Net Banking,933,1,4.8,16.7,4,1,0
C101100,2024-05-30,,North,45,Standard,Broadband,1 Year,UPI,1111,1,3.6,84.0,3,1,0
C101101,2024-04-14,,South,43,Basic,Fiber,Month-to-Month,Credit Card,718,0,,74.2,3,0,0
C101102,2025-10-27,2025-12-11,West,26,Premium,5G,Month-to-Month,UPI,1722,5,2.3,96.3,0,1,1
C101103,2024-04-30,2024-09-18,West,62,Premium,5G,Month-to-Month,UPI,2106,4,3.0,126.2,3,1,1
C101104,2025-08-31,,North,40,Standard,Broadband,1 Year,Net Banking,1244,3,3.4,177.9,4,1,0
C101105,2023-05-06,2024-01-04,West,24,Premium,Fiber,Month-to-Month,UPI,1741,4,2.8,73.3,1,0,1
C101106,2022-07-21,,North,22,Premium,Broadband,Month-to-Month,Auto-debit,1437,2,4.9,72.2,0,0,0
C101107,2025-04-18,,South,46,Basic,5G,1 Year,Credit Card,715,1,5.0,76.1,2,2,0
C101108,2022-10-11,,Central,46,Basic,5G,2 Year,Credit Card,908,3,3.3,49.5,4,0,0
C101109,2024-02-24,,North,32,Standard,Fiber,2 Year,UPI,1218,1,3.3,150.3,3,0,0
C101110,2024-01-08,,North,44,Basic,Fiber,2 Year,UPI,923,2,3.6,23.1,4,2,0
C101111,2022-07-31,,South,46,Basic,5G,Month-to-Month,Credit Card,678,1,2.6,18.1,2,1,0
C101112,2025-02-28,,East,40,Basic,Fiber,1 Year,UPI,666,2,4.0,21.6,2,1,0
C101113,2024-06-11,,Central,30,Premium,5G,2 Year,Net Banking,1779,0,4.1,167.9,1,0,0
C101114,2025-02-07,2025-04-01,Central,50,Standard,5G,Month-to-Month,Credit Card,1338,2,2.5,134.3,4,0,1
C101115,2024-08-10,,North,48,Standard,5G,Month-to-Month,UPI,1368,2,2.9,125.9,3,0,0
C101116,2024-05-02,,North,45,Basic,Fiber,Month-to-Month,Credit Card,781,0,4.2,58.4,3,2,0
C101117,2024-09-02,,West,28,Basic,Fiber,2 Year,UPI,846,2,2.1,82.7,4,0,0
C101118,2024-05-29,,South,22,Premium,5G,2 Year,UPI,2148,4,2.4,87.0,4,1,0
C101119,2024-05-31,,Central,39,Basic,5G,2 Year,Auto-debit,840,1,3.2,16.4,4,0,0
C101120,2025-09-01,2025-11-23,West,49,Basic,Broadband,Month-to-Month,UPI,580,2,4.0,19.7,2,3,1
C101121,2025-11-10,,North,50,Basic,5G,2 Year,UPI,440,4,4.0,21.4,0,1,0
C101122,2024-10-11,,West,45,Standard,5G,Month-to-Month,Credit Card,1185,0,4.1,28.0,2,0,0
C101123,2024-12-05,2025-02-16,North,33,Basic,Fiber,Month-to-Month,Credit Card,684,1,1.3,22.4,2,0,1
C101124,2024-10-23,,South,28,Basic,Broadband,1 Year,Auto-debit,813,0,3.0,27.8,4,0,0
C101125,2025-11-20,,East,38,Basic,Fiber,1 Year,Auto-debit,522,1,5.0,59.9,0,1,0
C101126,2025-06-11,,East,38,Basic,Fiber,2 Year,Auto-debit,867,0,3.9,51.2,4,0,0
C101127,2024-09-10,,West,51,Basic,Fiber,Month-to-Month,Credit Card,657,7,1.0,94.0,3,0,0
C101128,2022-12-03,,East,32,Standard,Fiber,Month-to-Month,Credit Card,997,0,,39.7,0,1,0
C101129,2024-09-11,2025-10-10,Central,33,Basic,Broadband,Month-to-Month,UPI,464,3,2.1,53.3,1,0,1
C101130,2024-07-13,,Central,63,Basic,Fiber,Month-to-Month,Auto-debit,465,3,3.5,85.4,0,1,0
C101131,2025-02-04,2025-04-02,East,57,Standard,Fiber,2 Year,Credit Card,1319,2,2.5,57.1,4,0,1
C101132,2023-09-14,,North,27,Standard,Fiber,Month-to-Month,UPI,1225,2,4.8,59.0,3,0,0
C101133,2023-09-17,2025-01-29,West,56,Basic,Broadband,Month-to-Month,Net Banking,698,5,1.6,88.2,3,1,1
C101134,2025-09-10,2025-12-29,Central,25,Basic,Broadband,Month-to-Month,Auto-debit,600,1,3.1,37.0,2,0,1
C101135,2022-04-16,,South,33,Basic,Broadband,1 Year,Credit Card,544,2,4.0,90.5,2,0,0
C101136,2025-08-29,,East,34,Premium,Broadband,2 Year,UPI,1502,6,2.1,56.2,0,1,0
C101137,2023-08-16,,South,37,Basic,Broadband,Month-to-Month,Auto-debit,722,2,3.6,99.4,3,0,0
C101138,2025-10-14,,North,45,Basic,5G,Month-to-Month,UPI,501,2,3.9,82.9,0,0,0
C101139,2025-07-24,,West,39,Standard,Fiber,2 Year,Auto-debit,1092,1,3.7,45.7,1,1,0
C101140,2023-05-15,,South,45,Basic,Fiber,1 Year,Credit Card,812,0,3.0,37.9,4,0,0
C101141,2025-07-13,,West,33,Basic,Fiber,Month-to-Month,Auto-debit,494,0,3.2,23.8,0,0,0
C101142,2024-03-13,,West,42,Basic,5G,Month-to-Month,Auto-debit,873,1,3.3,34.5,4,1,0
C101143,2024-07-08,,West,39,Standard,Fiber,2 Year,Credit Card,935,5,3.0,33.7,0,0,0
C101144,2024-03-04,,South,21,Standard,Fiber,1 Year,Auto-debit,1134,2,3.9,30.3,2,0,0
C101145,2024-09-16,,South,44,Standard,5G,Month-to-Month,UPI,1103,0,3.9,39.4,2,3,0
C101146,2025-05-19,,West,39,Standard,Fiber,Month-to-Month,UPI,862,1,4.0,123.8,0,0,0
C101147,2023-03-29,,West,29,Basic,Fiber,Month-to-Month,UPI,918,1,2.4,17.4,4,1,0
C101148,2025-11-15,,East,33,Premium,Fiber,Month-to-Month,Net Banking,1995,0,4.2,234.2,4,0,0
C101149,2023-09-12,2025-04-04,Central,33,Standard,5G,Month-to-Month,UPI,1178,1,3.5,116.4,1,0,1
C101150,2023-08-06,,North,35,Premium,Fiber,Month-to-Month,Credit Card,1760,1,4.1,227.9,1,2,0
C101151,2023-06-09,2024-07-02,West,59,Standard,Fiber,Month-to-Month,Auto-debit,1207,4,3.3,,3,1,1
C101152,2025-10-05,,North,63,Basic,Fiber,Month-to-Month,Auto-debit,546,0,3.1,100.9,1,0,0
C101153,2023-07-04,,North,18,Basic,Broadband,Month-to-Month,UPI,465,3,3.0,21.6,0,0,0
C101154,2025-06-10,,East,44,Standard,Fiber,Month-to-Month,Credit Card,1300,5,3.5,146.1,3,1,0
C101155,2025-10-25,,North,49,Basic,Fiber,2 Year,UPI,546,2,3.5,202.3,1,0,0
C101156,2025-11-20,2025-12-17,North,35,Standard,Broadband,Month-to-Month,UPI,1059,2,3.2,64.6,2,0,1
C101157,2024-08-07,,North,49,Basic,Broadband,2 Year,Auto-debit,737,3,2.2,43.0,3,0,0
C101158,2024-09-27,,South,58,Basic,Fiber,2 Year,Auto-debit,705,2,3.7,27.9,2,1,0
C101159,2024-12-31,,West,22,Premium,Fiber,2 Year,UPI,2009,2,2.5,121.9,4,1,0
C101160,2025-09-26,,North,40,Standard,Fiber,Month-to-Month,UPI,1189,2,3.2,80.9,3,0,0
C101161,2024-01-11,2025-03-21,East,61,Standard,5G,Month-to-Month,UPI,1353,1,3.2,22.6,4,0,1
C101162,2023-10-09,,West,23,Basic,Fiber,1 Year,Credit Card,803,2,3.6,60.1,4,0,0
C101163,2024-07-11,,North,37,Standard,Broadband,Month-to-Month,UPI,1172,4,2.4,128.4,3,0,0
C101164,2024-12-16,,North,33,Premium,Broadband,Month-to-Month,UPI,1597,1,3.5,75.9,2,0,0
C101165,2025-04-22,2025-11-09,West,51,Standard,5G,Month-to-Month,Credit Card,1151,3,2.4,59.6,2,0,1
C101166,2023-03-31,,West,52,Standard,Fiber,1 Year,UPI,1256,3,2.9,112.6,3,0,0
C101167,2024-07-29,,East,40,Standard,Broadband,2 Year,Auto-debit,780,0,4.0,46.3,0,0,0
C101168,2025-08-03,2025-10-14,West,38,Basic,5G,Month-to-Month,Auto-debit,671,3,2.8,64.1,2,1,1
C101169,2022-10-02,,North,18,Standard,Broadband,2 Year,Credit Card,981,3,2.8,85.0,1,0,0
C101170,2024-02-05,,South,55,Premium,Fiber,1 Year,Credit Card,1754,3,3.4,379.0,2,1,0
C101171,2023-07-08,,West,34,Standard,5G,Month-to-Month,Auto-debit,1404,4,3.5,69.1,4,0,0
C101172,2025-12-05,2025-12-19,South,36,Basic,Broadband,Month-to-Month,UPI,573,2,3.8,33.9,2,0,1
C101173,2024-08-21,2025-05-19,West,50,Standard,Broadband,Month-to-Month,Auto-debit,967,0,2.9,83.4,2,0,1
C101174,2024-12-21,2025-09-04,East,40,Standard,5G,2 Year,UPI,1138,3,3.6,78.1,2,1,1
C101175,2025-03-18,,West,50,Premium,5G,1 Year,Auto-debit,1850,1,4.7,266.7,1,0,0
C101176,2023-02-13,,East,45,Standard,5G,1 Year,UPI,1261,0,4.3,162.3,3,0,0
C101177,2025-02-16,2025-05-24,South,40,Basic,5G,1 Year,Auto-debit,621,1,1.9,30.7,1,0,1
C101178,2023-09-13,,North,42,Basic,Broadband,Month-to-Month,UPI,793,1,3.7,40.2,4,1,0
C101179,2022-09-12,,North,25,Standard,5G,2 Year,Auto-debit,986,2,4.3,52.1,0,0,0
C101180,2024-11-19,,West,36,Basic,Fiber,2 Year,Credit Card,523,3,2.7,28.6,1,1,0
C101181,2022-08-28,,North,51,Standard,Fiber,1 Year,UPI,1273,1,5.0,14.4,3,1,0
C101182,2022-11-24,2024-12-10,North,27,Premium,5G,Month-to-Month,Auto-debit,1778,1,2.2,274.4,0,1,1
C101183,2025-07-07,,North,29,Standard,Broadband,Month-to-Month,UPI,970,0,3.9,52.7,2,0,0
C101184,2024-06-17,,North,27,Basic,Fiber,Month-to-Month,Credit Card,503,1,4.1,35.4,1,1,0
C101185,2023-05-06,,West,40,Standard,Fiber,Month-to-Month,UPI,1239,2,3.4,294.4,4,0,0
C101186,2024-09-19,,South,55,Standard,Broadband,1 Year,Auto-debit,844,3,3.2,53.5,0,0,0
C101187,2023-01-06,,Central,45,Basic,5G,1 Year,Auto-debit,733,0,3.1,40.4,2,0,0
C101188,2024-02-09,,North,18,Standard,Fiber,2 Year,Credit Card,1159,3,2.6,84.2,2,1,0
C101189,2023-08-22,,East,46,Standard,Fiber,Month-to-Month,Auto-debit,1310,1,4.0,87.3,4,0,0
C101190,2024-02-10,2025-10-09,South,33,Premium,5G,Month-to-Month,Auto-debit,1979,1,2.3,86.5,2,1,1
C101191,2024-06-10,,South,44,Basic,Fiber,Month-to-Month,Net Banking,500,0,4.4,77.5,0,0,0
C101192,2024-07-12,,West,36,Basic,5G,2 Year,UPI,892,0,3.7,47.9,4,0,0
C101193,2023-09-21,,Central,28,Standard,5G,1 Year,Credit Card,984,2,3.7,78.0,0,0,0
C101194,2024-09-01,,West,37,Basic,5G,Month-to-Month,UPI,757,0,4.4,31.6,3,2,0
C101195,2024-07-12,,North,33,Standard,5G,1 Year,Credit Card,1115,0,5.0,69.0,1,0,0
C101196,2024-11-03,,South,42,Premium,Fiber,1 Year,UPI,1631,1,4.7,192.0,0,1,0
C101197,2023-08-28,,East,27,Basic,Fiber,Month-to-Month,Auto-debit,443,1,2.7,72.1,0,0,0
C101198,2022-05-08,2023-11-23,South,25,Standard,Fiber,Month-to-Month,Net Banking,1303,4,4.3,59.5,4,1,1
C101199,2024-09-15,2025-09-30,West,47,Premium,Fiber,Month-to-Month,Net Banking,1996,0,2.1,80.1,4,2,1
C101200,2023-08-31,,East,51,Standard,5G,Month-to-Month,UPI,1327,1,3.2,114.3,3,0,0
C101201,2025-12-13,,East,45,Standard,Fiber,1 Year,UPI,1260,1,3.7,85.7,4,0,0
C101202,2022-11-01,2023-05-25,West,30,Standard,5G,Month-to-Month,Auto-debit,1351,3,2.8,114.3,4,0,1
C101203,2023-12-30,,West,29,Basic,Fiber,1 Year,Credit Card,514,2,3.5,27.2,1,1,0
C101204,2025-06-09,,North,30,Basic,Fiber,1 Year,Auto-debit,750,0,3.7,43.7,3,0,0
C101205,2024-08-28,,North,49,Standard,Fiber,Month-to-Month,Credit Card,1129,2,4.2,114.4,2,0,0
C101206,2023-09-24,,East,28,Basic,5G,2 Year,UPI,456,1,3.2,31.0,0,0,0
C101207,2025-11-25,2025-12-16,East,49,Basic,5G,Month-to-Month,Net Banking,733,2,3.2,113.6,2,2,1
C101208,2024-11-08,,South,46,Basic,Broadband,1 Year,Net Banking,458,2,4.5,99.9,0,0,0
C101209,2024-05-07,,South,53,Premium,Fiber,Month-to-Month,UPI,1922,3,3.9,106.5,3,0,0
C101210,2023-12-07,,West,51,Basic,5G,1 Year,Net Banking,643,0,3.7,40.1,1,2,0
C101211,2023-02-10,,West,45,Standard,Broadband,Month-to-Month,UPI,762,2,3.6,86.5,0,1,0
C101212,2023-01-10,,East,20,Basic,Fiber,Month-to-Month,UPI,720,3,4.4,48.1,3,0,0
C101213,2024-04-19,,South,45,Standard,Fiber,Month-to-Month,UPI,1038,1,2.6,135.3,1,0,0
C101214,2024-04-25,,South,39,Basic,Fiber,1 Year,Net Banking,655,1,2.8,28.5,2,2,0
C101215,2025-07-06,,East,34,Basic,Fiber,1 Year,Net Banking,423,2,2.9,28.6,0,1,0
C101216,2025-06-22,,South,54,Standard,Broadband,1 Year,UPI,856,0,4.0,84.4,0,0,0
C101217,2024-06-22,,East,36,Standard,Fiber,Month-to-Month,Auto-debit,1327,1,4.2,94.4,4,0,0
C101218,2024-04-29,2025-02-13,West,32,Basic,5G,1 Year,Auto-debit,725,4,2.3,43.4,2,0,1
C101219,2023-06-21,,North,51,Standard,Broadband,1 Year,Credit Card,970,1,2.9,115.3,2,0,0
C101220,2025-08-26,2025-11-30,North,33,Standard,Fiber,Month-to-Month,UPI,1283,1,2.6,146.0,3,1,1
C101221,2023-07-05,2024-09-09,North,31,Basic,5G,Month-to-Month,UPI,790,1,2.9,64.2,3,0,1
C101222,2024-02-22,2025-10-30,Central,24,Standard,Fiber,Month-to-Month,UPI,960,0,3.3,88.7,0,1,1
C101223,2022-05-16,,East,28,Basic,5G,2 Year,Auto-debit,871,2,1.8,39.7,4,0,0
C101224,2023-06-04,,North,29,Standard,Fiber,Month-to-Month,Auto-debit,1223,2,2.9,76.5,3,1,0
C101225,2023-09-06,,Central,45,Basic,Fiber,Month-to-Month,UPI,580,1,2.8,22.3,1,0,0
C101226,2024-02-07,,East,26,Standard,Fiber,2 Year,Credit Card,1098,0,3.7,40.7,1,3,0
C101227,2025-06-01,,East,18,Basic,5G,2 Year,UPI,481,0,,83.0,0,1,0
C101228,2025-03-17,,Central,42,Standard,5G,Month-to-Month,UPI,1106,1,2.4,,1,0,0
C101229,2024-11-07,2025-03-29,North,30,Standard,5G,2 Year,UPI,1121,0,4.5,37.2,1,1,1
C101230,2023-09-05,,North,38,Premium,Fiber,Month-to-Month,UPI,1651,0,5.0,155.0,1,1,0
C101231,2023-03-08,,East,53,Standard,Broadband,2 Year,UPI,1009,3,3.7,34.4,3,0,0
C101232,2025-01-17,,North,39,Premium,Fiber,Month-to-Month,UPI,1668,5,3.0,268.8,1,0,0
C101233,2024-07-15,2025-12-17,West,56,Basic,Broadband,Month-to-Month,Credit Card,636,5,3.5,43.9,2,1,1
C101234,2022-11-30,,North,37,Basic,5G,2 Year,Credit Card,765,1,4.0,155.8,2,0,0
C101235,2023-01-10,,North,50,Basic,5G,Month-to-Month,Credit Card,462,1,4.3,32.2,0,0,0
C101236,2024-01-07,,North,31,Standard,5G,2 Year,UPI,950,2,3.4,57.1,0,0,0
C101237,2023-09-13,2025-03-10,South,39,Standard,Broadband,Month-to-Month,Credit Card,860,2,2.6,90.0,0,0,1
C101238,2025-04-25,,North,27,Premium,5G,Month-to-Month,Credit Card,2023,1,4.6,185.3,3,0,0
C101239,2025-09-05,,North,28,Standard,Fiber,2 Year,Auto-debit,1201,0,5.0,110.6,3,0,0
C101240,2024-04-13,2025-09-14,West,35,Standard,Broadband,Month-to-Month,UPI,857,3,2.8,119.9,0,1,1
C101241,2022-07-07,,South,22,Basic,Fiber,2 Year,Credit Card,808,0,3.8,39.5,3,0,0
C101242,2023-11-10,,South,40,Basic,5G,2 Year,UPI,932,1,3.6,72.4,4,0,0
C101243,2025-07-18,,North,34,Premium,5G,Month-to-Month,UPI,1680,1,2.7,358.4,0,1,0
C101244,2022-11-27,2025-10-13,South,41,Basic,Broadband,Month-to-Month,Credit Card,349,4,2.2,66.0,0,0,1
C101245,2023-10-06,2024-10-09,South,22,Basic,5G,Month-to-Month,Auto-debit,841,3,3.3,29.4,3,0,1
C101246,2024-05-02,,East,46,Premium,Fiber,Month-to-Month,Auto-debit,1721,0,3.9,146.0,1,0,0
C101247,2025-10-28,,North,58,Premium,5G,Month-to-Month,Credit Card,1817,1,3.8,44.3,1,2,0
C101248,2024-11-10,,Central,56,Standard,Fiber,Month-to-Month,UPI,1103,0,3.8,104.7,2,0,0
C101249,2025-01-25,2025-09-13,Central,61,Basic,5G,2 Year,Auto-debit,543,0,3.7,19.2,0,0,1
C101250,2025-04-23,,North,39,Premium,5G,Month-to-Month,UPI,2008,0,3.5,168.9,2,0,0
C101251,2025-06-28,,North,34,Basic,Broadband,1 Year,Credit Card,498,0,4.1,43.3,1,1,0
C101252,2023-01-27,,North,44,Standard,Fiber,Month-to-Month,Auto-debit,1287,0,4.0,121.8,4,3,0
C101253,2025-11-29,2025-12-30,East,35,Basic,Fiber,Month-to-Month,Credit Card,745,3,2.4,45.3,3,1,1
C101254,2025-09-23,,North,18,Premium,5G,Month-to-Month,Credit Card,1901,3,3.5,239.0,1,0,0
C101255,2022-04-19,,West,48,Premium,Fiber,Month-to-Month,UPI,1959,0,3.6,157.0,3,1,0
C101256,2024-08-22,,West,35,Standard,Fiber,1 Year,UPI,1125,1,4.0,127.8,2,0,0
C101257,2025-08-28,,West,20,Basic,Fiber,Month-to-Month,Auto-debit,636,0,3.8,36.5,2,0,0
C101258,2022-05-03,,East,32,Standard,5G,2 Year,UPI,1339,1,3.8,59.2,3,1,0
C101259,2025-05-30,,Central,35,Basic,Fiber,2 Year,UPI,623,0,3.9,22.0,1,0,0
C101260,2025-03-29,,North,38,Premium,5G,Month-to-Month,Credit Card,1889,2,3.5,66.8,2,0,0
C101261,2023-07-31,,South,38,Basic,Broadband,2 Year,UPI,588,2,3.5,46.4,2,0,0
C101262,2023-09-08,,South,54,Basic,5G,2 Year,UPI,842,0,4.4,45.7,3,0,0
C101263,2023-07-03,,Central,23,Standard,Fiber,Month-to-Month,UPI,1021,0,3.9,90.1,1,1,0
C101264,2024-04-20,,East,36,Standard,Fiber,2 Year,Credit Card,1295,0,3.9,52.2,4,0,0
C101265,2023-01-08,,West,27,Premium,Fiber,Month-to-Month,Credit Card,1715,2,3.3,128.4,1,1,0
C101266,2023-11-18,,North,53,Basic,5G,1 Year,Auto-debit,514,1,2.3,86.7,0,1,0
C101267,2025-02-27,,Central,31,Premium,5G,Month-to-Month,UPI,1902,2,3.5,146.5,2,0,0
C101268,2025-03-10,,East,34,Basic,Fiber,2 Year,Auto-debit,561,3,2.2,45.1,1,2,0
C101269,2023-02-12,,East,51,Basic,Fiber,2 Year,UPI,672,0,3.4,51.0,2,1,0
C101270,2022-09-16,,Central,54,Standard,Fiber,2 Year,UPI,1295,0,3.2,137.3,4,0,0
C101271,2023-07-02,2024-06-01,South,56,Basic,Fiber,2 Year,Auto-debit,428,2,2.8,48.2,0,2,1
C101272,2025-02-06,2025-05-28,South,18,Standard,Broadband,Month-to-Month,Auto-debit,777,1,3.1,56.8,0,0,1
C101273,2024-06-02,,East,44,Basic,Fiber,1 Year,UPI,519,1,3.9,34.3,1,0,0
C101274,2022-05-26,2025-10-04,North,41,Basic,Fiber,Month-to-Month,UPI,691,2,3.5,33.7,2,1,1
C101275,2022-02-05,,South,37,Standard,Fiber,Month-to-Month,Auto-debit,880,1,3.6,55.4,0,0,0
C101276,2022-10-14,,North,39,Basic,Fiber,Month-to-Month,UPI,763,2,4.1,65.6,3,0,0
C101277,2025-06-17,,North,53,Standard,Fiber,2 Year,UPI,1201,1,5.0,172.5,3,1,0
C101278,2023-03-18,2025-12-17,West,50,Standard,5G,1 Year,Credit Card,1268,1,3.9,60.1,3,3,1
C101279,2022-02-24,,East,49,Basic,Fiber,Month-to-Month,Auto-debit,712,1,4.2,28.2,2,1,0
C101280,2025-11-11,,South,40,Standard,Fiber,2 Year,Credit Card,1310,3,3.2,39.1,4,0,0
C101281,2025-05-04,,South,65,Basic,5G,2 Year,Credit Card,769,4,3.3,104.8,3,0,0
C101282,2023-12-10,,South,33,Basic,5G,Month-to-Month,Auto-debit,864,2,2.2,71.7,4,0,0
C101283,2022-11-12,,East,19,Basic,Fiber,Month-to-Month,UPI,472,0,1.9,31.5,0,0,0
C101284,2025-11-22,2025-11-28,Central,35,Premium,Broadband,1 Year,Auto-debit,1729,6,1.0,126.5,3,0,1
C101285,2025-03-29,,Central,39,Standard,Fiber,1 Year,UPI,1069,1,3.1,148.6,1,0,0
C101286,2025-02-10,2025-09-28,South,54,Standard,Broadband,Month-to-Month,Net Banking,792,0,4.8,71.4,0,4,1
C101287,2025-04-12,2025-11-13,South,32,Premium,Broadband,Month-to-Month,Credit Card,1390,4,3.2,181.5,0,0,1
C101288,2024-03-05,,South,44,Basic,5G,Month-to-Month,UPI,504,2,3.0,40.9,0,0,0
C101289,2023-09-17,,East,20,Premium,Fiber,Month-to-Month,Credit Card,1616,0,4.4,101.7,0,0,0
C101290,2022-11-27,2025-04-13,East,51,Standard,Broadband,Month-to-Month,Auto-debit,966,2,3.5,19.6,2,2,1
C101291,2024-05-08,,East,39,Premium,Fiber,Month-to-Month,Credit Card,1964,2,2.6,96.3,3,0,0
C101292,2024-09-18,,East,35,Premium,Fiber,Month-to-Month,UPI,1808,0,4.3,90.2,2,0,0
C101293,2024-01-09,,South,64,Premium,5G,1 Year,UPI,1770,2,4.1,153.0,0,1,0
C101294,2022-06-26,,South,51,Basic,5G,Month-to-Month,Net Banking,813,2,4.8,50.1,3,1,0
C101295,2023-07-24,2025-11-06,South,26,Premium,Broadband,Month-to-Month,Net Banking,1415,3,3.2,130.2,0,0,1
C101296,2023-06-18,,North,37,Premium,5G,Month-to-Month,Credit Card,2105,2,4.7,189.9,4,1,0
C101297,2025-02-02,,North,71,Standard,Broadband,2 Year,UPI,898,1,3.3,22.9,1,2,0
C101298,2024-09-07,,West,62,Basic,5G,Month-to-Month,Net Banking,590,0,5.0,43.1,0,1,0
C101299,2025-05-06,2025-09-12,South,49,Premium,5G,Month-to-Month,UPI,1911,4,2.6,65.7,1,0,1
C101300,2025-03-10,,North,18,Basic,5G,Month-to-Month,UPI,901,3,3.5,23.7,4,2,0
C101301,2025-07-23,,East,54,Standard,Broadband,1 Year,Credit Card,1180,2,3.5,63.7,4,2,0
C101302,2025-11-16,,West,30,Standard,Broadband,Month-to-Month,Credit Card,908,3,4.1,74.5,2,1,0
C101303,2022-12-09,,South,54,Basic,Broadband,Month-to-Month,Auto-debit,775,5,3.5,56.8,4,0,0
C101304,2023-08-02,,West,29,Standard,Broadband,2 Year,Credit Card,895,1,2.8,91.7,1,0,0
C101305,2022-11-02,,Central,44,Basic,5G,1 Year,UPI,684,1,3.3,29.3,2,2,0
C101306,2024-03-31,,East,30,Standard,Fiber,Month-to-Month,Auto-debit,1107,0,5.0,66.8,2,0,0
C101307,2025-04-29,,West,34,Premium,Broadband,Month-to-Month,UPI,1523,3,3.3,241.9,1,0,0
C101308,2024-12-25,,North,45,Basic,Fiber,2 Year,Auto-debit,518,1,4.1,99.1,1,0,0
C101309,2025-11-13,,Central,22,Standard,Fiber,2 Year,UPI,1128,0,3.1,63.2,2,0,0
C101310,2023-01-28,,South,66,Basic,5G,1 Year,Auto-debit,791,1,3.4,46.3,3,1,0
C101311,2023-10-02,2024-06-09,Central,26,Premium,5G,1 Year,Auto-debit,1911,1,3.3,75.3,2,1,1
C101312,2025-05-09,,East,25,Premium,5G,2 Year,Auto-debit,1816,1,4.4,197.1,0,0,0
C101313,2025-03-09,,North,46,Basic,Fiber,2 Year,UPI,687,1,4.1,140.8,2,2,0
C101314,2024-04-13,,North,54,Standard,Fiber,Month-to-Month,Auto-debit,1283,2,4.2,56.4,4,0,0
C101315,2022-12-16,,West,34,Standard,Fiber,2 Year,Net Banking,940,3,2.3,132.7,0,3,0
C101316,2022-11-15,,East,25,Standard,Fiber,1 Year,UPI,1259,0,4.2,106.5,4,1,0
C101317,2023-06-07,,North,27,Standard,Fiber,1 Year,Credit Card,892,2,3.3,67.8,0,0,0
C101318,2024-12-30,2025-11-04,West,26,Standard,5G,Month-to-Month,Net Banking,1052,5,1.0,52.0,0,0,1
C101319,2024-01-28,,West,42,Standard,Fiber,Month-to-Month,Auto-debit,933,2,3.6,254.5,0,1,0
C101320,2025-03-27,,East,37,Basic,Fiber,2 Year,Auto-debit,569,3,4.0,64.9,1,0,0
C101321,2022-11-17,,East,43,Basic,Fiber,1 Year,Credit Card,597,1,4.6,71.4,1,1,0
C101322,2024-04-10,,North,42,Premium,5G,Month-to-Month,Net Banking,2169,1,3.7,106.1,4,0,0
C101323,2025-06-11,,West,48,Basic,Broadband,1 Year,UPI,586,6,2.9,45.6,2,0,0
C101324,2022-11-28,,South,33,Standard,Fiber,Month-to-Month,Credit Card,1253,2,3.7,40.1,3,1,0
C101325,2024-10-27,2025-11-10,West,29,Basic,Fiber,Month-to-Month,Auto-debit,787,0,3.3,64.7,4,3,1
C101326,2024-01-29,,South,40,Premium,5G,1 Year,Net Banking,1722,0,3.4,97.8,0,5,0
C101327,2023-02-22,,East,37,Standard,Fiber,1 Year,Auto-debit,1014,0,3.8,44.1,1,0,0
C101328,2024-11-12,2025-04-23,South,41,Standard,Broadband,Month-to-Month,Credit Card,1217,2,3.1,48.1,4,0,1
C101329,2022-03-27,2024-08-21,North,29,Basic,Broadband,Month-to-Month,UPI,683,5,2.6,147.6,3,0,1
C101330,2025-08-13,2025-10-15,West,46,Standard,5G,Month-to-Month,Net Banking,927,2,3.0,63.5,0,1,1
C101331,2024-11-13,,East,24,Premium,Broadband,1 Year,UPI,1421,3,3.4,141.8,1,0,0
C101332,2024-08-10,,East,33,Standard,5G,2 Year,Auto-debit,1095,1,2.8,40.5,1,0,0
C101333,2022-10-02,,Central,52,Standard,5G,1 Year,Auto-debit,980,1,4.6,67.1,0,1,0
C101334,2025-08-12,,Central,24,Standard,Fiber,1 Year,Auto-debit,1080,2,2.0,37.1,2,2,0
C101335,2025-05-29,,West,51,Basic,Fiber,Month-to-Month,Auto-debit,713,3,3.0,53.3,3,0,0
C101336,2025-03-15,,North,21,Standard,Fiber,Month-to-Month,Credit Card,1023,0,3.7,46.7,1,0,0
C101337,2024-12-05,,East,19,Basic,5G,2 Year,Credit Card,650,1,3.5,65.9,1,0,0
C101338,2024-10-20,2025-09-28,West,20,Basic,5G,Month-to-Month,Auto-debit,702,2,2.7,18.1,2,0,1
C101339,2025-07-03,2025-10-12,South,39,Standard,Fiber,Month-to-Month,UPI,1367,1,2.5,53.7,4,0,1
C101340,2024-12-08,,North,47,Premium,5G,Month-to-Month,Auto-debit,2031,1,3.9,212.4,3,0,0
C101341,2024-08-04,,West,54,Premium,Fiber,1 Year,UPI,2023,3,3.1,253.8,4,0,0
C101342,2024-03-13,2024-12-24,East,53,Premium,Fiber,Month-to-Month,Auto-debit,1861,5,3.0,118.3,2,1,1
C101343,2025-05-10,,East,48,Standard,Fiber,Month-to-Month,Credit Card,913,1,2.4,60.7,0,1,0
C101344,2025-08-19,2025-11-25,Central,28,Basic,5G,1 Year,Auto-debit,500,4,4.0,46.9,0,1,1
C101345,2024-07-04,,East,28,Standard,5G,Month-to-Month,Credit Card,984,2,3.2,205.6,0,0,0
C101346,2024-07-07,,South,47,Premium,5G,Month-to-Month,Net Banking,1970,2,1.4,103.1,2,1,0
C101347,2024-02-19,,South,55,Standard,Fiber,2 Year,Auto-debit,1054,1,3.7,73.8,1,0,0
C101348,2022-11-07,,South,26,Standard,5G,2 Year,Credit Card,1112,5,2.2,43.5,1,1,0
C101349,2023-07-20,2024-02-24,North,54,Standard,Broadband,Month-to-Month,UPI,1186,3,2.3,52.5,4,2,1
C101350,2025-02-23,2025-06-28,West,18,Standard,Fiber,Month-to-Month,UPI,859,4,3.7,91.9,0,0,1
C101351,2025-10-19,2025-11-12,West,43,Premium,5G,Month-to-Month,Credit Card,1747,3,3.9,184.3,0,0,1
C101352,2024-03-25,2024-08-15,South,37,Standard,Fiber,Month-to-Month,Net Banking,1010,5,2.8,85.7,1,3,1
C101353,2022-03-31,,South,36,Standard,Fiber,2 Year,Net Banking,1225,2,3.4,111.6,3,2,0
C101354,2024-12-18,,West,38,Basic,5G,1 Year,UPI,899,2,3.7,26.8,4,2,0
C101355,2025-09-24,2025-10-28,North,28,Standard,Fiber,Month-to-Month,UPI,1081,2,2.2,42.5,1,0,1
C101356,2022-10-15,,East,43,Basic,5G,1 Year,Auto-debit,570,1,3.7,65.8,1,0,0
C101357,2023-10-16,,East,39,Premium,Broadband,Month-to-Month,Net Banking,1534,0,,92.9,2,0,0
C101358,2025-03-09,,West,49,Standard,Fiber,Month-to-Month,UPI,1269,2,4.0,41.0,4,0,0
C101359,2023-04-03,,North,57,Standard,Fiber,2 Year,UPI,894,0,3.1,81.6,0,1,0
C101360,2024-05-09,,West,40,Basic,Broadband,Month-to-Month,UPI,838,3,3.2,46.2,4,0,0
C101361,2023-07-18,,South,28,Standard,5G,Month-to-Month,Auto-debit,1343,0,3.0,67.0,4,0,0
C101362,2025-05-07,,East,24,Standard,Broadband,2 Year,Net Banking,851,1,3.7,163.0,1,0,0
C101363,2024-09-03,,North,58,Basic,Fiber,Month-to-Month,Net Banking,772,1,,112.9,3,1,0
C101364,2025-11-16,2025-11-23,East,57,Premium,5G,Month-to-Month,Net Banking,2080,2,2.9,190.5,3,1,1
C101365,2025-10-13,2025-11-10,East,49,Basic,Broadband,Month-to-Month,Auto-debit,337,3,3.3,54.8,0,0,1
C101366,2025-11-19,,North,39,Standard,Fiber,Month-to-Month,UPI,1046,2,2.8,146.9,2,0,0
C101367,2024-12-30,,North,48,Basic,Broadband,Month-to-Month,UPI,467,4,2.2,47.8,1,0,0
C101368,2023-08-09,,North,54,Standard,5G,Month-to-Month,Credit Card,1025,1,3.8,66.9,0,0,0
C101369,2024-08-02,,South,31,Standard,Broadband,Month-to-Month,Auto-debit,1003,1,2.5,55.0,2,1,0
C101370,2024-09-17,,North,38,Premium,Fiber,Month-to-Month,Credit Card,1876,3,3.0,79.7,3,4,0
C101371,2023-03-21,,Central,25,Basic,5G,1 Year,Credit Card,726,2,2.2,70.3,2,0,0
C101372,2024-06-01,,South,36,Premium,Fiber,2 Year,Auto-debit,1614,1,2.8,55.6,0,0,0
C101373,2024-09-15,,West,57,Standard,Broadband,1 Year,UPI,1191,3,3.9,54.8,4,0,0
C101374,2024-02-14,,Central,51,Basic,Fiber,1 Year,Credit Card,394,0,3.5,37.1,0,0,0
C101375,2025-10-21,,North,40,Basic,Fiber,2 Year,Net Banking,527,0,3.3,21.9,1,1,0
C101376,2025-07-24,2025-10-31,East,18,Basic,Broadband,Month-to-Month,Auto-debit,675,0,4.4,36.4,2,0,1
C101377,2023-09-29,,West,30,Premium,Fiber,Month-to-Month,UPI,1991,3,4.4,123.6,4,1,0
C101378,2023-08-18,,East,39,Basic,5G,Month-to-Month,Credit Card,757,2,3.5,73.9,3,0,0
C101379,2023-11-24,2024-08-08,South,35,Standard,Fiber,Month-to-Month,Auto-debit,904,2,4.0,57.2,0,0,1
C101380,2024-06-01,,South,38,Standard,5G,2 Year,Net Banking,1202,0,3.4,77.5,2,2,0
C101381,2024-04-01,2025-05-27,North,41,Premium,Fiber,Month-to-Month,Net Banking,2040,3,3.3,55.9,4,1,1
C101382,2024-07-25,,East,32,Standard,5G,2 Year,UPI,1123,3,3.1,40.1,1,0,0
C101383,2022-10-01,,Central,38,Standard,5G,Month-to-Month,UPI,1368,3,3.3,28.5,4,0,0
C101384,2024-02-23,,Central,36,Basic,Fiber,Month-to-Month,UPI,708,0,4.5,72.1,2,0,0
C101385,2025-09-06,2025-11-07,North,30,Premium,Fiber,Month-to-Month,UPI,1938,2,2.5,100.1,3,0,1
C101386,2025-05-27,2025-09-22,West,60,Basic,Fiber,Month-to-Month,Auto-debit,738,4,2.2,49.4,3,0,1
C101387,2024-03-26,,South,32,Basic,5G,Month-to-Month,Net Banking,890,0,3.5,57.5,4,1,0
C101388,2025-05-26,2025-08-07,Central,18,Premium,Fiber,1 Year,Auto-debit,1930,2,2.8,176.7,3,0,1
C101389,2022-08-19,2023-05-04,North,59,Basic,Fiber,Month-to-Month,UPI,700,2,3.5,120.5,2,0,1
C101390,2024-04-03,,Central,28,Basic,Fiber,2 Year,UPI,596,1,3.7,43.3,2,2,0
C101391,2024-09-05,,West,49,Standard,5G,2 Year,Auto-debit,1299,0,3.8,51.6,3,0,0
C101392,2025-05-16,,North,30,Basic,5G,Month-to-Month,UPI,696,2,3.0,62.7,2,0,0
C101393,2022-03-07,,North,45,Basic,5G,2 Year,UPI,476,1,4.5,144.1,0,0,0
C101394,2025-07-28,2025-09-18,West,37,Standard,Broadband,Month-to-Month,UPI,1172,3,3.2,56.3,4,1,1
C101395,2023-10-05,,North,50,Standard,5G,Month-to-Month,UPI,1140,1,3.4,49.5,1,1,0
C101396,2024-05-04,,East,35,Premium,Broadband,Month-to-Month,UPI,1717,1,3.8,32.9,3,0,0
C101397,2024-04-08,,Central,30,Basic,5G,1 Year,UPI,781,1,4.1,15.7,2,0,0
C101398,2025-06-15,2025-10-20,East,41,Standard,Fiber,Month-to-Month,Auto-debit,896,4,2.9,149.9,0,0,1
C101399,2024-03-20,,South,33,Premium,Broadband,1 Year,UPI,1800,3,2.6,108.1,4,0,0
C101400,2025-07-24,,South,18,Basic,Broadband,2 Year,Credit Card,411,2,4.5,25.0,0,1,0
C101401,2023-11-29,,North,31,Basic,5G,Month-to-Month,Credit Card,931,2,3.6,44.3,4,1,0
C101402,2023-12-11,,Central,72,Basic,Fiber,2 Year,Credit Card,909,1,2.7,162.4,4,0,0
C101403,2025-02-24,,South,18,Standard,Fiber,1 Year,Credit Card,1121,1,2.3,,2,0,0
C101404,2023-09-13,,North,41,Basic,5G,Month-to-Month,UPI,851,1,4.0,115.2,4,0,0
C101405,2025-07-14,2025-11-09,South,35,Standard,5G,Month-to-Month,UPI,1366,2,4.2,46.1,4,0,1
C101406,2022-07-27,2025-07-20,Central,60,Premium,5G,Month-to-Month,Credit Card,2150,1,4.1,244.7,4,0,1
C101407,2024-12-13,,North,25,Basic,Fiber,Month-to-Month,Auto-debit,801,2,3.7,33.4,3,1,0
C101408,2024-12-04,2025-10-28,West,39,Standard,5G,1 Year,Credit Card,1337,4,3.2,50.2,4,1,1
C101409,2023-07-18,,West,46,Basic,Fiber,Month-to-Month,Credit Card,709,1,3.6,27.6,3,0,0
C101410,2022-11-09,,West,36,Basic,Fiber,Month-to-Month,Auto-debit,885,1,2.4,37.6,4,1,0
C101411,2025-01-04,,Central,29,Standard,Fiber,1 Year,Auto-debit,867,1,3.1,120.1,0,1,0
C101412,2025-09-19,,West,38,Standard,Broadband,1 Year,Auto-debit,952,2,3.9,57.9,2,0,0
C101413,2025-03-05,,Central,34,Premium,5G,2 Year,Credit Card,1992,3,3.7,201.3,2,0,0
C101414,2024-09-02,,North,34,Standard,Broadband,Month-to-Month,Auto-debit,1186,2,3.2,51.5,4,0,0
C101415,2023-09-29,,West,49,Basic,5G,1 Year,Credit Card,685,1,3.2,42.4,2,0,0
C101416,2025-10-07,2025-12-17,East,43,Standard,Broadband,Month-to-Month,Net Banking,1052,1,3.7,56.5,2,1,1
C101417,2025-02-19,,East,45,Basic,5G,1 Year,Auto-debit,753,0,3.6,109.4,3,1,0
C101418,2024-12-06,,Central,42,Premium,Broadband,Month-to-Month,Credit Card,1645,3,3.2,152.7,3,0,0
C101419,2025-10-10,,Central,50,Standard,Broadband,Month-to-Month,Auto-debit,1062,2,3.4,85.0,2,0,0
C101420,2023-10-30,,West,54,Basic,5G,2 Year,Auto-debit,904,2,2.8,38.5,4,1,0
C101421,2024-11-02,,East,35,Standard,Fiber,1 Year,Credit Card,1342,0,4.4,55.1,4,0,0
C101422,2022-12-09,,South,48,Standard,5G,1 Year,UPI,1283,2,3.2,44.6,3,0,0
C101423,2022-06-08,,South,22,Premium,Fiber,Month-to-Month,Auto-debit,2001,1,4.1,228.4,4,0,0
C101424,2023-05-28,,South,18,Basic,Fiber,1 Year,UPI,431,3,3.1,19.7,0,1,0
C101425,2024-05-15,,South,60,Basic,5G,Month-to-Month,Credit Card,709,0,4.9,36.9,2,0,0
C101426,2024-03-29,,North,34,Basic,Broadband,Month-to-Month,UPI,432,0,4.2,,0,0,0
C101427,2025-12-03,2025-12-09,North,41,Basic,Fiber,Month-to-Month,Auto-debit,764,1,3.8,19.1,3,1,1
C101428,2023-07-26,2025-06-28,West,23,Standard,Fiber,Month-to-Month,Auto-debit,961,4,3.1,80.6,0,0,1
C101429,2024-01-21,,South,23,Basic,Broadband,Month-to-Month,UPI,623,3,4.5,28.6,2,2,0
C101430,2024-09-10,,Central,29,Standard,Fiber,1 Year,Net Banking,1174,2,3.3,74.7,3,2,0
C101431,2022-05-11,,East,46,Standard,Fiber,Month-to-Month,Auto-debit,1210,1,3.7,67.7,3,0,0
C101432,2023-11-15,,North,32,Basic,5G,2 Year,UPI,481,3,3.1,14.3,0,0,0
C101433,2024-03-15,,North,34,Premium,Broadband,2 Year,UPI,1627,3,1.9,162.2,2,1,0
C101434,2023-07-03,2024-09-15,North,29,Standard,5G,Month-to-Month,UPI,1314,1,3.6,45.0,3,0,1
C101435,2025-01-02,,Central,52,Basic,5G,1 Year,Auto-debit,900,1,4.3,33.6,4,0,0
C101436,2023-02-25,,North,48,Standard,Fiber,Month-to-Month,Credit Card,1355,1,3.9,75.6,4,1,0
C101437,2023-10-24,,East,32,Basic,Fiber,2 Year,UPI,780,2,4.4,53.4,4,0,0
C101438,2025-09-16,2025-12-14,Central,46,Premium,Broadband,Month-to-Month,UPI,1474,7,2.8,147.5,1,1,1
C101439,2022-07-08,2024-01-26,Central,35,Standard,Broadband,Month-to-Month,Credit Card,1075,3,3.4,109.4,3,0,1
C101440,2024-02-11,,South,34,Standard,Fiber,Month-to-Month,UPI,929,1,4.2,21.5,0,0,0
C101441,2023-09-10,,North,37,Premium,Fiber,2 Year,Net Banking,1730,1,4.0,150.1,1,0,0
C101442,2024-12-16,,North,46,Premium,Fiber,Month-to-Month,UPI,1708,0,3.8,118.6,1,1,0
C101443,2022-12-02,,North,27,Premium,Fiber,2 Year,Auto-debit,1754,0,3.9,89.4,2,3,0
C101444,2023-05-10,2025-12-05,North,44,Basic,Fiber,Month-to-Month,Net Banking,871,2,1.6,50.4,4,0,1
C101445,2025-02-15,,East,68,Basic,Fiber,1 Year,Auto-debit,860,0,4.9,70.1,4,1,0
C101446,2022-04-12,2023-06-14,Central,40,Standard,Broadband,Month-to-Month,UPI,1136,2,3.2,47.5,4,2,1
C101447,2024-02-03,,East,38,Standard,Fiber,Month-to-Month,Net Banking,1303,0,3.1,148.6,4,2,0
C101448,2025-02-13,,East,37,Standard,5G,Month-to-Month,Auto-debit,1014,1,3.3,130.7,0,1,0
C101449,2022-08-10,,North,44,Standard,5G,Month-to-Month,Credit Card,1461,1,4.8,88.7,4,1,0
C101450,2025-01-16,,West,19,Basic,Broadband,1 Year,UPI,751,3,3.1,24.0,4,0,0
C101451,2025-03-15,,East,58,Basic,Broadband,1 Year,UPI,728,3,3.2,129.9,3,0,0
C101452,2023-11-15,2025-11-14,West,50,Standard,Fiber,Month-to-Month,Net Banking,876,3,4.5,85.0,0,1,1
C101453,2024-03-07,2025-04-13,Central,30,Basic,Fiber,Month-to-Month,Credit Card,705,5,3.1,47.6,3,1,1
C101454,2024-03-13,,South,38,Standard,5G,Month-to-Month,Auto-debit,1247,1,3.3,78.0,3,0,0
C101455,2023-11-15,,North,31,Standard,Fiber,1 Year,Auto-debit,943,3,1.9,97.2,0,1,0
C101456,2025-10-07,,South,42,Standard,Fiber,1 Year,Net Banking,1023,1,4.0,117.2,1,2,0
C101457,2024-11-27,2025-04-21,South,39,Standard,Fiber,2 Year,Auto-debit,1203,2,2.8,72.8,3,2,1
C101458,2022-12-06,,Central,41,Standard,Broadband,2 Year,Net Banking,817,7,2.5,39.6,0,1,0
C101459,2023-11-22,,South,26,Standard,Fiber,Month-to-Month,UPI,1019,1,3.5,123.7,1,1,0
C101460,2023-09-12,2025-06-18,West,32,Basic,5G,Month-to-Month,UPI,800,3,3.3,29.4,3,0,1
C101461,2025-08-30,,East,52,Standard,5G,2 Year,Auto-debit,1383,1,4.2,44.6,4,0,0
C101462,2025-10-19,,North,32,Standard,5G,Month-to-Month,UPI,1057,1,2.3,71.4,1,0,0
C101463,2025-04-13,,South,18,Basic,Fiber,Month-to-Month,Auto-debit,527,1,3.6,35.2,0,1,0
C101464,2025-10-21,,East,36,Standard,Broadband,Month-to-Month,UPI,1251,5,2.5,89.1,4,0,0
C101465,2022-07-12,,West,67,Premium,5G,1 Year,UPI,2208,2,3.7,156.8,4,0,0
C101466,2025-11-10,,South,48,Basic,5G,1 Year,Auto-debit,873,0,4.2,35.0,4,0,0
C101467,2022-02-07,,South,31,Standard,Fiber,2 Year,Auto-debit,1090,3,3.2,78.3,2,0,0
C101468,2023-11-21,2024-04-16,West,37,Premium,Broadband,Month-to-Month,Auto-debit,1679,3,2.8,92.5,3,1,1
C101469,2024-08-08,2025-12-27,North,46,Premium,Broadband,Month-to-Month,UPI,1442,5,2.0,173.0,0,1,1
C101470,2023-03-12,2024-04-21,Central,18,Standard,Fiber,Month-to-Month,UPI,1216,1,2.4,94.2,3,0,1
C101471,2024-01-24,,North,28,Standard,Fiber,1 Year,Net Banking,1194,1,3.6,105.5,3,1,0
C101472,2023-08-23,,North,43,Premium,Fiber,Month-to-Month,Auto-debit,1920,0,4.4,102.3,3,3,0
C101473,2025-04-27,,East,57,Standard,Fiber,2 Year,UPI,1186,1,3.3,83.9,3,1,0
C101474,2022-12-26,,East,33,Basic,Fiber,Month-to-Month,Net Banking,801,1,4.1,57.1,4,0,0
C101475,2025-02-02,,East,57,Basic,Fiber,1 Year,UPI,761,1,3.5,64.3,3,0,0
C101476,2024-07-21,2025-05-19,South,29,Premium,Fiber,2 Year,Net Banking,1588,2,3.4,164.3,0,4,1
C101477,2025-10-31,2025-12-14,Central,18,Standard,Broadband,Month-to-Month,UPI,1095,0,2.8,69.3,3,1,1
C101478,2024-12-14,2025-07-20,East,47,Basic,Broadband,1 Year,Auto-debit,589,3,2.7,24.9,3,0,1
C101479,2024-03-18,,East,44,Basic,Broadband,Month-to-Month,UPI,561,2,3.9,56.8,2,0,0
C101480,2022-07-27,,South,47,Standard,5G,2 Year,Net Banking,1294,2,4.3,92.4,3,0,0
C101481,2023-06-30,,North,46,Standard,5G,2 Year,Auto-debit,938,1,3.4,42.5,0,2,0
C101482,2025-04-23,,East,40,Premium,Fiber,1 Year,UPI,1649,2,4.1,180.1,1,0,0
C101483,2025-06-13,,South,35,Standard,5G,Month-to-Month,UPI,1396,2,4.3,79.7,4,1,0
C101484,2024-12-12,,East,35,Premium,Fiber,2 Year,Credit Card,1637,1,3.1,110.6,0,0,0
C101485,2024-06-30,,North,32,Premium,5G,2 Year,Net Banking,2109,2,,131.2,4,0,0
C101486,2023-07-13,,Central,33,Basic,Broadband,1 Year,Net Banking,488,0,3.9,70.4,1,1,0
C101487,2023-06-12,,East,18,Standard,Broadband,2 Year,Credit Card,1086,3,3.8,160.7,3,0,0
C101488,2024-12-22,,Central,23,Basic,Fiber,Month-to-Month,UPI,495,0,3.2,43.1,1,1,0
C101489,2023-10-18,,East,36,Premium,5G,Month-to-Month,Auto-debit,1796,3,3.5,105.1,0,0,0
C101490,2025-05-19,,North,18,Basic,Fiber,Month-to-Month,UPI,749,0,3.6,59.9,3,0,0
C101491,2022-12-16,2024-11-01,West,18,Standard,Fiber,Month-to-Month,Credit Card,1209,5,2.8,37.7,3,0,1
C101492,2024-02-06,,East,34,Premium,Fiber,Month-to-Month,Auto-debit,1624,0,4.9,181.5,0,1,0
C101493,2024-11-09,,West,36,Basic,Fiber,1 Year,Auto-debit,495,3,4.1,22.5,1,0,0
C101494,2023-04-26,,South,34,Premium,5G,Month-to-Month,UPI,1885,0,4.9,59.3,1,0,0
C101495,2023-05-13,2024-12-16,East,18,Basic,Fiber,Month-to-Month,UPI,897,2,2.6,96.1,4,1,1
C101496,2025-12-14,,West,57,Standard,Fiber,1 Year,Net Banking,1023,2,3.0,26.0,1,0,0
C101497,2023-10-06,,East,21,Standard,Broadband,1 Year,UPI,817,1,4.3,141.7,0,0,0
C101498,2025-06-24,,South,28,Basic,5G,2 Year,Net Banking,882,2,3.7,96.5,4,0,0
C101499,2024-01-06,,West,23,Standard,Fiber,Month-to-Month,Credit Card,953,2,3.1,87.3,0,0,0
C101500,2025-11-18,2025-12-09,West,54,Premium,5G,2 Year,UPI,1914,3,2.6,159.6,2,0,1
C101501,2024-11-20,,Central,43,Basic,5G,Month-to-Month,Credit Card,497,0,1.1,20.1,0,2,0
C101502,2023-03-26,,South,32,Standard,5G,Month-to-Month,Net Banking,1099,1,2.4,57.6,1,4,0
C101503,2024-12-27,,South,31,Premium,5G,1 Year,Auto-debit,2044,0,3.8,141.1,3,0,0
C101504,2024-11-05,2025-06-10,West,40,Standard,Broadband,Month-to-Month,UPI,842,5,2.3,86.9,0,2,1
C101505,2024-11-30,2025-12-28,East,23,Basic,Fiber,1 Year,UPI,843,2,3.6,55.2,3,0,1
C101506,2022-05-15,,West,43,Premium,5G,Month-to-Month,UPI,1942,0,4.4,139.0,2,0,0
C101507,2023-06-15,,South,31,Basic,Fiber,Month-to-Month,Net Banking,775,1,5.0,44.7,3,2,0
C101508,2023-03-19,,North,44,Standard,Broadband,Month-to-Month,Auto-debit,767,0,3.3,40.0,0,0,0
C101509,2023-12-16,2025-01-31,West,44,Standard,Fiber,Month-to-Month,Auto-debit,1059,1,2.2,87.9,1,0,1
C101510,2024-02-01,,North,31,Premium,Fiber,Month-to-Month,Auto-debit,1588,0,3.3,66.8,0,1,0
C101511,2025-05-22,,North,18,Basic,Broadband,Month-to-Month,Credit Card,921,1,4.7,36.8,4,1,0
C101512,2022-07-16,,East,35,Basic,5G,Month-to-Month,Auto-debit,828,1,3.6,88.7,4,0,0
C101513,2024-05-29,,West,21,Standard,Fiber,1 Year,UPI,1203,5,3.3,33.7,2,0,0
C101514,2025-02-15,,Central,39,Basic,Fiber,Month-to-Month,Credit Card,696,0,3.4,41.6,2,0,0
C101515,2023-09-14,,South,35,Standard,Fiber,1 Year,Credit Card,874,2,2.9,113.8,0,1,0
C101516,2022-07-15,,North,31,Standard,Broadband,1 Year,Auto-debit,1288,0,2.6,101.4,4,2,0
C101517,2022-06-18,,Central,22,Standard,5G,Month-to-Month,Auto-debit,1259,1,3.3,85.9,3,1,0
C101518,2023-03-08,,North,52,Basic,Fiber,Month-to-Month,UPI,446,3,3.1,31.5,0,1,0
C101519,2023-02-21,,North,33,Basic,5G,1 Year,Auto-debit,645,1,4.2,85.2,2,2,0
C101520,2024-10-04,,South,66,Premium,5G,2 Year,Auto-debit,1743,4,3.4,63.9,0,0,0
C101521,2023-06-10,,East,38,Standard,Fiber,Month-to-Month,Auto-debit,1115,0,5.0,104.2,2,1,0
C101522,2025-02-01,,Central,42,Basic,Broadband,2 Year,Credit Card,729,4,2.7,47.7,3,0,0
C101523,2024-08-30,2025-12-12,West,38,Basic,Fiber,Month-to-Month,Auto-debit,655,2,3.5,29.8,1,0,1
C101524,2024-08-28,,West,42,Basic,Broadband,Month-to-Month,Auto-debit,576,2,3.3,36.4,2,0,0
C101525,2022-12-30,,North,51,Premium,Broadband,Month-to-Month,Net Banking,1586,4,2.5,,3,2,0
C101526,2025-12-08,,South,51,Basic,Fiber,Month-to-Month,Credit Card,485,4,3.1,24.7,0,1,0
C101527,2025-03-27,,East,18,Basic,5G,Month-to-Month,Auto-debit,477,1,3.4,18.3,0,2,0
C101528,2022-07-21,2024-05-03,North,48,Standard,Broadband,Month-to-Month,Auto-debit,1070,1,4.7,53.6,2,0,1
C101529,2024-05-28,,South,44,Basic,5G,Month-to-Month,Credit Card,695,0,3.2,54.4,2,0,0
C101530,2024-06-28,,South,38,Basic,5G,1 Year,Auto-debit,567,3,2.8,90.1,1,0,0
C101531,2022-12-13,2024-04-17,North,59,Premium,Fiber,Month-to-Month,UPI,1766,2,2.6,119.4,2,0,1
C101532,2023-05-09,,East,59,Standard,Fiber,2 Year,Net Banking,944,0,4.0,32.6,0,1,0
C101533,2024-12-16,,West,49,Basic,5G,2 Year,UPI,785,1,2.6,46.4,3,1,0
C101534,2022-07-28,,North,31,Standard,Fiber,Month-to-Month,Credit Card,1275,2,3.3,113.1,3,0,0
C101535,2024-09-02,,East,24,Basic,Fiber,Month-to-Month,UPI,549,0,3.0,51.9,1,1,0
C101536,2025-09-22,2025-11-26,West,47,Basic,5G,Month-to-Month,UPI,852,5,1.9,56.6,3,0,1
C101537,2023-11-26,,West,54,Standard,Fiber,2 Year,UPI,963,2,2.8,28.9,1,0,0
C101538,2025-02-19,,West,18,Standard,Broadband,Month-to-Month,UPI,828,1,4.1,37.7,1,0,0
C101539,2025-04-01,,South,51,Standard,Broadband,Month-to-Month,UPI,931,3,3.0,68.9,1,0,0
C101540,2022-05-17,,West,35,Premium,Broadband,2 Year,Net Banking,1776,3,3.2,207.8,4,0,0
C101541,2025-10-15,,South,18,Basic,Fiber,Month-to-Month,UPI,646,1,3.9,29.8,2,0,0
C101542,2023-12-29,,South,44,Premium,5G,Month-to-Month,UPI,2005,1,3.3,130.6,3,1,0
C101543,2023-08-27,,North,49,Standard,Broadband,2 Year,UPI,855,3,1.7,80.1,1,0,0
C101544,2025-01-17,,East,34,Basic,Fiber,2 Year,UPI,880,2,2.5,26.3,4,0,0
C101545,2024-05-18,2025-10-28,South,25,Premium,5G,Month-to-Month,UPI,2045,3,3.0,81.6,3,1,1
C101546,2023-07-11,,South,59,Basic,5G,Month-to-Month,Auto-debit,456,1,3.5,43.7,0,0,0
C101547,2025-06-29,2025-09-21,West,30,Standard,Fiber,Month-to-Month,Credit Card,1049,1,3.9,61.4,1,0,1
C101548,2024-11-09,2025-01-19,South,52,Standard,Fiber,Month-to-Month,UPI,1164,0,3.7,111.1,2,1,1
C101549,2023-06-13,,South,20,Basic,5G,Month-to-Month,Credit Card,692,2,4.0,35.8,2,0,0
C101550,2024-07-24,,North,43,Premium,Fiber,Month-to-Month,UPI,2045,2,3.8,183.7,4,1,0
C101551,2025-07-20,,South,43,Basic,Broadband,1 Year,Net Banking,557,1,2.6,36.9,2,0,0
C101552,2023-05-28,2023-10-22,South,48,Premium,5G,1 Year,Auto-debit,1970,5,1.0,119.3,2,1,1
C101553,2024-06-01,,South,56,Basic,Fiber,2 Year,UPI,564,0,3.1,66.0,1,0,0
C101554,2024-04-22,,South,28,Basic,5G,2 Year,UPI,863,0,3.9,41.9,4,1,0
C101555,2023-12-13,,West,44,Basic,5G,Month-to-Month,Net Banking,878,2,3.6,35.7,3,1,0
C101556,2025-06-28,,Central,22,Premium,Fiber,Month-to-Month,UPI,1915,2,3.4,113.9,3,1,0
C101557,2025-10-22,,East,21,Basic,Broadband,Month-to-Month,UPI,672,1,3.6,69.1,3,0,0
C101558,2023-09-20,,East,31,Premium,5G,Month-to-Month,Net Banking,2047,0,4.9,139.2,3,1,0
C101559,2024-03-26,2025-05-12,West,43,Basic,5G,Month-to-Month,Net Banking,761,2,3.3,15.1,3,4,1
C101560,2025-09-03,,Central,58,Standard,Broadband,1 Year,UPI,852,2,3.5,51.4,1,0,0
C101561,2025-02-02,,East,60,Basic,5G,Month-to-Month,Auto-debit,679,1,4.7,31.0,2,2,0
C101562,2025-05-06,,Central,34,Basic,5G,Month-to-Month,UPI,483,2,2.0,59.2,0,0,0
C101563,2025-12-06,,Central,42,Premium,Fiber,Month-to-Month,UPI,1676,2,4.7,45.2,1,0,0
C101564,2023-08-14,,West,49,Standard,Fiber,2 Year,Net Banking,1068,4,1.0,84.8,1,2,0
C101565,2025-01-13,2025-07-01,East,47,Standard,5G,1 Year,Net Banking,1067,2,2.7,101.3,1,1,1
C101566,2023-11-16,2024-10-05,North,36,Standard,5G,Month-to-Month,Net Banking,1159,5,2.2,,2,2,1
C101567,2022-10-02,2024-03-11,North,39,Standard,5G,Month-to-Month,Net Banking,1149,2,2.2,70.6,2,4,1
C101568,2023-04-02,,East,37,Standard,5G,2 Year,Net Banking,1145,0,3.7,32.9,2,0,0
C101569,2022-03-09,,East,35,Premium,5G,Month-to-Month,Auto-debit,2186,2,3.5,103.7,4,0,0
C101570,2025-05-16,,South,34,Standard,Broadband,1 Year,Credit Card,908,4,3.3,154.0,1,0,0
C101571,2025-02-09,,East,37,Standard,Broadband,1 Year,Credit Card,827,1,4.0,54.7,0,1,0
C101572,2024-10-15,,East,33,Standard,Fiber,1 Year,Auto-debit,1257,0,3.9,219.3,3,0,0
C101573,2022-02-20,,West,24,Standard,Broadband,Month-to-Month,UPI,885,2,4.1,110.6,1,1,0
C101574,2024-08-03,,North,48,Standard,Broadband,2 Year,Auto-debit,1254,2,3.8,68.6,4,0,0
C101575,2023-01-08,2025-08-11,South,44,Standard,Fiber,Month-to-Month,UPI,1191,1,3.3,82.5,3,1,1
C101576,2024-01-06,2025-03-14,West,61,Standard,Fiber,Month-to-Month,Credit Card,974,4,2.9,88.9,1,1,1
C101577,2024-03-03,2024-06-14,West,42,Standard,Fiber,Month-to-Month,Net Banking,1132,6,1.9,55.2,2,1,1
C101578,2024-03-16,,Central,33,Premium,5G,Month-to-Month,Net Banking,2151,0,3.1,95.9,4,1,0
C101579,2025-10-24,,West,30,Premium,5G,Month-to-Month,UPI,2150,2,3.8,319.7,4,0,0
C101580,2024-01-13,,Central,39,Premium,5G,1 Year,Credit Card,1888,2,2.5,248.6,1,0,0
C101581,2025-08-14,,South,45,Standard,Broadband,2 Year,Auto-debit,803,1,3.4,61.0,0,1,0
C101582,2024-05-11,2025-07-17,South,35,Standard,Fiber,Month-to-Month,Auto-debit,931,3,1.4,49.9,0,0,1
C101583,2023-02-27,,South,20,Basic,Fiber,2 Year,Credit Card,909,1,3.6,19.9,4,2,0
C101584,2023-02-24,2025-12-03,East,29,Standard,Broadband,2 Year,UPI,1107,4,2.3,216.7,3,3,1
C101585,2023-08-09,,Central,38,Basic,Broadband,Month-to-Month,UPI,716,2,3.7,73.8,3,0,0
C101586,2022-03-27,,South,47,Basic,Broadband,1 Year,Credit Card,639,2,3.1,82.5,3,0,0
C101587,2024-08-30,,East,20,Premium,Fiber,2 Year,UPI,2055,1,3.7,89.9,3,2,0
C101588,2024-09-04,,South,41,Premium,Fiber,1 Year,Auto-debit,1743,2,3.5,87.0,2,1,0
C101589,2024-10-17,2025-09-30,North,41,Standard,Fiber,Month-to-Month,Credit Card,996,3,2.6,46.5,1,1,1
C101590,2023-07-30,,North,33,Basic,5G,2 Year,Credit Card,575,2,2.9,9.1,1,1,0
C101591,2024-08-18,,North,31,Standard,Fiber,1 Year,UPI,1102,1,3.2,47.6,1,0,0
C101592,2025-05-13,,Central,29,Standard,Broadband,Month-to-Month,UPI,1072,4,2.7,86.5,3,1,0
C101593,2023-12-11,,South,40,Premium,5G,Month-to-Month,Credit Card,1766,0,3.6,133.5,0,0,0
C101594,2023-01-06,,West,52,Premium,5G,Month-to-Month,Credit Card,1726,0,4.3,86.7,0,0,0
C101595,2022-09-08,2025-11-12,West,52,Basic,Fiber,Month-to-Month,UPI,714,2,2.1,61.3,3,0,1
C101596,2022-07-08,,North,25,Basic,Fiber,Month-to-Month,Net Banking,779,1,2.5,31.6,3,0,0
C101597,2024-12-12,,North,36,Basic,5G,Month-to-Month,Credit Card,470,3,4.4,64.9,0,0,0
C101598,2023-09-06,,West,18,Basic,5G,2 Year,Credit Card,507,2,3.0,64.5,0,0,0
C101599,2022-12-19,,South,39,Basic,Fiber,1 Year,Auto-debit,583,1,2.8,66.6,1,0,0
C101600,2024-06-19,2025-01-03,Central,45,Basic,Broadband,Month-to-Month,UPI,475,3,3.0,45.9,0,1,1
C101601,2025-12-17,2025-12-21,North,57,Basic,Fiber,Month-to-Month,UPI,507,0,4.3,29.4,1,2,1
C101602,2025-04-12,,West,18,Basic,Fiber,Month-to-Month,Auto-debit,849,3,3.5,24.4,4,1,0
C101603,2024-02-29,,West,25,Basic,Broadband,Month-to-Month,UPI,791,2,2.8,15.0,4,0,0
C101604,2022-01-09,,South,40,Standard,Fiber,1 Year,Credit Card,1018,0,3.4,107.6,1,1,0
C101605,2025-07-06,,South,19,Basic,Fiber,Month-to-Month,Auto-debit,661,1,3.3,19.0,1,0,0
C101606,2024-01-23,,Central,40,Premium,5G,2 Year,Credit Card,2138,1,4.0,110.2,4,1,0
C101607,2023-07-03,,South,45,Basic,Fiber,Month-to-Month,Auto-debit,556,1,3.6,49.3,2,2,0
C101608,2022-02-27,,South,23,Basic,Fiber,Month-to-Month,Credit Card,550,2,2.7,25.9,1,0,0
C101609,2024-05-14,,South,40,Basic,Fiber,2 Year,Credit Card,751,2,2.9,41.6,3,2,0
C101610,2024-12-18,,South,23,Standard,Fiber,Month-to-Month,UPI,1107,0,3.6,86.4,2,0,0
C101611,2022-09-21,,West,55,Basic,5G,Month-to-Month,UPI,866,2,4.3,38.6,4,0,0
C101612,2025-03-17,,West,40,Standard,Fiber,Month-to-Month,Credit Card,1262,1,3.4,92.8,4,1,0
C101613,2024-04-27,,South,30,Basic,Broadband,1 Year,UPI,782,2,5.0,35.4,3,1,0
C101614,2022-11-19,,West,23,Premium,Broadband,Month-to-Month,Credit Card,1808,3,3.1,102.6,4,0,0
C101615,2024-04-06,,North,43,Basic,Fiber,2 Year,UPI,649,3,1.9,28.4,2,2,0
C101616,2023-09-23,,North,54,Standard,Fiber,1 Year,UPI,1202,1,3.8,68.9,2,0,0
C101617,2025-12-12,,East,29,Premium,Fiber,2 Year,Credit Card,1574,0,4.7,118.3,0,1,0
C101618,2024-02-29,,Central,33,Basic,Fiber,1 Year,Net Banking,483,0,4.1,27.9,0,2,0
C101619,2025-04-20,,North,29,Basic,Fiber,1 Year,UPI,409,0,3.9,54.8,0,0,0
C101620,2024-02-03,2025-09-21,North,57,Premium,Broadband,1 Year,Auto-debit,1825,1,3.5,34.4,4,3,1
C101621,2024-03-30,,East,18,Basic,Fiber,Month-to-Month,UPI,512,1,3.4,76.0,1,1,0
C101622,2023-05-10,2023-12-31,West,53,Basic,5G,1 Year,UPI,815,6,1.0,21.8,3,0,1
C101623,2025-11-30,,North,33,Standard,5G,1 Year,Auto-debit,1275,1,4.2,124.0,2,1,0
C101624,2022-02-27,,South,37,Basic,Broadband,Month-to-Month,Auto-debit,700,3,2.8,60.3,3,0,0
C101625,2023-01-21,,West,34,Premium,Fiber,1 Year,Credit Card,1620,4,3.8,195.6,1,0,0
C101626,2025-02-12,,South,41,Standard,Fiber,Month-to-Month,Credit Card,1316,1,3.2,42.0,4,0,0
C101627,2022-06-10,,North,29,Standard,Broadband,Month-to-Month,Auto-debit,1016,1,3.5,66.6,2,2,0
C101628,2022-10-18,2024-10-12,North,51,Basic,Fiber,Month-to-Month,Credit Card,594,2,4.2,51.2,1,2,1
C101629,2024-07-15,,South,51,Standard,5G,Month-to-Month,UPI,1256,2,4.2,91.3,2,1,0
C101630,2025-09-10,2025-10-29,East,26,Standard,5G,Month-to-Month,UPI,1159,3,3.6,112.2,1,1,1
C101631,2023-12-30,2024-12-06,West,46,Basic,5G,Month-to-Month,UPI,791,1,2.2,61.2,3,1,1
C101632,2025-06-27,,East,34,Premium,Fiber,Month-to-Month,Auto-debit,1681,2,2.6,149.6,1,1,0
C101633,2024-01-09,2025-07-11,West,39,Standard,Fiber,Month-to-Month,Net Banking,874,3,3.5,94.2,0,2,1
C101634,2025-08-13,,Central,56,Premium,5G,1 Year,UPI,2024,2,3.0,166.0,3,0,0
C101635,2025-01-13,,South,30,Basic,5G,Month-to-Month,UPI,914,0,3.9,44.7,4,1,0
C101636,2023-04-27,,South,49,Basic,Broadband,2 Year,UPI,444,2,3.4,78.4,1,0,0
C101637,2023-06-17,,Central,43,Standard,5G,2 Year,Net Banking,1358,3,3.2,70.9,4,0,0
C101638,2024-12-01,2025-09-26,South,36,Premium,Broadband,Month-to-Month,Auto-debit,1421,3,2.5,50.6,0,0,1
C101639,2024-03-31,,West,42,Basic,Broadband,Month-to-Month,Credit Card,472,1,4.3,82.4,1,1,0
C101640,2023-06-22,2024-03-02,West,41,Basic,5G,Month-to-Month,Auto-debit,514,1,3.2,55.9,0,0,1
C101641,2024-04-04,,North,24,Premium,Fiber,Month-to-Month,UPI,1675,1,4.2,109.5,1,0,0
C101642,2024-11-06,,East,31,Basic,5G,Month-to-Month,Credit Card,807,4,2.7,46.8,3,1,0
C101643,2022-04-16,,North,25,Basic,5G,1 Year,Credit Card,864,2,4.6,93.9,4,0,0
C101644,2022-08-13,,North,35,Standard,5G,1 Year,UPI,1319,0,4.8,77.5,4,0,0
C101645,2025-08-13,,East,54,Basic,Fiber,Month-to-Month,Credit Card,893,1,5.0,94.5,4,1,0
C101646,2025-12-02,,South,45,Basic,5G,1 Year,Auto-debit,768,1,4.7,56.0,3,1,0
C101647,2022-11-16,2023-06-10,West,21,Basic,Fiber,Month-to-Month,UPI,548,1,,36.9,1,0,1
C101648,2025-06-25,,Central,35,Premium,Fiber,2 Year,Credit Card,1977,2,3.1,61.3,4,0,0
C101649,2024-02-21,2025-03-22,West,41,Basic,Broadband,2 Year,Auto-debit,421,6,1.5,46.3,0,1,1
C101650,2023-03-15,,South,47,Standard,5G,Month-to-Month,Auto-debit,1408,1,3.7,142.2,4,2,0
C101651,2024-07-05,,South,30,Premium,5G,1 Year,Credit Card,2166,2,3.5,88.7,4,0,0
C101652,2023-10-29,,South,23,Standard,5G,2 Year,UPI,977,1,3.5,88.5,0,1,0
C101653,2023-08-08,,North,37,Standard,5G,Month-to-Month,Auto-debit,1294,3,2.5,,3,1,0
C101654,2022-06-06,2025-04-20,Central,45,Standard,Fiber,Month-to-Month,UPI,1332,3,3.3,30.4,4,1,1
C101655,2025-06-11,,South,41,Basic,5G,1 Year,UPI,858,1,3.3,53.9,3,2,0
C101656,2023-04-20,,South,27,Standard,Fiber,Month-to-Month,UPI,1327,2,3.0,97.2,4,1,0
C101657,2024-07-03,2025-07-21,West,59,Premium,5G,Month-to-Month,Credit Card,1808,1,3.9,140.9,1,1,1
C101658,2025-10-25,,South,37,Premium,Fiber,1 Year,Net Banking,1917,3,3.2,50.3,3,0,0
C101659,2023-09-14,2024-12-08,North,40,Standard,Broadband,Month-to-Month,Auto-debit,1188,0,2.8,50.4,4,1,1
C101660,2023-10-01,,North,30,Basic,Broadband,Month-to-Month,Credit Card,319,3,2.5,15.6,0,2,0
C101661,2022-03-27,,East,51,Premium,5G,2 Year,Auto-debit,1873,2,3.9,61.0,2,1,0
C101662,2024-03-12,,West,45,Basic,Fiber,Month-to-Month,Credit Card,852,1,3.5,67.4,4,1,0
C101663,2024-06-19,,North,42,Premium,Fiber,Month-to-Month,Net Banking,1808,0,2.6,100.0,2,1,0
C101664,2024-04-20,,Central,24,Basic,5G,1 Year,UPI,883,0,4.3,66.6,4,1,0
C101665,2025-11-20,2025-12-25,West,51,Standard,5G,Month-to-Month,UPI,1331,3,3.0,108.0,3,2,1
C101666,2023-02-22,,West,47,Premium,5G,1 Year,Credit Card,1810,1,3.0,67.2,1,0,0
C101667,2022-02-11,,South,50,Standard,Broadband,1 Year,Net Banking,843,0,3.3,80.2,1,0,0
C101668,2025-08-28,,North,38,Basic,5G,Month-to-Month,UPI,664,0,3.9,20.0,2,1,0
C101669,2024-10-25,,West,37,Premium,5G,Month-to-Month,Credit Card,1922,2,2.0,135.3,2,2,0
C101670,2025-01-05,,South,36,Basic,5G,2 Year,UPI,694,2,3.6,54.7,2,0,0
C101671,2025-09-03,,East,65,Basic,5G,2 Year,Credit Card,764,0,4.5,39.5,3,0,0
C101672,2023-10-25,2024-08-29,West,31,Standard,5G,Month-to-Month,UPI,1111,1,4.2,31.8,2,1,1
C101673,2023-01-14,2023-10-24,North,24,Standard,Broadband,Month-to-Month,UPI,993,2,4.1,35.0,3,0,1
C101674,2025-09-13,,West,34,Standard,Fiber,Month-to-Month,UPI,1221,1,3.0,262.8,3,0,0
C101675,2024-11-12,,Central,32,Basic,Fiber,2 Year,Auto-debit,810,1,4.3,60.3,4,2,0
C101676,2025-01-05,,West,53,Standard,Fiber,2 Year,Auto-debit,1235,0,4.0,64.1,4,0,0
C101677,2025-02-15,,South,22,Premium,Broadband,Month-to-Month,UPI,1622,1,3.2,190.6,2,0,0
C101678,2023-01-27,,West,31,Basic,5G,2 Year,UPI,561,0,4.1,92.3,0,0,0
C101679,2023-02-05,,East,40,Standard,Fiber,Month-to-Month,Credit Card,1014,2,3.6,135.0,1,1,0
C101680,2025-01-16,2025-10-08,West,53,Standard,5G,Month-to-Month,UPI,1108,0,4.9,66.9,1,0,1
C101681,2024-04-17,,West,47,Premium,5G,1 Year,Auto-debit,1859,2,4.3,99.8,1,2,0
C101682,2022-09-16,2024-05-10,West,57,Standard,Broadband,Month-to-Month,Credit Card,1102,4,,109.7,4,2,1
C101683,2024-12-27,,South,42,Premium,Broadband,1 Year,Auto-debit,1633,4,3.2,104.8,2,1,0
C101684,2022-10-14,,North,36,Basic,Broadband,Month-to-Month,UPI,845,3,3.3,80.5,4,1,0
C101685,2022-11-14,,South,48,Basic,Broadband,1 Year,Auto-debit,472,1,3.7,46.8,0,0,0
C101686,2025-02-11,,East,22,Premium,Fiber,2 Year,Auto-debit,1888,1,3.5,,3,0,0
C101687,2024-05-15,,East,18,Premium,Fiber,Month-to-Month,Net Banking,1761,0,5.0,198.3,2,0,0
C101688,2023-08-15,,East,50,Standard,5G,Month-to-Month,Auto-debit,1350,1,3.1,38.5,3,0,0
C101689,2023-11-30,,South,41,Standard,5G,1 Year,Credit Card,1118,0,5.0,79.3,1,0,0
C101690,2022-10-01,2025-09-24,West,50,Standard,Fiber,Month-to-Month,UPI,1152,1,2.6,130.9,2,1,1
C101691,2023-10-14,,Central,28,Basic,5G,1 Year,Credit Card,572,3,2.8,29.5,1,1,0
C101692,2023-05-19,,South,53,Premium,Fiber,1 Year,Auto-debit,1917,0,4.5,89.7,3,1,0
C101693,2024-05-16,2025-05-02,West,46,Premium,Fiber,Month-to-Month,Auto-debit,1567,0,3.3,215.0,0,0,1
C101694,2024-08-03,,West,38,Standard,Fiber,2 Year,Credit Card,1216,2,2.8,158.2,3,0,0
C101695,2024-04-11,,East,40,Basic,Broadband,Month-to-Month,Net Banking,583,4,3.2,7.6,2,1,0
C101696,2025-01-07,,North,42,Basic,5G,Month-to-Month,UPI,889,2,2.1,80.5,3,1,0
C101697,2023-12-26,2025-04-18,West,28,Basic,5G,Month-to-Month,UPI,521,5,3.3,13.8,0,1,1
C101698,2022-06-15,,Central,33,Standard,Broadband,1 Year,Credit Card,713,3,4.1,71.4,0,0,0
C101699,2025-10-27,,West,42,Standard,Broadband,2 Year,Credit Card,1096,6,3.4,36.9,3,1,0
C101700,2025-06-24,,Central,33,Basic,Fiber,Month-to-Month,UPI,573,2,3.5,33.6,1,0,0
C101701,2025-11-07,,Central,20,Standard,Broadband,Month-to-Month,Auto-debit,879,2,3.0,77.7,1,2,0
C101702,2023-07-31,,South,42,Premium,Fiber,Month-to-Month,Credit Card,1961,0,3.7,153.8,4,0,0
C101703,2025-03-16,,East,48,Basic,5G,1 Year,Credit Card,921,1,3.8,90.4,4,0,0
C101704,2025-05-17,2025-10-18,East,51,Standard,Fiber,Month-to-Month,UPI,880,0,3.9,,0,0,1
C101705,2024-06-19,2025-01-29,Central,44,Standard,5G,Month-to-Month,UPI,1220,3,2.8,131.4,2,1,1
C101706,2024-12-27,,North,48,Basic,5G,Month-to-Month,Net Banking,754,0,4.9,38.5,3,3,0
C101707,2022-10-18,,South,50,Standard,Fiber,Month-to-Month,Auto-debit,1194,2,3.1,64.8,3,0,0
C101708,2024-06-02,,West,39,Standard,5G,1 Year,UPI,1136,2,4.3,172.5,1,0,0
C101709,2024-08-19,,South,18,Basic,5G,Month-to-Month,Auto-debit,914,4,2.9,67.4,4,0,0
C101710,2025-11-28,,West,52,Basic,5G,Month-to-Month,Auto-debit,797,1,3.6,19.1,3,0,0
C101711,2024-01-02,2024-10-03,South,27,Premium,Fiber,Month-to-Month,Auto-debit,2004,0,4.4,113.4,4,2,1
C101712,2025-06-19,,Central,24,Basic,Fiber,Month-to-Month,Credit Card,759,1,3.9,30.4,3,0,0
C101713,2022-09-12,,Central,25,Standard,Fiber,Month-to-Month,UPI,1283,1,3.4,59.3,4,1,0
C101714,2023-10-21,2025-08-12,South,68,Standard,Broadband,Month-to-Month,Auto-debit,738,0,4.2,69.0,0,0,1
C101715,2022-06-11,,West,43,Premium,Broadband,Month-to-Month,Credit Card,1521,2,4.0,148.7,1,2,0
C101716,2025-02-27,,South,26,Standard,Fiber,Month-to-Month,UPI,1178,2,4.5,39.3,2,2,0
C101717,2025-01-29,,East,30,Premium,5G,Month-to-Month,Credit Card,1872,1,3.8,105.5,1,1,0
C101718,2024-11-03,,East,38,Standard,5G,1 Year,Credit Card,1009,5,2.0,60.5,0,0,0
C101719,2022-08-31,,West,45,Standard,Broadband,Month-to-Month,Credit Card,1048,1,3.1,89.3,3,1,0
C101720,2024-09-04,,North,41,Basic,Fiber,Month-to-Month,Auto-debit,890,2,5.0,43.1,4,0,0
C101721,2022-07-08,,South,27,Basic,5G,1 Year,Credit Card,716,1,2.2,70.7,2,0,0
C101722,2023-02-23,2025-04-19,West,42,Standard,5G,Month-to-Month,UPI,1326,1,2.7,83.9,3,1,1
C101723,2022-10-17,,East,31,Basic,Fiber,Month-to-Month,Auto-debit,797,1,3.6,,3,1,0
C101724,2025-03-21,,East,51,Standard,Fiber,2 Year,UPI,1180,2,2.9,82.8,2,1,0
C101725,2024-03-07,,North,39,Basic,Fiber,Month-to-Month,UPI,711,0,4.4,24.9,3,0,0
C101726,2025-09-30,,South,29,Basic,5G,2 Year,Auto-debit,843,1,4.1,36.7,4,0,0
C101727,2022-02-07,,West,46,Basic,5G,Month-to-Month,Auto-debit,505,2,2.9,,0,0,0
C101728,2024-03-25,,North,43,Standard,5G,2 Year,Net Banking,1061,1,4.6,107.7,1,0,0
C101729,2023-10-10,,South,32,Standard,Fiber,2 Year,Credit Card,875,0,3.0,112.8,0,0,0
C101730,2025-11-16,,Central,47,Premium,Broadband,Month-to-Month,Credit Card,1745,2,3.0,113.2,3,0,0
C101731,2024-11-18,,North,46,Standard,Fiber,Month-to-Month,Auto-debit,1175,1,,79.3,3,3,0
C101732,2024-06-07,,West,52,Premium,Broadband,1 Year,Auto-debit,1696,0,3.1,53.5,3,0,0
C101733,2023-07-29,2025-03-04,South,47,Premium,Fiber,Month-to-Month,UPI,1841,0,4.2,97.0,3,0,1
C101734,2025-02-20,,West,35,Basic,Broadband,Month-to-Month,Auto-debit,600,0,4.9,12.7,2,0,0
C101735,2024-10-14,2025-05-22,West,18,Premium,Broadband,2 Year,Net Banking,1842,1,1.9,176.7,4,0,1
C101736,2024-03-03,,Central,40,Basic,Broadband,1 Year,UPI,448,1,3.3,134.8,0,0,0
C101737,2024-12-30,2025-03-02,North,42,Standard,Broadband,2 Year,UPI,1138,4,3.5,56.5,3,0,1
C101738,2024-01-24,,East,39,Premium,Fiber,2 Year,UPI,2002,1,3.6,132.2,4,2,0
C101739,2024-11-24,,West,18,Basic,5G,2 Year,Auto-debit,642,4,2.8,54.5,1,0,0
C101740,2025-10-29,,South,46,Standard,5G,1 Year,Credit Card,1313,1,3.7,41.8,3,0,0
C101741,2024-03-26,,South,27,Basic,5G,1 Year,Net Banking,481,0,4.0,41.4,0,1,0
C101742,2022-12-24,,North,46,Basic,Broadband,2 Year,UPI,414,0,3.2,55.9,0,0,0
C101743,2022-05-20,,Central,58,Basic,Fiber,1 Year,Auto-debit,593,5,3.1,48.1,1,0,0
C101744,2023-09-17,,West,35,Basic,5G,Month-to-Month,Credit Card,842,3,3.2,45.6,4,0,0
C101745,2024-12-07,,East,43,Basic,Broadband,1 Year,Auto-debit,456,3,2.2,38.1,1,0,0
C101746,2025-04-02,,West,38,Standard,Fiber,Month-to-Month,Credit Card,1111,0,3.5,49.0,2,1,0
C101747,2024-06-19,,East,44,Standard,Fiber,2 Year,Auto-debit,1167,1,2.6,103.3,3,1,0
C101748,2024-12-27,,East,39,Standard,Fiber,1 Year,Net Banking,1166,0,3.9,177.7,3,2,0
C101749,2024-05-15,,South,32,Standard,Broadband,1 Year,Credit Card,1079,4,3.1,27.0,3,0,0
C101750,2024-08-22,2024-11-30,East,27,Basic,Broadband,Month-to-Month,Auto-debit,439,2,3.4,15.1,0,0,1
C101751,2023-05-28,,North,57,Basic,Fiber,Month-to-Month,Credit Card,894,4,3.2,24.1,4,2,0
C101752,2025-06-19,2025-09-02,Central,43,Standard,5G,Month-to-Month,Auto-debit,1111,5,2.6,59.1,1,1,1
C101753,2022-05-27,2024-05-10,West,48,Premium,5G,1 Year,UPI,1954,4,3.5,103.4,2,1,1
C101754,2022-02-23,,South,43,Standard,5G,1 Year,Net Banking,1379,2,3.2,78.5,3,1,0
C101755,2025-11-03,,East,50,Basic,5G,Month-to-Month,Auto-debit,576,3,3.5,45.9,1,0,0
C101756,2025-08-28,,North,27,Premium,Broadband,Month-to-Month,Auto-debit,1706,1,2.8,110.0,3,0,0
C101757,2024-06-05,2025-10-13,Central,39,Premium,Fiber,Month-to-Month,Credit Card,1783,5,1.8,222.8,2,1,1
C101758,2023-03-23,,Central,44,Standard,Fiber,Month-to-Month,Credit Card,867,2,3.4,46.4,0,0,0
C101759,2023-03-07,,Central,54,Basic,5G,2 Year,Auto-debit,645,0,4.3,69.6,1,0,0
C101760,2024-09-13,,South,70,Basic,5G,2 Year,UPI,784,1,3.4,119.3,3,1,0
C101761,2025-07-10,,North,43,Standard,5G,1 Year,Auto-debit,1027,0,4.2,35.3,0,1,0
C101762,2024-03-28,,North,30,Premium,Fiber,Month-to-Month,UPI,1698,2,3.7,44.5,1,0,0
C101763,2023-02-22,,North,24,Standard,Fiber,Month-to-Month,UPI,1167,2,1.9,80.9,2,0,0
C101764,2025-10-08,,North,27,Basic,Broadband,2 Year,Auto-debit,458,0,5.0,61.1,1,0,0
C101765,2024-11-30,,North,29,Standard,Fiber,2 Year,Credit Card,1163,0,2.9,75.0,2,0,0
C101766,2023-12-04,,Central,18,Premium,5G,Month-to-Month,UPI,2181,1,3.1,40.7,4,0,0
C101767,2025-01-21,,North,30,Standard,Broadband,1 Year,UPI,727,1,4.4,31.7,0,1,0
C101768,2022-03-16,2024-08-17,North,47,Premium,Fiber,Month-to-Month,Auto-debit,1984,1,3.8,91.5,4,1,1
C101769,2023-09-18,2025-06-24,West,39,Basic,Fiber,Month-to-Month,Credit Card,797,4,2.3,54.4,3,0,1
C101770,2025-07-11,,East,35,Basic,Fiber,2 Year,Auto-debit,920,0,3.5,37.0,4,0,0
C101771,2023-09-30,,West,19,Standard,5G,2 Year,UPI,1324,4,,82.0,3,0,0
C101772,2024-10-10,,East,51,Standard,Fiber,2 Year,Credit Card,1299,1,3.0,80.9,4,0,0
C101773,2024-03-25,,Central,44,Premium,5G,Month-to-Month,UPI,1710,1,4.3,187.8,0,1,0
C101774,2023-09-04,2024-12-19,East,38,Standard,Fiber,Month-to-Month,Credit Card,1239,0,3.5,41.2,3,1,1
C101775,2022-12-08,,East,18,Basic,Fiber,2 Year,UPI,739,0,3.1,46.2,3,0,0
C101776,2024-06-10,,West,32,Basic,Fiber,1 Year,UPI,840,2,2.8,90.8,4,1,0
C101777,2024-02-07,,South,43,Standard,Fiber,Month-to-Month,Credit Card,910,1,3.4,49.7,0,1,0
C101778,2023-12-31,,South,38,Basic,Fiber,Month-to-Month,Net Banking,692,0,3.3,32.3,2,0,0
C101779,2025-01-05,,East,40,Standard,Broadband,Month-to-Month,Credit Card,1069,4,2.6,76.9,2,0,0
C101780,2022-05-17,2023-04-23,North,46,Basic,Fiber,1 Year,Credit Card,500,1,3.8,26.1,0,0,1
C101781,2022-10-17,,West,40,Basic,5G,2 Year,Credit Card,796,2,3.0,24.7,3,1,0
C101782,2023-03-17,,South,46,Standard,5G,Month-to-Month,Credit Card,1161,0,3.2,62.0,2,0,0
C101783,2025-05-21,,North,28,Basic,5G,Month-to-Month,Auto-debit,723,2,2.8,39.1,2,0,0
C101784,2024-03-30,,South,23,Standard,5G,Month-to-Month,Auto-debit,1362,0,4.8,107.3,3,0,0
C101785,2023-06-01,,West,44,Standard,Fiber,1 Year,Auto-debit,1256,5,4.1,47.1,3,1,0
C101786,2025-09-19,2025-12-16,South,46,Standard,5G,Month-to-Month,UPI,1304,0,3.8,74.8,3,1,1
C101787,2024-05-18,,West,44,Standard,Fiber,Month-to-Month,Credit Card,998,0,4.3,136.6,1,1,0
C101788,2025-06-28,2025-12-24,West,40,Standard,Broadband,1 Year,Auto-debit,1209,5,1.9,132.6,4,1,1
C101789,2025-04-24,,North,34,Premium,Fiber,Month-to-Month,Auto-debit,1754,0,3.6,111.6,1,1,0
C101790,2023-02-10,,West,41,Basic,5G,1 Year,Credit Card,607,4,3.1,48.6,1,0,0
C101791,2022-03-11,,South,43,Basic,5G,1 Year,Credit Card,693,1,1.9,28.1,2,0,0
C101792,2023-06-12,2025-01-03,North,43,Standard,5G,Month-to-Month,Auto-debit,1070,2,3.8,85.2,1,1,1
C101793,2024-10-03,,West,69,Standard,Fiber,1 Year,Auto-debit,1121,4,2.4,158.4,1,0,0
C101794,2024-10-20,,Central,27,Standard,5G,1 Year,Credit Card,1359,1,2.8,141.1,4,1,0
C101795,2022-10-07,,South,75,Standard,5G,1 Year,UPI,959,3,3.3,72.9,0,0,0
C101796,2024-11-08,,East,23,Standard,5G,1 Year,Auto-debit,1203,1,4.6,87.6,2,0,0
C101797,2022-12-07,,South,43,Basic,Fiber,Month-to-Month,Net Banking,649,0,3.6,30.6,2,2,0
C101798,2025-04-04,,East,24,Standard,Fiber,Month-to-Month,UPI,960,2,3.5,46.3,0,0,0
C101799,2023-11-20,,East,42,Basic,Fiber,Month-to-Month,UPI,600,1,3.9,36.9,1,0,0
C101800,2025-02-09,2025-07-14,East,50,Standard,Broadband,Month-to-Month,Credit Card,849,1,3.7,84.4,1,2,1
C101801,2025-11-14,,East,38,Standard,5G,Month-to-Month,Net Banking,1167,0,3.1,105.7,2,2,0
C101802,2025-05-07,,North,50,Standard,5G,Month-to-Month,Auto-debit,1162,1,3.7,,2,1,0
C101803,2024-08-10,2025-11-18,West,33,Basic,5G,1 Year,UPI,728,0,3.9,55.1,2,1,1
C101804,2023-09-13,2024-04-01,West,18,Premium,5G,Month-to-Month,UPI,1865,4,1.1,32.9,1,0,1
C101805,2024-11-26,2025-08-02,West,46,Standard,5G,2 Year,Net Banking,1281,3,3.7,80.3,3,1,1
C101806,2023-06-15,,North,38,Standard,5G,1 Year,UPI,1106,1,2.5,54.0,1,0,0
C101807,2025-07-05,,South,32,Premium,5G,Month-to-Month,Credit Card,2100,3,3.3,63.1,4,0,0
C101808,2024-06-27,,South,33,Standard,Fiber,1 Year,Credit Card,1285,2,4.4,92.5,4,0,0
C101809,2023-01-22,2025-12-27,North,43,Premium,Broadband,Month-to-Month,UPI,1644,5,2.6,243.1,3,1,1
C101810,2025-02-23,2025-11-24,South,28,Basic,Broadband,2 Year,Auto-debit,405,3,2.3,43.9,0,1,1
C101811,2023-06-08,,South,43,Basic,5G,2 Year,UPI,900,1,3.9,68.7,4,0,0
C101812,2024-04-20,,West,52,Basic,Broadband,2 Year,Auto-debit,756,1,4.5,35.9,4,1,0
C101813,2025-03-29,,South,63,Basic,Broadband,1 Year,Net Banking,614,2,2.5,123.4,2,0,0
C101814,2022-10-03,2024-11-13,West,55,Standard,5G,2 Year,Credit Card,1140,1,1.9,33.5,1,0,1
C101815,2024-11-26,,East,40,Basic,5G,1 Year,Auto-debit,755,2,4.1,42.0,3,1,0
C101816,2024-04-02,,West,41,Standard,5G,2 Year,UPI,1283,1,4.1,107.3,3,0,0
C101817,2024-06-17,,East,33,Basic,Fiber,Month-to-Month,Auto-debit,776,1,3.8,43.5,3,0,0
C101818,2023-01-17,,East,32,Basic,Fiber,2 Year,UPI,756,1,2.3,88.0,3,2,0
C101819,2022-10-13,,East,48,Premium,5G,1 Year,Auto-debit,2090,2,3.9,41.8,4,1,0
C101820,2023-10-02,,Central,34,Standard,Broadband,Month-to-Month,UPI,1177,1,4.3,69.7,4,1,0
C101821,2024-07-23,,East,42,Premium,Fiber,2 Year,Credit Card,1887,1,5.0,104.1,3,0,0
C101822,2025-01-31,,East,26,Standard,Broadband,1 Year,UPI,891,1,3.4,69.7,1,0,0
C101823,2024-10-03,,East,54,Basic,5G,2 Year,Credit Card,890,0,3.9,20.0,4,2,0
C101824,2024-08-12,2025-06-26,West,34,Standard,5G,Month-to-Month,UPI,1457,4,1.3,63.7,4,0,1
C101825,2025-01-16,,North,51,Standard,Fiber,1 Year,UPI,1109,3,3.7,62.3,2,0,0
C101826,2022-08-08,,East,30,Basic,5G,1 Year,UPI,430,1,4.2,49.9,0,0,0
C101827,2025-02-03,,East,29,Premium,Fiber,Month-to-Month,UPI,2008,4,3.3,204.2,4,1,0
C101828,2024-06-03,,Central,54,Standard,Fiber,1 Year,Net Banking,1187,3,,77.9,2,0,0
C101829,2025-05-07,,East,30,Standard,Fiber,1 Year,Credit Card,1110,0,3.3,90.8,2,0,0
C101830,2025-06-25,2025-08-21,East,19,Standard,Fiber,Month-to-Month,UPI,1198,5,2.4,138.2,3,0,1
C101831,2023-02-20,,Central,26,Standard,Fiber,1 Year,Auto-debit,907,1,3.4,133.6,0,0,0
C101832,2024-12-05,,South,48,Basic,5G,Month-to-Month,Net Banking,918,0,4.6,13.4,4,2,0
C101833,2025-05-26,,North,47,Premium,5G,2 Year,UPI,1736,2,4.3,175.7,0,2,0
C101834,2022-12-29,,North,29,Standard,Fiber,2 Year,Credit Card,957,1,3.8,109.5,1,1,0
C101835,2023-10-10,,North,30,Basic,Broadband,Month-to-Month,Credit Card,570,0,4.0,38.8,2,0,0
C101836,2022-05-24,,North,46,Basic,5G,Month-to-Month,Credit Card,793,1,3.9,35.2,3,0,0
C101837,2025-06-19,2025-11-03,South,54,Standard,Broadband,Month-to-Month,Auto-debit,820,5,2.3,41.9,0,0,1
C101838,2022-09-07,2024-09-08,West,37,Premium,5G,Month-to-Month,Credit Card,1923,1,4.7,44.7,2,1,1
C101839,2022-06-26,,West,45,Premium,Fiber,2 Year,Auto-debit,1597,2,3.2,180.3,0,0,0
C101840,2024-06-04,,North,48,Standard,Broadband,Month-to-Month,Net Banking,1197,3,3.4,108.0,4,0,0
C101841,2022-11-12,2023-06-09,East,64,Premium,Broadband,Month-to-Month,Auto-debit,1467,2,3.1,112.2,1,0,1
C101842,2024-06-16,2025-07-28,North,24,Standard,5G,Month-to-Month,Credit Card,1193,2,4.0,105.1,2,0,1
C101843,2023-12-11,,Central,30,Basic,5G,1 Year,Net Banking,814,2,3.2,73.8,3,1,0
C101844,2023-11-21,,North,32,Standard,5G,2 Year,Net Banking,951,2,4.7,30.0,0,1,0
C101845,2025-10-14,,East,48,Basic,5G,Month-to-Month,Auto-debit,511,3,3.0,50.1,0,2,0
C101846,2025-02-01,,South,35,Basic,Broadband,Month-to-Month,UPI,751,5,3.2,39.2,4,0,0
C101847,2023-08-23,,East,42,Standard,5G,Month-to-Month,UPI,1154,0,3.4,91.5,2,2,0
C101848,2024-08-02,2025-09-27,South,39,Basic,Fiber,Month-to-Month,UPI,531,2,3.1,48.5,1,1,1
C101849,2022-12-23,,West,38,Premium,Fiber,Month-to-Month,UPI,1960,1,3.7,173.3,3,1,0
C101850,2022-12-10,,South,39,Premium,Fiber,1 Year,Auto-debit,1936,0,4.2,53.4,4,1,0
C101851,2024-03-16,,Central,50,Basic,Fiber,Month-to-Month,Net Banking,737,1,3.0,85.3,3,4,0
C101852,2023-10-10,2024-11-29,East,26,Standard,Fiber,Month-to-Month,UPI,1116,2,2.9,56.7,2,0,1
C101853,2024-12-26,,West,36,Standard,Broadband,1 Year,Credit Card,1143,3,3.1,68.9,3,0,0
C101854,2022-12-15,,West,23,Basic,Fiber,1 Year,UPI,933,3,3.3,18.3,4,0,0
C101855,2024-07-20,,Central,41,Basic,Fiber,Month-to-Month,Auto-debit,541,1,3.5,42.0,1,0,0
C101856,2023-08-19,2024-11-22,South,36,Basic,Fiber,Month-to-Month,Auto-debit,777,3,2.9,43.8,3,1,1
C101857,2024-03-05,,South,51,Basic,5G,1 Year,UPI,891,2,2.4,42.5,4,1,0
C101858,2023-11-03,,South,38,Basic,5G,Month-to-Month,Credit Card,594,3,3.4,30.6,1,0,0
C101859,2025-05-31,,South,33,Basic,5G,2 Year,Auto-debit,906,1,4.1,24.0,4,0,0
C101860,2025-11-15,,East,35,Basic,Broadband,2 Year,Net Banking,336,0,4.5,60.9,0,2,0
C101861,2023-05-01,,Central,59,Premium,Broadband,2 Year,Auto-debit,1496,3,3.4,49.5,1,0,0
C101862,2024-11-23,2025-09-23,Central,19,Basic,Broadband,Month-to-Month,UPI,516,0,3.4,66.1,1,1,1
C101863,2025-09-29,,East,30,Basic,Broadband,Month-to-Month,UPI,365,1,3.3,103.2,0,0,0
C101864,2025-06-23,,East,38,Standard,Fiber,2 Year,Net Banking,1234,0,3.9,223.3,3,1,0
C101865,2024-04-30,,West,30,Basic,5G,Month-to-Month,UPI,628,0,3.8,25.7,2,0,0
C101866,2025-09-09,,Central,44,Standard,Fiber,Month-to-Month,Auto-debit,1022,1,3.0,99.0,1,1,0
C101867,2025-11-21,,North,37,Basic,Broadband,1 Year,Auto-debit,849,4,1.6,33.4,4,0,0
C101868,2023-09-27,,East,41,Standard,Fiber,Month-to-Month,UPI,1009,0,3.4,135.9,1,2,0
C101869,2023-08-10,2024-11-26,West,39,Standard,Fiber,1 Year,Credit Card,1276,4,2.6,89.7,4,0,1
C101870,2023-03-13,,South,37,Standard,Fiber,2 Year,Auto-debit,1159,2,3.5,63.7,3,1,0
C101871,2023-06-16,,South,23,Standard,5G,1 Year,Auto-debit,1410,1,3.3,46.7,4,0,0
C101872,2024-05-13,,Central,40,Standard,5G,Month-to-Month,UPI,1036,0,3.6,61.3,0,1,0
C101873,2022-08-18,,Central,18,Basic,Fiber,2 Year,Auto-debit,853,2,3.4,31.6,4,0,0
C101874,2024-05-17,,Central,30,Basic,5G,1 Year,UPI,480,1,4.6,43.7,0,0,0
C101875,2023-11-19,2025-09-30,West,44,Standard,Fiber,Month-to-Month,Auto-debit,1139,3,2.9,74.7,3,1,1
C101876,2022-07-16,2023-12-30,South,52,Basic,Broadband,1 Year,Net Banking,701,4,1.7,33.5,3,2,1
C101877,2025-07-20,,South,66,Basic,Fiber,Month-to-Month,UPI,431,2,2.8,32.0,0,0,0
C101878,2025-07-25,,East,33,Standard,Fiber,Month-to-Month,Net Banking,894,1,4.8,100.9,0,1,0
C101879,2024-07-13,,East,28,Basic,5G,1 Year,Net Banking,563,2,4.3,62.8,0,1,0
C101880,2022-12-07,,East,44,Basic,5G,Month-to-Month,Net Banking,427,0,4.5,29.5,0,1,0
C101881,2024-05-20,2025-05-17,East,60,Standard,Broadband,Month-to-Month,UPI,732,1,4.0,71.7,0,2,1
C101882,2023-10-15,,South,56,Basic,5G,1 Year,Net Banking,904,2,3.8,28.7,4,0,0
C101883,2024-02-19,,West,26,Premium,Broadband,Month-to-Month,Auto-debit,1483,3,3.1,434.4,1,1,0
C101884,2024-12-17,,South,36,Premium,Fiber,Month-to-Month,UPI,1984,1,4.4,73.7,4,0,0
C101885,2024-03-22,,South,48,Premium,Fiber,Month-to-Month,UPI,1620,2,4.1,133.8,0,0,0
C101886,2024-04-13,,North,49,Standard,Broadband,1 Year,Auto-debit,1106,1,4.1,92.1,3,1,0
C101887,2024-05-31,,North,45,Basic,Fiber,2 Year,Net Banking,618,1,3.1,31.7,2,1,0
C101888,2024-05-07,,West,33,Standard,Broadband,Month-to-Month,Credit Card,973,5,2.3,47.9,2,1,0
C101889,2025-01-24,,South,45,Standard,Fiber,1 Year,Auto-debit,1218,0,3.4,64.1,3,1,0
C101890,2025-12-15,2025-12-29,South,49,Standard,5G,Month-to-Month,UPI,1104,1,4.2,47.8,1,0,1
C101891,2023-10-03,,West,27,Basic,Fiber,Month-to-Month,Auto-debit,478,1,3.8,48.6,0,0,0
C101892,2022-06-22,,East,54,Basic,5G,Month-to-Month,Credit Card,574,1,3.8,28.9,1,1,0
C101893,2023-10-09,,North,50,Basic,Broadband,Month-to-Month,UPI,809,2,3.7,47.6,4,1,0
C101894,2023-08-22,,South,29,Basic,Fiber,Month-to-Month,Auto-debit,695,0,2.8,15.8,2,1,0
C101895,2023-09-18,,North,49,Basic,Fiber,1 Year,Auto-debit,857,1,4.2,29.5,4,3,0
C101896,2022-07-19,,East,48,Premium,Fiber,1 Year,UPI,2001,0,3.6,95.6,4,0,0
C101897,2023-10-26,,South,48,Basic,Fiber,2 Year,Auto-debit,449,2,3.0,72.9,0,2,0
C101898,2025-03-13,,North,57,Standard,Fiber,2 Year,Auto-debit,894,0,3.2,29.3,0,0,0
C101899,2023-09-17,2025-10-20,North,38,Premium,Broadband,Month-to-Month,Auto-debit,1361,2,3.6,195.9,0,0,1
C101900,2023-06-12,,East,42,Basic,Fiber,Month-to-Month,UPI,447,3,3.0,61.5,0,1,0
C101901,2023-01-19,,North,18,Standard,5G,Month-to-Month,UPI,1215,1,,30.2,2,0,0
C101902,2024-09-09,,West,51,Standard,5G,Month-to-Month,Auto-debit,963,1,2.3,96.5,0,0,0
C101903,2024-10-09,,North,50,Basic,Fiber,2 Year,Auto-debit,852,1,3.4,27.8,4,1,0
C101904,2023-04-08,2025-11-07,East,54,Standard,Fiber,Month-to-Month,UPI,1109,3,3.6,98.1,2,1,1
C101905,2022-05-15,,South,27,Premium,5G,Month-to-Month,Credit Card,2117,2,4.0,161.6,3,0,0
C101906,2022-08-26,,South,50,Standard,5G,Month-to-Month,UPI,1424,1,4.3,109.6,4,1,0
C101907,2025-04-20,,North,50,Premium,Broadband,2 Year,Credit Card,1427,1,3.6,88.6,0,2,0
C101908,2023-03-16,,West,30,Premium,5G,Month-to-Month,Net Banking,1984,0,3.8,165.8,2,0,0
C101909,2025-02-03,,Central,51,Basic,5G,1 Year,UPI,774,2,3.2,95.5,3,0,0
C101910,2023-01-14,2023-09-16,North,44,Standard,Broadband,Month-to-Month,Net Banking,1250,2,3.9,63.7,4,1,1
C101911,2024-03-05,,North,18,Standard,Broadband,Month-to-Month,Net Banking,1201,1,4.7,67.9,4,1,0
C101912,2025-02-09,2025-07-01,Central,45,Standard,Broadband,Month-to-Month,Credit Card,896,4,2.5,105.1,1,1,1
C101913,2024-06-04,,East,29,Standard,Fiber,1 Year,Auto-debit,969,1,3.4,17.8,1,0,0
C101914,2025-02-25,,North,18,Standard,Broadband,1 Year,UPI,1080,4,2.8,45.1,3,0,0
C101915,2024-09-06,2025-09-21,North,42,Premium,Broadband,Month-to-Month,UPI,1625,7,2.1,195.1,3,0,1
C101916,2023-09-05,2024-05-19,East,37,Basic,Broadband,Month-to-Month,Credit Card,488,1,3.1,47.8,1,0,1
C101917,2022-11-14,2025-02-19,West,55,Standard,5G,Month-to-Month,Credit Card,1174,4,2.7,66.2,2,2,1
C101918,2025-03-01,,East,40,Basic,Broadband,Month-to-Month,UPI,779,0,3.2,27.6,4,1,0
C101919,2024-03-19,,Central,47,Standard,5G,Month-to-Month,Auto-debit,1042,2,3.8,74.7,1,1,0
C101920,2024-06-05,,East,44,Standard,5G,Month-to-Month,UPI,1126,1,4.6,56.5,1,0,0
C101921,2025-10-28,,South,50,Premium,5G,1 Year,UPI,2168,3,3.1,49.2,4,1,0
C101922,2025-11-29,,East,27,Standard,5G,2 Year,Auto-debit,1363,0,5.0,141.4,3,2,0
C101923,2024-10-28,,South,40,Standard,Broadband,1 Year,Auto-debit,964,3,3.0,52.1,1,0,0
C101924,2024-08-26,,South,36,Basic,Fiber,1 Year,Credit Card,564,3,2.6,38.6,1,0,0
C101925,2023-11-02,,North,46,Basic,Fiber,2 Year,UPI,896,3,3.5,18.1,4,0,0
C101926,2025-03-15,,South,41,Basic,Fiber,2 Year,UPI,568,0,3.2,33.8,1,1,0
C101927,2024-10-01,,West,31,Premium,5G,Month-to-Month,UPI,2029,0,4.4,195.0,3,0,0
C101928,2022-08-11,2024-10-25,North,34,Basic,5G,Month-to-Month,Credit Card,686,4,3.0,70.4,2,0,1
C101929,2024-11-12,,South,58,Premium,Broadband,Month-to-Month,Net Banking,1524,0,3.7,119.4,1,1,0
C101930,2025-05-26,,East,18,Basic,Broadband,2 Year,UPI,662,4,2.4,32.4,1,1,0
C101931,2024-05-31,,East,47,Standard,5G,Month-to-Month,Credit Card,1342,3,2.4,74.7,3,0,0
C101932,2023-12-21,,West,53,Standard,Fiber,Month-to-Month,Auto-debit,1325,2,4.0,94.9,4,1,0
C101933,2024-12-07,2025-07-27,West,45,Standard,5G,Month-to-Month,UPI,1018,2,3.1,34.9,0,1,1
C101934,2024-01-23,,West,62,Standard,Broadband,1 Year,UPI,1214,1,3.8,83.5,4,0,0
C101935,2024-03-24,,North,49,Standard,5G,1 Year,Auto-debit,1094,2,3.3,108.1,1,1,0
C101936,2024-07-16,,East,43,Premium,Broadband,1 Year,UPI,1726,2,3.4,114.4,3,0,0
C101937,2025-02-11,,East,32,Standard,Broadband,1 Year,UPI,892,3,3.3,73.0,1,0,0
C101938,2023-08-11,,South,43,Basic,Fiber,2 Year,UPI,517,0,4.2,30.8,1,1,0
C101939,2025-10-29,,North,46,Basic,5G,Month-to-Month,Credit Card,914,1,3.6,51.3,4,0,0
C101940,2025-09-01,,South,38,Standard,5G,2 Year,Net Banking,1320,1,3.4,164.7,3,3,0
C101941,2022-09-30,,South,29,Standard,5G,1 Year,Credit Card,1389,2,2.5,148.9,4,0,0
C101942,2025-06-04,2025-11-12,South,24,Standard,Fiber,Month-to-Month,Credit Card,931,1,3.1,55.3,0,0,1
C101943,2023-11-14,,North,40,Standard,Fiber,2 Year,Credit Card,1056,2,3.1,61.1,1,0,0
C101944,2025-06-11,,West,20,Basic,Fiber,2 Year,UPI,457,1,3.6,87.5,0,0,0
C101945,2023-01-29,,Central,32,Standard,5G,2 Year,Auto-debit,1179,1,2.3,99.2,2,2,0
C101946,2024-03-17,,North,18,Standard,Fiber,2 Year,Auto-debit,1088,1,4.0,98.2,2,0,0
C101947,2023-04-12,,Central,48,Standard,5G,Month-to-Month,Credit Card,1385,2,3.5,29.8,4,0,0
C101948,2025-05-02,2025-08-06,North,52,Standard,5G,Month-to-Month,UPI,1159,4,2.4,116.4,1,0,1
C101949,2023-07-04,,Central,39,Premium,5G,Month-to-Month,Auto-debit,2038,3,2.6,102.5,3,0,0
C101950,2024-06-09,,Central,60,Standard,Broadband,2 Year,UPI,1209,1,3.1,82.8,4,0,0
C101951,2024-07-09,,North,54,Premium,5G,2 Year,UPI,1736,2,2.6,82.9,0,1,0
C101952,2024-12-07,,West,44,Basic,Fiber,2 Year,Auto-debit,640,1,3.3,100.9,2,1,0
C101953,2025-09-10,,Central,37,Standard,Broadband,2 Year,UPI,863,2,3.2,45.3,1,0,0
C101954,2022-12-08,,Central,34,Standard,Broadband,1 Year,UPI,803,1,4.2,195.6,0,0,0
C101955,2022-12-23,,Central,45,Standard,5G,Month-to-Month,Credit Card,1176,0,4.1,74.8,2,1,0
C101956,2025-03-07,,East,36,Basic,Broadband,Month-to-Month,Credit Card,549,2,4.2,40.7,1,0,0
C101957,2023-03-10,,North,45,Standard,Fiber,Month-to-Month,Credit Card,1014,1,3.6,47.4,1,0,0
C101958,2025-11-06,,West,45,Basic,Broadband,1 Year,UPI,496,0,3.2,34.0,1,1,0
C101959,2024-01-17,,East,35,Premium,Fiber,Month-to-Month,Net Banking,1800,2,4.7,106.5,2,1,0
C101960,2024-07-26,,East,51,Basic,5G,2 Year,UPI,613,1,3.3,47.3,1,0,0
C101961,2025-08-19,,South,35,Basic,Fiber,1 Year,Auto-debit,815,0,2.7,57.9,3,0,0
C101962,2025-05-03,,East,38,Standard,Broadband,Month-to-Month,UPI,856,3,3.2,66.4,1,0,0
C101963,2024-07-27,,North,26,Basic,Fiber,2 Year,UPI,767,1,2.4,57.9,3,0,0
C101964,2024-05-23,,West,35,Basic,Fiber,1 Year,Credit Card,594,2,3.2,79.9,2,0,0
C101965,2022-11-19,,North,64,Standard,Fiber,1 Year,UPI,1067,2,3.0,125.1,1,1,0
C101966,2023-10-10,,West,27,Standard,5G,Month-to-Month,Net Banking,1390,2,3.7,100.8,4,1,0
C101967,2024-10-08,2025-01-28,West,43,Basic,Fiber,Month-to-Month,UPI,696,4,3.5,56.8,3,0,1
C101968,2024-08-16,,East,33,Standard,5G,Month-to-Month,Credit Card,1146,3,2.8,43.4,2,0,0
C101969,2024-11-16,,East,18,Standard,Fiber,Month-to-Month,UPI,1149,0,3.5,81.8,2,2,0
C101970,2024-02-22,,South,45,Standard,Broadband,1 Year,Credit Card,1029,1,4.1,42.8,3,1,0
C101971,2023-04-11,,Central,31,Basic,Fiber,2 Year,UPI,767,3,2.5,73.5,3,0,0
C101972,2025-01-08,,West,42,Basic,Broadband,2 Year,UPI,679,1,3.6,51.1,3,0,0
C101973,2025-08-04,,South,50,Premium,Fiber,Month-to-Month,UPI,1601,1,4.1,207.4,0,0,0
C101974,2025-09-13,,North,41,Standard,Fiber,2 Year,Auto-debit,991,2,2.7,132.6,1,0,0
C101975,2024-04-12,,North,42,Basic,Fiber,Month-to-Month,Net Banking,619,1,3.3,55.1,2,3,0
C101976,2024-08-04,,East,28,Premium,Fiber,Month-to-Month,UPI,1787,1,3.8,84.1,2,1,0
C101977,2025-06-30,,Central,46,Basic,5G,1 Year,UPI,621,1,4.5,14.4,1,0,0
C101978,2025-01-18,,West,36,Premium,Fiber,2 Year,UPI,1993,0,3.2,154.7,4,0,0
C101979,2025-07-01,,North,18,Standard,Broadband,2 Year,UPI,915,1,3.4,67.8,1,1,0
C101980,2025-06-10,,West,48,Premium,5G,2 Year,Credit Card,1937,1,4.7,175.9,2,1,0
C101981,2023-12-08,2024-10-31,South,52,Premium,Fiber,Month-to-Month,UPI,1930,1,4.4,167.2,3,0,1
C101982,2025-01-15,,West,56,Basic,5G,Month-to-Month,Auto-debit,614,0,3.6,59.6,1,1,0
C101983,2024-04-24,,South,64,Standard,Fiber,Month-to-Month,Auto-debit,1095,1,3.5,83.4,2,1,0
C101984,2025-07-09,,East,47,Basic,Fiber,1 Year,UPI,718,1,3.9,19.3,3,0,0
C101985,2025-09-03,,Central,44,Standard,Fiber,Month-to-Month,UPI,1056,0,4.1,138.6,1,0,0
C101986,2025-05-17,,South,51,Standard,Fiber,Month-to-Month,UPI,1282,2,4.3,39.3,4,1,0
C101987,2023-05-17,2025-11-05,West,27,Basic,Fiber,Month-to-Month,UPI,677,1,4.3,32.0,2,0,1
C101988,2025-07-17,,Central,18,Basic,Broadband,1 Year,Credit Card,697,2,,37.5,3,0,0
C101989,2025-05-17,,North,32,Basic,5G,1 Year,UPI,777,1,2.4,44.6,3,1,0
C101990,2023-05-04,,North,53,Basic,Broadband,Month-to-Month,UPI,812,3,,37.7,4,0,0
C101991,2024-05-24,2025-07-14,West,30,Basic,Fiber,Month-to-Month,UPI,811,2,2.0,33.5,3,1,1
C101992,2025-09-06,,South,44,Premium,Broadband,1 Year,Net Banking,1622,4,,176.1,2,0,0
C101993,2023-01-26,,North,45,Standard,Fiber,1 Year,UPI,1221,2,2.3,37.9,3,0,0
C101994,2024-01-08,,East,41,Premium,Fiber,Month-to-Month,Auto-debit,1872,0,3.8,95.9,2,0,0
C101995,2024-08-26,2025-11-09,West,23,Premium,Broadband,Month-to-Month,UPI,1728,4,2.4,41.3,4,0,1
C101996,2024-07-07,,South,42,Standard,Fiber,2 Year,UPI,1072,0,2.7,44.0,2,0,0
C101997,2025-04-16,,South,33,Basic,5G,1 Year,Credit Card,777,3,3.9,20.2,3,0,0
C101998,2022-08-09,2025-01-08,West,58,Premium,Broadband,Month-to-Month,Credit Card,1555,7,1.8,170.2,1,0,1
C101999,2024-04-17,,East,52,Standard,5G,1 Year,Credit Card,1036,2,4.6,80.9,0,1,0
C102000,2024-04-06,,West,33,Standard,5G,1 Year,Credit Card,1128,1,4.5,49.2,2,0,0
C102001,2024-06-10,,South,59,Premium,Fiber,Month-to-Month,UPI,1987,1,3.7,23.8,4,2,0
C102002,2024-05-20,2025-11-10,Central,42,Standard,Fiber,Month-to-Month,UPI,1163,0,2.3,34.4,3,1,1
C102003,2023-04-15,,East,18,Standard,Broadband,2 Year,UPI,896,1,3.3,42.5,1,0,0
C102004,2024-07-04,2025-01-11,North,37,Premium,Fiber,Month-to-Month,Net Banking,2041,2,5.0,98.5,4,1,1
C102005,2023-12-30,,Central,58,Standard,Fiber,Month-to-Month,Net Banking,1255,4,,107.7,3,2,0
C102006,2022-12-24,,East,28,Premium,Fiber,1 Year,Net Banking,1818,2,3.4,,2,0,0
C102007,2024-07-31,2025-11-28,North,37,Basic,Broadband,Month-to-Month,Auto-debit,778,1,3.1,22.5,4,0,1
C102008,2023-12-05,,North,22,Basic,Broadband,1 Year,Credit Card,692,1,4.2,19.1,3,0,0
C102009,2025-06-16,2025-09-08,West,24,Standard,5G,Month-to-Month,Auto-debit,1125,1,3.8,73.8,1,0,1
C102010,2023-02-12,,North,28,Basic,Broadband,Month-to-Month,Credit Card,493,2,3.5,14.9,0,0,0
C102011,2023-03-01,2024-12-13,South,23,Premium,Fiber,Month-to-Month,Credit Card,1660,5,3.5,48.8,1,1,1
C102012,2023-01-04,,North,31,Basic,Broadband,2 Year,Net Banking,463,1,4.3,56.0,0,0,0
C102013,2025-03-12,,South,59,Standard,Fiber,1 Year,UPI,929,0,4.1,157.9,0,1,0
C102014,2025-05-11,,South,38,Basic,Fiber,2 Year,UPI,690,3,1.9,,2,1,0
C102015,2024-04-24,2025-08-17,East,47,Premium,Fiber,Month-to-Month,Credit Card,2012,5,2.1,100.8,4,2,1
C102016,2022-12-01,,South,51,Basic,Broadband,1 Year,UPI,752,0,3.4,131.4,3,0,0
C102017,2022-12-23,2023-10-28,North,25,Basic,Broadband,Month-to-Month,UPI,610,4,2.8,34.1,2,1,1
C102018,2024-11-20,,East,28,Basic,5G,1 Year,Auto-debit,572,1,4.6,34.1,1,1,0
C102019,2024-03-28,,South,47,Standard,Fiber,Month-to-Month,Credit Card,1234,4,4.2,56.4,3,0,0
C102020,2025-09-03,,East,30,Premium,Fiber,1 Year,UPI,1852,3,3.5,249.7,2,1,0
C102021,2024-08-17,,North,46,Premium,5G,Month-to-Month,UPI,1749,1,4.1,154.4,0,1,0
C102022,2024-04-01,,North,58,Basic,Fiber,Month-to-Month,Auto-debit,574,0,2.7,57.6,2,0,0
C102023,2022-09-16,,South,21,Standard,Fiber,1 Year,Auto-debit,914,2,3.0,86.8,0,2,0
C102024,2024-07-15,,South,34,Basic,5G,Month-to-Month,Net Banking,701,1,3.2,35.2,2,1,0
C102025,2023-09-16,2024-06-22,South,36,Standard,5G,Month-to-Month,UPI,997,1,3.1,62.7,0,0,1
C102026,2025-01-28,,West,32,Standard,Broadband,2 Year,UPI,878,0,4.2,45.5,1,0,0
C102027,2022-04-20,2025-04-27,South,31,Basic,5G,Month-to-Month,UPI,948,2,3.0,36.3,4,1,1
C102028,2025-09-16,,East,32,Standard,Fiber,1 Year,Auto-debit,824,2,2.0,84.9,0,0,0
C102029,2024-01-08,,East,38,Premium,5G,2 Year,Credit Card,1753,1,4.3,106.9,0,1,0
C102030,2023-12-13,,North,40,Basic,Fiber,1 Year,Auto-debit,562,0,4.6,66.3,1,1,0
C102031,2024-07-11,2024-11-21,East,49,Basic,5G,Month-to-Month,UPI,979,1,3.8,50.4,4,0,1
C102032,2025-05-10,,South,38,Basic,Broadband,1 Year,Auto-debit,794,1,3.4,48.6,4,0,0
C102033,2025-11-08,2025-12-20,South,51,Basic,Fiber,Month-to-Month,Credit Card,774,2,2.7,28.7,3,2,1
C102034,2022-06-20,,North,31,Basic,Fiber,Month-to-Month,Credit Card,761,2,2.7,23.9,3,2,0
C102035,2023-10-29,,West,24,Standard,Broadband,1 Year,Credit Card,1199,1,4.3,42.0,4,0,0
C102036,2025-11-06,,Central,34,Basic,5G,2 Year,Credit Card,668,0,3.3,76.2,1,0,0
C102037,2022-12-24,,North,44,Standard,5G,Month-to-Month,Auto-debit,1152,0,5.0,31.1,2,1,0
C102038,2022-10-29,2023-11-26,East,48,Premium,5G,Month-to-Month,Credit Card,1722,1,4.4,129.7,0,0,1
C102039,2023-06-29,,West,56,Premium,5G,1 Year,Auto-debit,1977,0,4.2,129.7,2,0,0
C102040,2022-06-09,,South,41,Standard,Fiber,Month-to-Month,UPI,1325,1,5.0,52.3,4,1,0
C102041,2022-05-26,,West,47,Basic,Broadband,1 Year,UPI,388,3,3.9,43.4,0,0,0
C102042,2022-08-01,,East,54,Basic,Broadband,Month-to-Month,UPI,693,3,2.7,48.2,3,0,0
C102043,2022-12-30,,Central,29,Basic,Fiber,Month-to-Month,UPI,693,1,2.8,24.8,2,0,0
C102044,2024-04-10,,Central,35,Premium,Fiber,1 Year,Auto-debit,2024,1,3.5,79.5,4,0,0
C102045,2022-05-25,,North,71,Premium,5G,2 Year,UPI,1918,3,3.2,110.3,2,0,0
C102046,2024-03-29,2024-08-27,South,48,Basic,5G,Month-to-Month,UPI,706,3,2.5,42.0,2,0,1
C102047,2025-12-01,,East,44,Basic,Fiber,2 Year,UPI,457,0,3.0,21.7,0,0,0
C102048,2023-08-18,,North,49,Standard,5G,Month-to-Month,Net Banking,1216,2,3.5,73.8,2,1,0
C102049,2024-01-17,,South,22,Basic,5G,Month-to-Month,Auto-debit,882,0,4.4,45.1,4,0,0
C102050,2025-04-22,2025-11-29,Central,30,Premium,5G,Month-to-Month,Auto-debit,1700,3,4.6,186.4,0,0,1
C102051,2022-09-14,,North,26,Basic,Fiber,Month-to-Month,UPI,486,1,3.6,42.0,0,0,0
C102052,2024-03-06,,South,43,Basic,Fiber,1 Year,Credit Card,877,1,4.0,34.7,4,1,0
C102053,2024-02-08,2024-11-23,West,34,Standard,5G,Month-to-Month,UPI,1154,3,1.8,103.7,1,0,1
C102054,2023-10-23,,South,39,Basic,Broadband,Month-to-Month,Auto-debit,643,2,3.9,74.0,3,1,0
C102055,2024-12-24,2025-04-03,East,34,Basic,5G,Month-to-Month,UPI,793,1,2.8,21.2,3,1,1
C102056,2023-04-21,,Central,18,Premium,Fiber,2 Year,Auto-debit,1798,0,4.2,87.0,2,0,0
C102057,2023-07-12,,East,49,Basic,Broadband,2 Year,Auto-debit,581,3,3.0,14.7,2,0,0
C102058,2024-06-16,,North,18,Standard,Fiber,Month-to-Month,Net Banking,1154,3,2.9,43.6,3,1,0
C102059,2022-04-10,,North,29,Standard,5G,Month-to-Month,Auto-debit,1055,2,2.3,148.2,1,0,0
C102060,2024-09-05,,Central,22,Basic,Fiber,2 Year,UPI,470,0,3.3,24.7,0,1,0
C102061,2024-12-10,2025-02-23,South,27,Basic,5G,Month-to-Month,UPI,875,2,2.6,53.4,4,1,1
C102062,2024-02-16,,East,40,Basic,5G,2 Year,UPI,466,0,3.4,51.9,0,1,0
C102063,2024-12-07,,North,53,Basic,Broadband,1 Year,UPI,456,2,4.1,31.6,0,0,0
C102064,2024-06-07,,South,19,Basic,Fiber,2 Year,Net Banking,851,1,3.3,33.7,3,1,0
C102065,2024-08-11,2024-12-26,Central,31,Premium,5G,Month-to-Month,Credit Card,1944,1,3.3,226.0,2,1,1
C102066,2025-06-06,,East,18,Standard,Fiber,Month-to-Month,Auto-debit,958,2,3.8,112.9,1,0,0
C102067,2025-02-02,2025-10-14,Central,31,Premium,Broadband,Month-to-Month,Auto-debit,1415,5,3.0,344.8,0,1,1
C102068,2024-11-04,2025-10-03,South,39,Standard,Fiber,Month-to-Month,UPI,934,4,4.2,19.6,1,1,1
C102069,2022-08-06,,East,47,Standard,5G,Month-to-Month,UPI,945,1,4.3,92.0,0,1,0
C102070,2022-11-01,,West,18,Standard,5G,2 Year,Credit Card,1213,3,1.7,21.4,2,1,0
C102071,2024-08-02,2025-12-08,South,45,Basic,Fiber,Month-to-Month,UPI,602,3,3.6,41.4,2,0,1
C102072,2025-11-09,,South,26,Basic,Fiber,Month-to-Month,Net Banking,843,0,4.3,37.7,4,2,0
C102073,2024-07-17,,West,23,Standard,Fiber,Month-to-Month,Net Banking,1256,0,5.0,39.6,4,3,0
C102074,2023-10-28,2024-10-07,South,39,Premium,5G,Month-to-Month,Net Banking,1949,0,3.9,83.0,2,0,1
C102075,2023-03-17,,East,46,Standard,Broadband,Month-to-Month,Credit Card,1042,2,4.1,60.4,2,0,0
C102076,2025-04-20,,Central,37,Basic,5G,Month-to-Month,Auto-debit,771,0,3.6,52.4,3,2,0
C102077,2024-06-19,,North,25,Premium,Broadband,1 Year,Net Banking,1497,2,3.7,63.3,1,2,0
C102078,2024-08-17,,South,37,Basic,Fiber,2 Year,Auto-debit,723,3,2.3,29.1,3,0,0
C102079,2023-10-06,,North,29,Premium,Fiber,Month-to-Month,Auto-debit,1579,1,2.8,145.6,0,1,0
C102080,2024-09-08,,South,45,Premium,Broadband,1 Year,Net Banking,1762,2,4.1,160.9,4,2,0
C102081,2024-03-08,2025-08-03,North,51,Premium,Broadband,Month-to-Month,UPI,1826,1,3.8,418.1,4,1,1
C102082,2023-10-31,,West,50,Premium,Fiber,Month-to-Month,Auto-debit,1948,2,2.6,122.1,4,0,0
C102083,2025-03-20,,North,38,Basic,5G,2 Year,UPI,584,0,4.4,57.8,1,0,0
C102084,2025-01-24,2025-08-10,West,51,Standard,Broadband,2 Year,Credit Card,1112,1,1.6,62.7,3,1,1
C102085,2025-03-04,2025-08-26,South,26,Standard,Broadband,Month-to-Month,Credit Card,1033,3,2.5,141.4,2,0,1
C102086,2025-07-10,2025-08-12,South,59,Standard,5G,Month-to-Month,UPI,1412,2,2.1,44.0,4,0,1
C102087,2023-06-10,2025-09-02,South,26,Basic,Fiber,Month-to-Month,UPI,456,0,4.6,40.7,0,2,1
C102088,2022-05-23,,West,18,Basic,Fiber,Month-to-Month,UPI,535,3,2.7,47.7,1,0,0
C102089,2023-10-12,,East,54,Basic,5G,1 Year,Auto-debit,536,1,3.6,53.7,0,2,0
C102090,2025-05-15,2025-08-19,South,29,Standard,5G,Month-to-Month,Net Banking,1360,1,3.8,112.0,4,1,1
C102091,2023-09-29,,West,39,Standard,Fiber,2 Year,Auto-debit,885,2,3.9,63.3,0,0,0
C102092,2025-08-03,,East,26,Premium,Fiber,1 Year,Auto-debit,1663,0,4.5,175.3,0,1,0
C102093,2023-05-23,2025-07-26,North,66,Standard,Fiber,Month-to-Month,Credit Card,933,3,3.6,34.6,0,0,1
C102094,2025-10-20,,Central,60,Standard,5G,2 Year,Auto-debit,1411,1,3.4,79.5,4,0,0
C102095,2023-07-09,,South,57,Basic,Fiber,1 Year,Credit Card,681,2,3.9,16.4,2,0,0
C102096,2022-09-18,,North,39,Standard,Fiber,Month-to-Month,UPI,915,0,3.3,62.6,0,1,0
C102097,2025-08-14,,East,50,Basic,Fiber,Month-to-Month,Auto-debit,500,2,3.0,146.9,1,1,0
C102098,2022-11-09,,North,37,Basic,Broadband,2 Year,Auto-debit,607,1,2.5,48.1,2,1,0
C102099,2025-01-04,,South,51,Basic,5G,2 Year,UPI,894,1,4.7,33.1,4,1,0
C102100,2025-09-02,2025-10-13,West,33,Basic,Fiber,Month-to-Month,Auto-debit,523,3,2.4,54.4,1,0,1
C102101,2025-06-20,,North,57,Basic,5G,1 Year,UPI,455,2,4.3,41.1,0,1,0
C102102,2022-12-15,,West,32,Standard,5G,2 Year,Auto-debit,1294,0,4.2,39.9,3,0,0
C102103,2024-03-03,2024-08-04,Central,34,Basic,5G,2 Year,Net Banking,642,3,3.2,16.7,2,0,1
C102104,2025-11-01,,East,32,Basic,5G,Month-to-Month,UPI,493,3,3.3,41.8,0,0,0
C102105,2024-07-30,2024-12-17,West,40,Basic,5G,Month-to-Month,Auto-debit,686,1,2.8,38.2,2,0,1
C102106,2022-11-28,,West,33,Standard,5G,2 Year,Credit Card,1192,2,4.4,61.8,2,0,0
C102107,2023-10-21,2025-05-26,Central,44,Standard,Fiber,Month-to-Month,UPI,1034,2,,106.9,1,0,1
C102108,2025-07-26,2025-09-07,South,32,Basic,Fiber,Month-to-Month,Auto-debit,583,2,4.0,84.4,1,2,1
C102109,2025-04-25,,North,47,Basic,Fiber,1 Year,Auto-debit,430,1,3.2,61.0,0,1,0
C102110,2025-07-11,2025-09-22,East,56,Premium,5G,Month-to-Month,Credit Card,2180,1,2.7,95.8,4,0,1
C102111,2023-01-30,,East,39,Standard,5G,1 Year,Net Banking,990,0,5.0,75.7,0,0,0
C102112,2025-05-17,,North,65,Standard,5G,Month-to-Month,UPI,1267,1,3.1,123.5,2,0,0
C102113,2023-10-07,,East,52,Standard,Fiber,1 Year,UPI,895,1,3.9,110.6,0,1,0
C102114,2023-01-31,,North,64,Premium,5G,Month-to-Month,Net Banking,2080,1,1.6,152.1,4,2,0
C102115,2022-07-24,,Central,37,Premium,Fiber,2 Year,UPI,1741,0,4.0,89.5,1,0,0
C102116,2023-06-18,,South,18,Basic,Fiber,Month-to-Month,Credit Card,872,0,4.2,74.3,4,0,0
C102117,2022-05-24,,North,30,Standard,5G,Month-to-Month,Auto-debit,1047,1,3.6,144.4,0,0,0
C102118,2022-10-05,,North,31,Basic,Fiber,2 Year,Auto-debit,570,0,3.7,66.6,1,1,0
C102119,2025-04-13,,South,27,Standard,Fiber,1 Year,Credit Card,1111,2,3.2,321.1,1,2,0
C102120,2023-03-21,2025-03-08,South,18,Basic,Fiber,Month-to-Month,Credit Card,451,4,3.4,64.3,0,0,1
C102121,2023-07-18,2025-06-23,North,50,Basic,5G,Month-to-Month,Auto-debit,739,3,2.1,78.5,2,1,1
C102122,2023-10-15,,South,18,Premium,Fiber,1 Year,Auto-debit,1786,2,3.3,162.4,2,0,0
C102123,2024-04-27,,North,49,Premium,Broadband,2 Year,UPI,1617,3,4.3,110.5,2,0,0
C102124,2025-02-01,2025-07-24,South,64,Basic,Broadband,Month-to-Month,Credit Card,624,1,2.5,24.6,2,1,1
C102125,2025-02-01,,South,29,Premium,Broadband,2 Year,UPI,1432,2,3.4,80.3,0,1,0
C102126,2022-11-29,,South,43,Basic,Fiber,Month-to-Month,UPI,589,0,3.0,30.3,1,0,0
C102127,2025-09-04,,South,33,Standard,5G,1 Year,UPI,1067,3,3.3,40.3,2,0,0
C102128,2023-03-29,,North,48,Premium,Fiber,Month-to-Month,Net Banking,1903,1,3.8,102.2,3,0,0
C102129,2025-03-19,,North,24,Basic,Broadband,Month-to-Month,Auto-debit,475,2,2.6,44.3,1,0,0
C102130,2024-07-21,2025-12-07,North,36,Standard,5G,2 Year,Auto-debit,1182,3,3.1,133.7,2,1,1
C102131,2025-03-07,2025-09-08,West,51,Standard,Fiber,Month-to-Month,Credit Card,1304,3,3.1,40.3,4,0,1
C102132,2022-11-09,,Central,37,Basic,Fiber,2 Year,Credit Card,795,2,2.9,69.1,3,0,0
C102133,2025-04-01,2025-06-26,Central,18,Standard,Broadband,Month-to-Month,UPI,807,2,3.0,84.3,0,0,1
C102134,2024-11-15,2025-03-28,East,53,Basic,Broadband,Month-to-Month,UPI,478,2,2.8,53.4,1,1,1
C102135,2025-11-15,,East,22,Standard,5G,2 Year,UPI,940,1,2.0,70.2,0,1,0
C102136,2022-05-24,,South,39,Basic,5G,1 Year,Auto-debit,956,2,3.9,125.9,4,0,0
C102137,2022-12-05,,West,45,Basic,Broadband,Month-to-Month,UPI,769,2,4.1,29.8,4,1,0
C102138,2024-04-02,2024-10-02,West,39,Standard,Broadband,1 Year,Auto-debit,992,2,2.1,55.7,2,1,1
C102139,2025-07-09,2025-08-11,West,68,Basic,Broadband,Month-to-Month,UPI,584,5,3.4,46.9,1,0,1
C102140,2023-11-16,,Central,47,Standard,Fiber,2 Year,Credit Card,1191,1,3.8,89.8,3,0,0
C102141,2023-04-26,2024-01-02,South,36,Standard,5G,Month-to-Month,Auto-debit,988,1,2.8,82.5,0,0,1
C102142,2024-02-13,2024-09-20,West,45,Standard,Broadband,Month-to-Month,Auto-debit,1105,3,2.9,71.9,3,1,1
C102143,2025-09-24,,West,41,Basic,Fiber,Month-to-Month,UPI,791,2,2.8,57.5,4,0,0
C102144,2024-10-26,,South,39,Premium,Fiber,1 Year,Auto-debit,1540,0,4.6,159.3,0,0,0
C102145,2022-02-02,,Central,41,Standard,Fiber,2 Year,UPI,1098,1,2.9,72.3,2,0,0
C102146,2025-06-17,2025-09-01,North,33,Basic,5G,2 Year,Auto-debit,481,0,5.0,110.8,0,0,1
C102147,2024-04-23,2024-08-06,Central,41,Standard,Broadband,Month-to-Month,UPI,1101,7,2.9,91.9,3,0,1
C102148,2025-04-19,,West,32,Standard,Fiber,Month-to-Month,Credit Card,1177,2,2.4,64.2,3,0,0
C102149,2024-06-13,2025-08-05,North,18,Standard,5G,Month-to-Month,Net Banking,1016,1,4.7,137.2,0,1,1
C102150,2023-01-07,,East,52,Standard,Fiber,2 Year,Auto-debit,1229,0,4.3,26.7,4,1,0
C102151,2024-03-29,2024-08-27,North,31,Standard,Broadband,Month-to-Month,Auto-debit,895,2,3.2,42.0,1,0,1
C102152,2022-09-20,,West,40,Premium,Broadband,1 Year,UPI,1611,3,3.7,106.5,2,0,0
C102153,2025-04-21,2025-11-04,West,29,Standard,5G,Month-to-Month,Auto-debit,1111,2,3.9,40.9,1,1,1
C102154,2025-11-14,,East,29,Premium,5G,2 Year,UPI,2138,3,2.7,176.2,4,1,0
C102155,2022-04-08,2023-09-02,West,26,Standard,Fiber,Month-to-Month,UPI,1189,1,4.1,108.3,3,1,1
C102156,2025-10-14,2025-12-18,North,49,Premium,Broadband,Month-to-Month,UPI,1787,2,3.2,266.5,4,0,1
C102157,2023-04-13,,South,52,Premium,5G,2 Year,UPI,1897,1,4.3,88.3,1,0,0
C102158,2022-09-19,,South,38,Basic,Fiber,2 Year,UPI,633,0,3.7,58.7,2,0,0
C102159,2025-10-06,,North,32,Basic,Broadband,1 Year,Net Banking,636,3,2.3,83.9,2,0,0
C102160,2025-04-06,,South,18,Standard,Fiber,1 Year,UPI,1063,2,3.7,79.9,1,0,0
C102161,2023-01-08,,South,48,Standard,5G,1 Year,Credit Card,1325,0,3.5,120.7,4,0,0
C102162,2024-11-16,2025-07-16,South,30,Standard,Fiber,Month-to-Month,UPI,1310,4,2.9,70.1,4,0,1
C102163,2023-08-24,,South,25,Premium,5G,Month-to-Month,Net Banking,2106,1,4.0,227.5,4,4,0
C102164,2024-03-18,2025-08-26,West,38,Premium,Fiber,1 Year,UPI,1747,2,4.5,80.6,2,1,1
C102165,2025-03-28,,South,34,Standard,Fiber,1 Year,UPI,951,0,3.5,33.9,0,1,0
C102166,2022-02-12,,Central,20,Standard,5G,Month-to-Month,Net Banking,1018,1,3.0,61.0,0,1,0
C102167,2025-10-24,,South,21,Basic,Broadband,Month-to-Month,Auto-debit,608,0,5.0,42.3,2,1,0
C102168,2025-08-17,,South,42,Standard,Fiber,1 Year,Auto-debit,1271,2,3.3,91.7,4,0,0
C102169,2024-03-27,,East,30,Basic,5G,Month-to-Month,UPI,804,1,3.2,55.4,3,1,0
C102170,2022-05-23,,South,44,Standard,5G,1 Year,Auto-debit,1243,2,3.6,51.7,3,1,0
C102171,2024-08-06,,South,40,Standard,Broadband,1 Year,Net Banking,1099,2,3.1,44.7,3,2,0
C102172,2023-11-09,,East,51,Standard,Fiber,Month-to-Month,Auto-debit,1288,2,3.1,166.2,4,1,0
C102173,2023-06-06,,North,28,Standard,5G,Month-to-Month,UPI,1437,2,5.0,68.8,4,0,0
C102174,2023-06-04,,South,41,Basic,Broadband,Month-to-Month,UPI,483,1,2.9,34.9,1,1,0
C102175,2022-10-17,,East,46,Basic,Fiber,Month-to-Month,UPI,765,2,2.3,51.9,3,0,0
C102176,2023-01-07,,South,30,Basic,5G,1 Year,Auto-debit,607,1,4.4,27.2,1,0,0
C102177,2023-06-26,,West,52,Premium,Broadband,1 Year,UPI,1693,1,3.5,82.5,3,1,0
C102178,2024-09-19,,South,18,Premium,Fiber,2 Year,UPI,1613,1,4.0,175.2,0,1,0
C102179,2025-07-03,,Central,28,Basic,Fiber,Month-to-Month,Credit Card,471,0,4.2,26.6,0,0,0
C102180,2023-02-11,,West,18,Basic,Fiber,1 Year,Auto-debit,423,2,2.1,22.7,0,1,0
C102181,2025-12-12,,Central,29,Standard,Broadband,Month-to-Month,Credit Card,1013,3,3.8,61.7,2,0,0
C102182,2025-02-10,,West,36,Standard,Broadband,2 Year,Net Banking,1230,1,3.2,83.9,4,1,0
C102183,2024-02-23,2024-06-20,North,48,Basic,5G,Month-to-Month,UPI,713,2,4.6,87.9,2,1,1
C102184,2023-06-17,,East,36,Basic,5G,1 Year,Auto-debit,683,1,3.0,52.4,2,1,0
C102185,2024-08-07,2025-08-05,North,31,Standard,Fiber,Month-to-Month,UPI,1223,1,4.6,95.4,3,1,1
C102186,2024-02-02,,West,19,Basic,Fiber,Month-to-Month,UPI,840,2,4.5,26.5,4,0,0
C102187,2024-07-04,2024-11-19,East,23,Basic,Fiber,2 Year,Credit Card,652,2,3.0,48.5,2,1,1
C102188,2024-06-12,,South,42,Basic,Fiber,Month-to-Month,UPI,708,2,3.2,25.3,3,0,0
C102189,2024-08-12,,Central,49,Standard,Fiber,Month-to-Month,Net Banking,1172,3,2.8,116.5,2,2,0
C102190,2024-08-26,,North,33,Standard,5G,1 Year,Net Banking,1472,1,4.6,78.0,4,4,0
C102191,2024-05-14,2025-11-04,East,53,Basic,Fiber,Month-to-Month,UPI,629,1,3.7,43.1,2,1,1
C102192,2025-10-20,2025-11-01,West,27,Standard,Fiber,Month-to-Month,UPI,1346,3,3.4,94.9,4,0,1
C102193,2023-12-22,,North,33,Standard,Fiber,Month-to-Month,UPI,1373,0,3.7,57.7,4,0,0
C102194,2025-11-11,,East,34,Premium,Fiber,Month-to-Month,UPI,1967,2,3.8,92.5,4,0,0
C102195,2025-05-30,,West,56,Premium,Fiber,2 Year,Auto-debit,1622,3,3.6,73.3,1,0,0
C102196,2024-05-09,,North,40,Basic,Fiber,1 Year,Net Banking,619,1,3.1,107.7,1,0,0
C102197,2023-07-20,,East,18,Premium,Fiber,Month-to-Month,UPI,1905,2,4.7,105.2,3,1,0
C102198,2024-04-30,,South,49,Standard,5G,Month-to-Month,UPI,1374,0,3.7,62.9,4,0,0
C102199,2025-11-12,,West,60,Standard,Broadband,2 Year,Auto-debit,1098,0,4.5,104.3,3,2,0
C102200,2024-11-01,,North,35,Basic,Broadband,2 Year,Auto-debit,681,1,2.7,44.5,3,0,0
C102201,2023-11-27,2024-11-09,Central,27,Basic,Broadband,Month-to-Month,Auto-debit,715,3,3.5,13.9,2,1,1
C102202,2024-08-06,,Central,48,Basic,5G,1 Year,UPI,874,1,4.3,121.6,4,0,0
C102203,2024-02-09,,North,62,Premium,Broadband,Month-to-Month,Credit Card,1610,3,3.4,92.8,2,0,0
C102204,2022-04-09,,South,48,Standard,5G,Month-to-Month,UPI,1347,2,4.1,48.4,3,1,0
C102205,2022-08-29,,East,19,Standard,5G,2 Year,Auto-debit,1248,0,3.3,67.9,2,1,0
C102206,2022-11-23,2025-10-20,West,47,Standard,5G,2 Year,Credit Card,1439,5,2.9,56.9,4,0,1
C102207,2024-10-23,,South,43,Basic,Fiber,Month-to-Month,Net Banking,739,1,2.5,34.5,3,1,0
C102208,2025-09-02,,North,27,Basic,Fiber,2 Year,UPI,849,4,2.9,46.9,4,1,0
C102209,2024-02-05,,North,53,Standard,Fiber,1 Year,Auto-debit,832,1,3.0,29.1,0,1,0
C102210,2024-01-21,,Central,43,Standard,Broadband,1 Year,UPI,895,4,2.8,106.4,1,0,0
C102211,2023-03-08,,South,54,Premium,Fiber,1 Year,Auto-debit,2006,0,5.0,190.0,4,2,0
C102212,2025-11-14,,West,25,Standard,5G,Month-to-Month,UPI,1028,3,4.3,31.7,0,0,0
C102213,2023-02-27,,East,43,Standard,Broadband,2 Year,Auto-debit,1168,1,2.7,92.6,3,0,0
C102214,2024-03-01,2025-09-29,Central,27,Premium,5G,Month-to-Month,UPI,2074,0,4.9,76.9,3,0,1
C102215,2024-04-22,,North,41,Basic,Fiber,Month-to-Month,Net Banking,601,0,4.8,35.5,1,0,0
C102216,2023-09-02,,North,56,Standard,5G,Month-to-Month,Auto-debit,998,0,4.0,87.9,0,2,0
C102217,2022-06-09,,Central,21,Standard,Fiber,2 Year,UPI,970,1,4.5,113.7,0,0,0
C102218,2023-04-12,,Central,22,Basic,Broadband,Month-to-Month,UPI,795,4,2.5,52.2,4,0,0
C102219,2025-04-02,2025-06-11,South,49,Basic,5G,Month-to-Month,UPI,544,1,3.2,22.1,0,0,1
C102220,2024-02-18,,South,38,Basic,5G,1 Year,UPI,828,1,3.2,45.7,3,1,0
C102221,2023-04-16,2025-10-20,South,52,Basic,5G,Month-to-Month,Net Banking,514,4,3.3,56.5,0,1,1
C102222,2024-10-25,2025-11-25,South,28,Standard,5G,Month-to-Month,UPI,1036,1,3.5,50.1,1,0,1
C102223,2022-05-19,,North,39,Basic,5G,Month-to-Month,UPI,542,1,3.0,29.0,0,0,0
C102224,2025-03-30,,Central,46,Standard,Fiber,1 Year,UPI,1231,2,2.8,71.1,3,0,0
C102225,2025-10-26,,South,41,Basic,Fiber,Month-to-Month,UPI,487,0,3.8,58.9,0,0,0
C102226,2024-11-17,,West,18,Basic,Fiber,Month-to-Month,UPI,768,2,2.7,33.3,3,1,0
C102227,2025-01-08,,North,72,Basic,5G,Month-to-Month,Net Banking,914,1,4.0,49.9,4,1,0
C102228,2023-06-30,,North,41,Basic,Broadband,2 Year,UPI,748,2,4.1,23.5,3,0,0
C102229,2025-12-06,,East,22,Premium,5G,1 Year,Auto-debit,2027,1,4.4,135.0,3,1,0
C102230,2025-07-14,,South,42,Basic,5G,Month-to-Month,Auto-debit,913,1,5.0,17.8,4,0,0
C102231,2025-04-05,,East,43,Basic,Broadband,2 Year,Credit Card,764,1,3.8,51.6,4,0,0
C102232,2025-11-01,,North,50,Basic,Fiber,2 Year,Auto-debit,779,0,5.0,68.7,3,0,0
C102233,2024-08-12,,Central,49,Basic,Fiber,1 Year,Net Banking,667,2,3.4,40.7,2,1,0
C102234,2023-02-08,,West,35,Standard,Broadband,Month-to-Month,Credit Card,873,3,2.9,97.4,1,0,0
C102235,2025-03-11,2025-11-24,West,18,Premium,Broadband,Month-to-Month,UPI,1700,2,3.6,133.3,3,1,1
C102236,2024-10-25,2025-05-27,North,44,Basic,5G,1 Year,Net Banking,476,4,2.9,22.2,0,1,1
C102237,2022-03-22,,South,18,Standard,Fiber,Month-to-Month,UPI,1300,0,3.7,40.8,4,3,0
C102238,2025-08-18,2025-11-05,South,53,Standard,Broadband,Month-to-Month,Credit Card,1209,2,2.5,61.5,4,0,1
C102239,2024-08-16,,East,29,Premium,Broadband,Month-to-Month,UPI,1509,1,3.1,109.5,1,2,0
C102240,2025-10-29,,South,46,Standard,5G,Month-to-Month,Credit Card,1219,0,4.6,49.8,3,0,0
C102241,2025-05-05,,North,30,Basic,Fiber,1 Year,Net Banking,771,1,4.1,24.0,3,1,0
C102242,2023-08-14,,South,32,Standard,5G,Month-to-Month,UPI,1383,4,4.0,17.7,4,0,0
C102243,2025-07-09,,South,28,Premium,Broadband,1 Year,UPI,1778,1,3.5,272.3,4,2,0
C102244,2025-10-29,,South,47,Standard,Broadband,2 Year,Auto-debit,1051,4,2.5,172.8,3,0,0
C102245,2025-02-17,,North,31,Premium,5G,Month-to-Month,UPI,2143,4,2.2,77.3,4,0,0
C102246,2024-07-25,2025-09-28,South,47,Premium,5G,Month-to-Month,UPI,1827,1,4.5,57.4,1,0,1
C102247,2024-07-19,2025-06-27,East,31,Basic,5G,Month-to-Month,UPI,748,4,2.2,91.5,2,0,1
C102248,2024-02-29,,South,35,Premium,5G,Month-to-Month,Auto-debit,1679,0,4.0,40.9,0,0,0
C102249,2024-05-18,,South,38,Standard,5G,2 Year,Net Banking,1356,1,3.8,123.2,4,5,0
C102250,2025-03-05,,East,40,Standard,Fiber,1 Year,Credit Card,977,1,2.5,101.3,1,1,0
C102251,2024-02-08,,West,27,Standard,Fiber,2 Year,Auto-debit,1127,2,3.8,61.9,2,0,0
C102252,2022-06-27,,South,46,Premium,Broadband,2 Year,Net Banking,1446,1,4.5,236.6,0,2,0
C102253,2025-03-07,,East,35,Standard,Fiber,Month-to-Month,Auto-debit,1038,2,3.5,53.0,1,0,0
C102254,2023-03-09,,Central,45,Standard,Fiber,1 Year,Net Banking,1172,2,3.2,112.2,3,1,0
C102255,2023-07-06,2025-08-29,East,38,Basic,Broadband,Month-to-Month,Auto-debit,481,3,3.0,39.0,1,0,1
C102256,2024-09-26,,Central,45,Standard,5G,Month-to-Month,Net Banking,1164,0,4.8,40.1,2,1,0
C102257,2024-07-27,,West,33,Premium,Fiber,Month-to-Month,UPI,1827,4,3.0,327.5,2,0,0
C102258,2022-06-15,,North,29,Standard,Fiber,Month-to-Month,UPI,1198,0,3.8,51.7,3,2,0
C102259,2023-12-22,,South,43,Basic,Broadband,1 Year,UPI,441,3,2.6,35.7,1,0,0
C102260,2025-10-31,2025-11-13,West,32,Premium,5G,1 Year,Credit Card,1970,2,1.5,177.1,2,0,1
C102261,2024-02-21,,Central,56,Premium,5G,Month-to-Month,Auto-debit,1799,0,4.8,219.2,0,0,0
C102262,2022-10-10,2024-07-25,South,39,Standard,5G,Month-to-Month,Auto-debit,1190,0,3.8,38.1,2,3,1
C102263,2023-07-02,,North,22,Basic,Fiber,1 Year,Auto-debit,464,2,2.7,90.9,0,1,0
C102264,2024-07-14,,East,31,Standard,5G,1 Year,Net Banking,1235,1,5.0,73.5,3,1,0
C102265,2025-10-14,,North,26,Basic,Fiber,1 Year,Auto-debit,772,0,4.1,42.3,4,0,0
C102266,2024-11-23,2025-08-07,West,51,Basic,5G,Month-to-Month,Net Banking,623,2,3.2,40.7,2,2,1
C102267,2024-06-10,,East,47,Standard,Fiber,Month-to-Month,UPI,1313,0,4.5,73.1,4,1,0
C102268,2025-07-12,2025-08-21,West,37,Premium,Fiber,1 Year,Credit Card,1696,2,3.8,54.1,1,0,1
C102269,2023-01-27,,West,41,Basic,Fiber,1 Year,Credit Card,877,3,3.3,54.2,4,0,0
C102270,2024-01-27,2025-02-05,East,37,Premium,Broadband,Month-to-Month,UPI,1589,2,3.1,130.6,2,1,1
C102271,2022-06-29,,East,48,Premium,Fiber,Month-to-Month,UPI,1846,1,4.2,98.1,2,1,0
C102272,2025-07-14,,West,44,Basic,Fiber,Month-to-Month,UPI,692,4,3.5,49.0,2,0,0
C102273,2025-01-19,,West,46,Basic,Fiber,1 Year,UPI,842,2,2.9,39.9,4,0,0
C102274,2023-05-31,2024-05-28,West,36,Standard,5G,Month-to-Month,UPI,1256,5,1.2,71.0,3,0,1
C102275,2023-08-28,,North,30,Standard,5G,1 Year,Auto-debit,1120,1,4.2,90.8,2,1,0
C102276,2023-11-20,,East,46,Basic,Broadband,2 Year,UPI,753,0,4.2,39.5,3,1,0
C102277,2022-04-28,,North,57,Standard,5G,Month-to-Month,Auto-debit,1159,0,4.4,50.0,2,0,0
C102278,2025-04-24,2025-10-30,West,51,Standard,5G,Month-to-Month,UPI,1335,2,3.3,107.7,4,0,1
C102279,2022-02-26,,East,57,Standard,5G,Month-to-Month,Auto-debit,1202,2,4.0,43.1,2,0,0
C102280,2023-06-09,2025-05-14,South,40,Standard,Fiber,Month-to-Month,Auto-debit,1255,3,2.6,124.7,4,1,1
C102281,2025-02-15,,North,26,Basic,Broadband,2 Year,Auto-debit,503,3,2.9,37.2,1,0,0
C102282,2023-03-22,,South,27,Basic,Broadband,2 Year,Credit Card,584,1,2.8,68.5,2,0,0
C102283,2024-11-30,,West,55,Basic,Fiber,Month-to-Month,Net Banking,793,1,4.4,90.7,3,2,0
C102284,2024-01-31,,North,18,Premium,5G,2 Year,UPI,1980,1,3.7,114.5,2,0,0
C102285,2025-12-03,,North,56,Premium,Fiber,Month-to-Month,Credit Card,1851,4,3.2,182.4,2,0,0
C102286,2025-09-20,,Central,29,Premium,5G,1 Year,Auto-debit,1757,4,3.3,161.6,0,1,0
C102287,2024-05-02,,West,61,Basic,Broadband,1 Year,UPI,761,1,3.4,48.5,4,0,0
C102288,2025-05-17,,North,37,Standard,Broadband,Month-to-Month,UPI,857,1,4.1,99.6,1,2,0
C102289,2023-01-06,,South,47,Basic,Fiber,Month-to-Month,Auto-debit,438,3,4.2,38.4,0,0,0
C102290,2023-04-10,,Central,67,Basic,5G,1 Year,UPI,975,1,4.2,100.5,4,0,0
C102291,2024-03-04,2025-05-11,West,34,Basic,5G,Month-to-Month,Net Banking,489,2,2.1,46.1,0,1,1
C102292,2025-06-10,,East,34,Premium,Fiber,2 Year,UPI,1912,0,4.1,81.8,3,1,0
C102293,2024-04-28,,South,30,Basic,5G,Month-to-Month,UPI,658,1,3.7,35.6,1,1,0
C102294,2025-12-19,,South,26,Standard,5G,Month-to-Month,UPI,1306,0,4.7,114.9,3,0,0
C102295,2024-06-17,,North,34,Premium,Broadband,2 Year,Credit Card,1468,5,2.4,74.4,1,2,0
C102296,2023-01-12,2025-07-05,West,31,Standard,Broadband,Month-to-Month,Auto-debit,1125,5,1.8,189.8,3,0,1
C102297,2023-09-23,,North,23,Basic,Fiber,Month-to-Month,Auto-debit,838,1,4.1,84.9,4,2,0
C102298,2025-03-13,,North,35,Premium,Fiber,Month-to-Month,UPI,1818,1,3.7,63.7,2,0,0
C102299,2022-08-23,,West,43,Standard,Fiber,Month-to-Month,UPI,1137,0,3.4,108.5,2,0,0
C102300,2022-11-14,,Central,27,Standard,Fiber,Month-to-Month,Auto-debit,1196,0,3.6,45.4,3,0,0
C102301,2022-07-31,2024-02-22,West,36,Standard,5G,Month-to-Month,UPI,1105,3,2.1,48.6,1,1,1
C102302,2024-03-07,2024-10-12,East,55,Premium,Broadband,Month-to-Month,UPI,1661,3,3.4,93.3,2,1,1
C102303,2024-07-07,,East,21,Standard,5G,Month-to-Month,Credit Card,1271,2,3.1,50.8,3,0,0
C102304,2023-08-08,,South,61,Standard,5G,2 Year,Auto-debit,1051,0,4.2,105.9,0,0,0
C102305,2024-11-11,,South,30,Standard,Fiber,2 Year,UPI,1093,3,2.9,83.7,2,0,0
C102306,2023-01-18,,East,40,Basic,Fiber,Month-to-Month,UPI,729,0,3.8,54.6,2,1,0
C102307,2023-08-09,,South,53,Premium,Broadband,2 Year,Auto-debit,1464,2,3.2,118.1,1,1,0
C102308,2025-07-30,,East,57,Basic,5G,2 Year,Auto-debit,681,1,3.4,34.0,2,1,0
C102309,2025-06-23,,Central,44,Basic,Fiber,2 Year,Net Banking,618,0,3.0,34.1,1,0,0
C102310,2025-06-23,,Central,30,Basic,Broadband,1 Year,Net Banking,659,4,3.5,76.9,2,1,0
C102311,2024-07-10,2025-05-16,North,29,Basic,5G,Month-to-Month,Auto-debit,630,3,3.0,37.1,1,1,1
C102312,2025-02-19,,South,31,Standard,Fiber,Month-to-Month,Net Banking,1272,0,2.4,148.1,4,1,0
C102313,2023-07-22,,North,61,Standard,5G,2 Year,Auto-debit,1299,1,2.4,53.6,3,1,0
C102314,2025-07-28,2025-10-03,South,33,Basic,5G,Month-to-Month,Credit Card,796,2,4.0,45.2,3,0,1
C102315,2025-01-24,,South,42,Basic,Fiber,2 Year,UPI,821,2,3.3,51.6,4,1,0
C102316,2023-11-27,,North,25,Premium,Broadband,1 Year,Auto-debit,1427,2,3.5,212.9,0,0,0
C102317,2022-12-24,,West,24,Premium,5G,Month-to-Month,Net Banking,1817,1,3.7,191.5,1,1,0
C102318,2023-03-01,,East,38,Standard,5G,Month-to-Month,UPI,947,1,3.9,85.9,0,0,0
C102319,2022-05-17,,Central,34,Basic,Broadband,2 Year,Net Banking,631,4,3.9,45.9,3,1,0
C102320,2023-05-01,,North,35,Basic,5G,Month-to-Month,Auto-debit,666,1,3.9,28.1,1,0,0
C102321,2025-01-02,,North,20,Basic,5G,1 Year,UPI,775,1,3.8,40.2,3,0,0
C102322,2023-02-21,,South,37,Basic,Fiber,2 Year,Auto-debit,835,3,2.7,137.1,4,0,0
C102323,2025-02-12,,North,57,Premium,Fiber,Month-to-Month,UPI,1667,0,2.9,73.0,1,2,0
C102324,2025-08-31,,South,28,Standard,Fiber,Month-to-Month,Net Banking,1073,0,4.1,55.6,1,1,0
C102325,2025-10-14,,Central,49,Basic,Fiber,Month-to-Month,Auto-debit,602,2,3.7,22.2,2,0,0
C102326,2025-01-16,,North,18,Premium,5G,2 Year,Auto-debit,1899,2,4.3,81.2,2,2,0
C102327,2022-07-12,,North,28,Standard,Fiber,Month-to-Month,Auto-debit,1005,0,5.0,40.8,1,0,0
C102328,2023-12-27,2025-06-21,East,18,Basic,Fiber,Month-to-Month,Net Banking,557,0,3.0,24.0,1,2,1
C102329,2025-02-18,,East,53,Standard,5G,Month-to-Month,Credit Card,1124,2,2.9,86.6,1,0,0
C102330,2023-12-08,,East,49,Basic,Fiber,Month-to-Month,Net Banking,630,1,4.0,63.7,2,1,0
C102331,2025-10-21,,South,26,Premium,5G,Month-to-Month,UPI,2009,1,3.8,140.7,2,1,0
C102332,2024-02-12,,West,41,Basic,5G,Month-to-Month,Credit Card,670,1,4.6,26.5,2,0,0
C102333,2024-02-21,,North,52,Standard,Fiber,2 Year,Credit Card,978,1,3.4,31.8,1,0,0
C102334,2025-07-10,,South,54,Basic,Fiber,Month-to-Month,Credit Card,712,3,4.5,15.9,3,1,0
C102335,2023-02-24,,West,33,Premium,5G,2 Year,Credit Card,1916,2,3.5,64.1,2,0,0
C102336,2024-10-11,,West,18,Standard,Fiber,2 Year,UPI,971,1,4.7,44.1,1,0,0
C102337,2022-12-21,,South,27,Standard,5G,1 Year,UPI,1326,2,1.6,58.6,3,2,0
C102338,2025-10-22,,East,47,Basic,5G,1 Year,UPI,855,0,4.1,50.4,4,1,0
C102339,2024-08-20,,North,63,Premium,5G,Month-to-Month,Credit Card,1842,1,3.8,97.2,1,1,0
C102340,2022-10-10,,North,37,Standard,5G,1 Year,UPI,1156,0,2.3,162.8,2,0,0
C102341,2024-07-28,,North,31,Basic,Broadband,Month-to-Month,Auto-debit,748,2,3.3,140.1,4,0,0
C102342,2025-06-30,,West,67,Premium,Fiber,Month-to-Month,UPI,1752,2,2.6,111.8,1,0,0
C102343,2022-12-24,,South,43,Basic,Broadband,1 Year,Auto-debit,562,0,3.4,17.0,1,0,0
C102344,2023-09-27,,West,23,Basic,Broadband,Month-to-Month,UPI,549,1,3.8,33.8,1,0,0
C102345,2023-11-17,,North,37,Standard,5G,Month-to-Month,Auto-debit,1138,4,2.7,64.5,2,1,0
C102346,2023-04-05,,West,50,Basic,Fiber,1 Year,Net Banking,604,4,3.0,62.3,2,0,0
C102347,2024-06-02,2025-09-23,West,37,Standard,Fiber,Month-to-Month,Auto-debit,1295,3,3.2,37.8,3,1,1
C102348,2025-11-12,,North,48,Basic,Broadband,Month-to-Month,Auto-debit,488,2,4.9,19.6,1,0,0
C102349,2025-08-11,,North,19,Basic,Fiber,Month-to-Month,Net Banking,602,2,3.5,50.4,2,0,0
C102350,2024-05-27,,North,21,Basic,Broadband,Month-to-Month,UPI,442,1,3.6,33.6,0,2,0
C102351,2024-08-26,2025-10-22,West,29,Basic,5G,Month-to-Month,Credit Card,897,3,3.3,33.4,4,0,1
C102352,2025-04-25,2025-08-22,South,35,Premium,5G,Month-to-Month,UPI,1871,1,3.7,76.0,1,1,1
C102353,2024-09-09,2025-03-21,East,42,Standard,5G,Month-to-Month,Auto-debit,1008,1,2.4,60.2,1,0,1
C102354,2022-10-15,,South,46,Standard,Fiber,1 Year,Auto-debit,906,4,3.3,81.4,0,0,0
C102355,2023-08-09,,West,68,Basic,5G,2 Year,UPI,636,2,4.2,13.3,1,0,0
C102356,2024-02-23,,East,29,Standard,Broadband,1 Year,Net Banking,1169,3,4.1,74.3,4,0,0
C102357,2023-09-09,,East,34,Basic,Fiber,Month-to-Month,UPI,706,1,4.0,62.4,2,0,0
C102358,2023-03-18,2025-11-18,Central,29,Basic,Broadband,1 Year,Net Banking,643,6,2.1,55.3,3,1,1
C102359,2023-12-08,,North,51,Standard,Broadband,2 Year,Net Banking,992,1,3.7,211.4,2,1,0
C102360,2024-06-17,,West,52,Standard,Fiber,2 Year,Credit Card,1084,1,4.8,59.2,1,0,0
C102361,2025-02-28,2025-08-07,North,33,Standard,5G,Month-to-Month,Auto-debit,1250,0,3.6,70.4,3,0,1
C102362,2023-07-04,,East,63,Premium,Fiber,Month-to-Month,UPI,1719,1,2.9,222.9,1,0,0
C102363,2023-08-25,,Central,29,Premium,5G,Month-to-Month,Auto-debit,2069,2,5.0,121.1,3,0,0
C102364,2022-03-18,2025-09-22,West,50,Basic,Broadband,1 Year,Net Banking,799,4,2.1,,4,4,1
C102365,2024-08-16,2025-11-06,West,55,Basic,Broadband,Month-to-Month,UPI,389,1,2.4,66.5,0,2,1
C102366,2025-04-19,,South,22,Basic,Broadband,2 Year,Credit Card,364,1,3.8,47.5,0,0,0
C102367,2023-11-13,,South,45,Premium,Fiber,Month-to-Month,UPI,1914,2,3.8,117.2,3,0,0
C102368,2025-12-19,,South,18,Premium,5G,1 Year,Credit Card,1745,1,4.1,104.9,0,1,0
C102369,2025-04-23,,East,48,Premium,Fiber,Month-to-Month,Auto-debit,1848,1,4.4,115.9,3,0,0
C102370,2025-07-15,2025-10-11,East,25,Basic,Broadband,Month-to-Month,UPI,542,2,3.2,29.0,1,2,1
C102371,2023-10-19,,South,45,Premium,Fiber,Month-to-Month,UPI,1770,0,3.9,165.5,2,0,0
C102372,2023-11-20,,South,47,Standard,Fiber,1 Year,Credit Card,1159,0,3.4,191.9,3,0,0
C102373,2024-04-25,,South,51,Premium,Fiber,Month-to-Month,UPI,1684,2,3.6,47.7,1,1,0
C102374,2022-01-10,2022-10-29,South,49,Standard,Fiber,Month-to-Month,UPI,1279,2,3.7,132.9,4,0,1
C102375,2025-09-30,,North,39,Basic,Fiber,1 Year,Net Banking,845,0,4.4,49.9,4,1,0
C102376,2025-04-14,,West,33,Basic,Fiber,2 Year,Credit Card,508,1,2.9,74.5,1,0,0
C102377,2024-05-13,2025-12-21,East,37,Premium,Broadband,1 Year,Auto-debit,1714,5,,87.9,3,0,1
C102378,2024-06-02,,North,25,Standard,Broadband,1 Year,Credit Card,1151,2,3.9,67.3,3,1,0
C102379,2025-08-26,,West,35,Basic,Fiber,Month-to-Month,Net Banking,562,2,2.9,83.3,1,0,0
C102380,2023-10-10,2025-07-28,West,35,Basic,Broadband,2 Year,UPI,737,7,1.4,43.1,4,0,1
C102381,2024-11-16,,South,29,Basic,5G,Month-to-Month,UPI,561,1,2.3,66.8,1,3,0
C102382,2024-02-17,2024-07-31,North,18,Premium,Broadband,2 Year,Credit Card,1507,4,4.0,87.9,1,1,1
C102383,2025-09-12,,North,23,Basic,Fiber,2 Year,Net Banking,677,0,4.0,40.0,3,0,0
C102384,2022-07-20,,North,18,Basic,5G,Month-to-Month,Auto-debit,449,0,4.2,57.0,0,0,0
C102385,2024-08-10,,West,34,Premium,Fiber,Month-to-Month,UPI,1939,2,3.8,144.4,4,0,0
C102386,2024-09-30,,Central,42,Standard,Fiber,1 Year,Credit Card,1022,1,3.7,111.4,1,0,0
C102387,2022-08-29,,North,18,Basic,5G,1 Year,Net Banking,783,1,3.5,37.3,2,1,0
C102388,2024-11-02,2025-11-07,West,41,Basic,Broadband,1 Year,UPI,646,4,2.8,44.2,3,1,1
C102389,2025-01-05,,North,37,Basic,Broadband,2 Year,Auto-debit,828,1,2.9,71.8,4,1,0
C102390,2025-12-03,,East,24,Basic,Fiber,Month-to-Month,UPI,733,0,2.6,91.0,3,0,0
C102391,2025-05-14,2025-12-29,West,33,Basic,5G,Month-to-Month,Auto-debit,545,5,4.1,29.1,1,0,1
C102392,2025-11-16,,South,51,Basic,Broadband,1 Year,Credit Card,759,3,3.1,80.1,3,0,0
C102393,2023-03-19,2024-01-06,North,26,Standard,Fiber,Month-to-Month,UPI,1104,3,2.7,50.2,1,0,1
C102394,2024-11-09,,East,39,Premium,Fiber,1 Year,Net Banking,1823,2,2.9,130.8,2,2,0
C102395,2025-08-14,,Central,42,Premium,Fiber,2 Year,UPI,1920,2,4.2,135.8,3,0,0
C102396,2024-04-12,2025-09-29,South,28,Basic,Fiber,Month-to-Month,Net Banking,659,3,3.2,34.7,2,0,1
C102397,2023-12-20,,North,50,Basic,Fiber,2 Year,Auto-debit,453,3,2.4,40.5,0,1,0
C102398,2023-07-23,,North,43,Premium,Fiber,2 Year,Credit Card,1622,0,3.8,48.7,0,0,0
C102399,2023-09-19,2024-04-09,East,35,Standard,5G,Month-to-Month,UPI,1026,0,,105.9,0,1,1
C102400,2023-11-24,,East,66,Standard,5G,2 Year,Credit Card,1065,2,3.0,64.1,0,1,0
C102401,2025-01-16,,West,50,Basic,Broadband,1 Year,Credit Card,675,2,3.9,43.3,3,2,0
C102402,2024-06-06,2025-08-10,West,18,Basic,5G,Month-to-Month,Net Banking,504,2,4.8,33.2,0,2,1
C102403,2022-07-30,,Central,33,Standard,Fiber,Month-to-Month,Net Banking,1014,1,3.3,106.1,1,1,0
C102404,2022-12-02,2025-11-12,West,68,Standard,Broadband,Month-to-Month,Credit Card,939,5,2.4,80.9,1,1,1
C102405,2023-09-26,,South,26,Basic,5G,1 Year,Auto-debit,595,4,2.2,24.9,0,0,0
C102406,2023-01-08,,East,39,Premium,5G,Month-to-Month,Auto-debit,2187,4,2.9,111.5,4,0,0
C102407,2022-02-23,,South,53,Standard,Fiber,Month-to-Month,Net Banking,951,1,2.2,43.9,0,0,0
C102408,2024-10-20,,South,46,Standard,5G,2 Year,UPI,1035,2,4.1,74.5,0,2,0
C102409,2022-01-27,,Central,48,Basic,5G,1 Year,Credit Card,648,1,2.6,62.2,1,0,0
C102410,2023-08-17,,West,47,Standard,5G,1 Year,Credit Card,1095,1,3.0,81.2,0,1,0
C102411,2024-06-10,,Central,38,Standard,Broadband,2 Year,Auto-debit,831,3,3.1,91.6,1,0,0
C102412,2023-07-19,2024-07-10,South,28,Basic,Broadband,Month-to-Month,Auto-debit,423,3,4.0,75.0,0,0,1
C102413,2024-03-08,2025-09-23,East,43,Standard,Broadband,Month-to-Month,Auto-debit,795,2,2.7,48.9,1,0,1
C102414,2024-08-17,,East,33,Standard,5G,1 Year,UPI,1037,3,2.9,59.2,0,0,0
C102415,2025-07-17,2025-10-09,North,32,Premium,Broadband,Month-to-Month,Net Banking,1817,1,4.0,47.9,4,0,1
C102416,2022-03-21,,South,56,Basic,Broadband,Month-to-Month,Auto-debit,674,1,3.1,36.6,3,1,0
C102417,2024-04-01,,East,33,Premium,Fiber,1 Year,UPI,1799,4,2.9,86.8,3,0,0
C102418,2025-11-21,,North,58,Standard,5G,Month-to-Month,UPI,1196,2,2.2,102.2,2,1,0
C102419,2023-04-27,,Central,41,Basic,Fiber,Month-to-Month,UPI,765,0,3.4,55.7,3,0,0
C102420,2024-12-03,,North,36,Basic,Fiber,1 Year,Net Banking,852,1,4.4,93.7,4,1,0
C102421,2022-07-16,,North,18,Basic,Fiber,1 Year,Credit Card,434,3,3.6,34.4,0,1,0
C102422,2022-09-26,2023-09-21,West,63,Basic,5G,Month-to-Month,UPI,661,4,2.5,53.9,2,0,1
C102423,2022-06-16,,North,38,Standard,Fiber,Month-to-Month,Credit Card,917,1,2.8,106.7,0,0,0
C102424,2022-11-26,,Central,18,Standard,Fiber,2 Year,Auto-debit,1085,2,3.2,231.7,2,0,0
C102425,2025-03-01,,West,50,Basic,Fiber,2 Year,Auto-debit,887,0,2.8,55.0,4,1,0
C102426,2025-07-03,2025-08-03,North,37,Premium,5G,Month-to-Month,Auto-debit,2043,0,3.9,115.1,3,0,1
C102427,2025-12-09,2025-12-12,West,27,Basic,Broadband,Month-to-Month,Auto-debit,627,2,3.0,47.1,3,1,1
C102428,2025-08-13,,East,49,Standard,Broadband,1 Year,Net Banking,806,3,2.7,93.0,0,2,0
C102429,2025-02-27,,West,18,Premium,5G,Month-to-Month,Auto-debit,2161,2,3.4,234.3,4,2,0
C102430,2025-09-09,,West,29,Premium,Fiber,Month-to-Month,Credit Card,1971,0,4.4,95.3,3,0,0
C102431,2025-01-18,2025-12-01,West,34,Standard,Broadband,Month-to-Month,Auto-debit,935,5,1.8,51.7,1,0,1
C102432,2025-10-10,,East,48,Standard,Fiber,Month-to-Month,Auto-debit,982,0,4.5,273.4,1,0,0
C102433,2023-04-13,2024-01-23,South,65,Basic,Broadband,Month-to-Month,Net Banking,654,3,3.8,25.2,2,2,1
C102434,2025-11-07,,West,35,Basic,5G,Month-to-Month,Credit Card,740,2,4.8,67.8,3,1,0
C102435,2024-09-21,,Central,44,Standard,5G,2 Year,UPI,1198,1,3.8,90.8,2,0,0
C102436,2025-11-04,,East,71,Basic,Fiber,Month-to-Month,UPI,885,1,4.6,51.9,4,0,0
C102437,2025-06-28,2025-09-07,West,38,Basic,Fiber,Month-to-Month,UPI,616,1,4.2,23.9,1,1,1
C102438,2024-05-12,2025-08-30,South,44,Basic,5G,Month-to-Month,UPI,871,0,3.9,171.4,3,0,1
C102439,2025-08-24,,West,23,Premium,5G,2 Year,Credit Card,2196,0,3.1,128.8,4,0,0
C102440,2025-02-24,,Central,62,Premium,Broadband,Month-to-Month,UPI,1691,2,4.1,91.1,3,0,0
C102441,2024-06-29,,North,29,Premium,5G,Month-to-Month,Auto-debit,1871,1,3.9,60.7,1,0,0
C102442,2022-09-26,,North,41,Standard,5G,1 Year,Net Banking,1206,0,5.0,27.0,2,1,0
C102443,2024-03-17,2024-07-17,East,41,Basic,Fiber,1 Year,Auto-debit,628,2,3.8,62.9,2,0,1
C102444,2023-02-03,,East,39,Basic,5G,2 Year,Credit Card,593,3,3.8,29.1,1,1,0
C102445,2025-05-21,2025-10-27,East,33,Standard,Fiber,Month-to-Month,UPI,991,0,3.4,64.5,0,3,1
C102446,2024-10-02,,North,41,Standard,5G,Month-to-Month,UPI,1025,1,3.7,54.5,0,0,0
C102447,2023-01-04,,South,59,Basic,5G,Month-to-Month,Auto-debit,878,2,2.0,57.9,3,0,0
C102448,2022-12-18,,East,65,Standard,Broadband,1 Year,UPI,855,2,3.7,89.5,1,0,0
C102449,2023-08-14,,East,36,Standard,5G,Month-to-Month,Net Banking,1280,0,4.7,107.3,3,1,0
C102450,2025-03-17,,East,33,Basic,Fiber,Month-to-Month,UPI,772,0,4.8,65.6,3,0,0
C102451,2023-08-04,,West,28,Basic,Broadband,Month-to-Month,UPI,627,3,2.8,30.9,2,0,0
C102452,2022-08-28,,East,70,Standard,5G,2 Year,UPI,1093,0,,37.6,1,0,0
C102453,2024-12-21,,West,40,Standard,5G,Month-to-Month,Credit Card,1427,2,2.9,68.4,4,0,0
C102454,2022-10-30,2025-07-07,East,51,Premium,5G,Month-to-Month,UPI,1780,2,3.4,152.7,0,1,1
C102455,2025-11-01,,East,46,Standard,Broadband,2 Year,Auto-debit,842,3,3.3,77.8,1,0,0
C102456,2025-02-08,2025-09-04,East,65,Standard,Fiber,1 Year,UPI,1246,2,1.9,28.9,3,1,1
C102457,2024-01-15,,North,35,Premium,5G,1 Year,UPI,2188,1,3.7,121.4,4,2,0
C102458,2022-05-16,2025-10-28,South,25,Basic,Broadband,1 Year,UPI,609,2,2.6,26.8,2,0,1
C102459,2025-01-28,,East,60,Standard,Fiber,Month-to-Month,Auto-debit,1142,1,4.6,74.5,3,1,0
C102460,2023-05-24,2024-07-22,West,49,Standard,Broadband,2 Year,Net Banking,887,4,1.2,119.4,1,1,1
C102461,2022-04-19,2024-08-02,West,43,Standard,Fiber,Month-to-Month,Net Banking,1332,5,3.3,21.2,4,2,1
C102462,2022-03-26,,North,56,Basic,Fiber,2 Year,Credit Card,622,2,3.2,93.9,2,0,0
C102463,2025-05-16,,East,44,Premium,Fiber,Month-to-Month,Auto-debit,1943,1,2.3,69.9,3,0,0
C102464,2024-01-31,,South,57,Premium,Broadband,1 Year,UPI,1428,3,4.4,194.0,0,0,0
C102465,2025-03-04,,West,41,Basic,Broadband,Month-to-Month,Auto-debit,602,2,4.2,67.3,2,0,0
C102466,2025-03-14,2025-12-16,West,49,Basic,Fiber,Month-to-Month,Auto-debit,757,3,,38.0,3,0,1
C102467,2022-09-04,,East,44,Basic,Fiber,Month-to-Month,UPI,665,0,3.9,55.5,2,1,0
C102468,2024-03-23,,East,34,Premium,Fiber,1 Year,UPI,2005,2,3.0,83.0,4,1,0
C102469,2025-10-09,,South,36,Standard,Fiber,Month-to-Month,Credit Card,1263,1,3.6,31.1,4,1,0
C102470,2024-12-26,,South,33,Basic,5G,2 Year,UPI,482,1,3.9,78.1,0,0,0
C102471,2024-12-18,2025-05-06,West,41,Premium,Fiber,Month-to-Month,UPI,2008,2,3.1,83.8,4,1,1
C102472,2025-12-06,,West,33,Basic,Fiber,1 Year,Credit Card,615,3,2.4,108.8,1,0,0
C102473,2023-06-17,,East,43,Standard,Fiber,1 Year,UPI,1145,1,3.9,114.6,2,0,0
C102474,2023-10-25,2025-12-02,South,43,Basic,5G,Month-to-Month,Net Banking,756,1,3.7,29.0,2,2,1
C102475,2025-03-05,,North,40,Standard,5G,1 Year,Credit Card,1240,0,4.4,98.9,3,1,0
C102476,2022-01-31,,North,41,Standard,5G,1 Year,Net Banking,1183,1,4.6,96.0,2,2,0
C102477,2023-09-19,,North,31,Basic,5G,1 Year,Credit Card,780,2,3.9,104.6,2,0,0
C102478,2025-02-15,,South,35,Standard,Broadband,1 Year,Credit Card,967,2,2.5,57.7,2,0,0
C102479,2024-08-24,,Central,18,Premium,5G,1 Year,Credit Card,1817,1,3.7,105.0,1,1,0
C102480,2023-08-09,,East,37,Standard,Broadband,Month-to-Month,Auto-debit,986,3,3.3,91.5,2,0,0
C102481,2024-11-22,,South,26,Premium,5G,Month-to-Month,UPI,1829,0,4.6,119.0,0,1,0
C102482,2022-12-30,,North,39,Standard,Fiber,Month-to-Month,Net Banking,892,1,4.2,36.8,0,1,0
C102483,2025-03-25,2025-09-17,South,29,Standard,Broadband,1 Year,Auto-debit,1118,5,2.5,122.4,3,2,1
C102484,2024-01-23,2025-04-20,West,18,Basic,5G,2 Year,Net Banking,613,0,3.5,98.3,1,2,1
C102485,2024-09-04,2024-12-19,South,65,Premium,5G,Month-to-Month,UPI,1969,4,3.7,127.3,3,0,1
C102486,2024-07-28,,West,35,Basic,Fiber,Month-to-Month,UPI,755,4,3.1,23.4,3,1,0
C102487,2024-08-12,,West,55,Basic,5G,Month-to-Month,Credit Card,774,2,3.5,41.8,3,1,0
C102488,2023-01-08,,North,32,Basic,Broadband,1 Year,Net Banking,624,3,2.6,28.1,2,0,0
C102489,2025-07-27,,East,58,Basic,Fiber,1 Year,Auto-debit,726,0,5.0,38.8,2,1,0
C102490,2023-09-30,,Central,24,Premium,Fiber,1 Year,Net Banking,1892,2,3.7,129.4,3,0,0
C102491,2023-10-04,,South,40,Premium,Fiber,1 Year,UPI,1694,1,3.7,163.7,1,1,0
C102492,2025-07-11,,North,25,Standard,5G,1 Year,Auto-debit,1297,1,3.7,148.8,2,0,0
C102493,2024-01-23,2025-05-28,Central,69,Basic,Broadband,Month-to-Month,Net Banking,470,3,3.0,60.5,1,1,1
C102494,2022-12-07,,Central,35,Premium,5G,Month-to-Month,Auto-debit,1794,1,2.8,69.5,1,0,0
C102495,2025-02-07,2025-12-02,East,48,Standard,Broadband,Month-to-Month,Auto-debit,854,2,3.5,103.6,0,0,1
C102496,2022-12-22,,East,43,Basic,5G,2 Year,Credit Card,497,1,2.5,38.3,0,0,0
C102497,2022-10-15,,North,38,Standard,Fiber,1 Year,Net Banking,930,1,3.6,67.6,0,1,0
C102498,2023-02-22,2024-11-09,West,44,Standard,Fiber,Month-to-Month,Net Banking,1305,6,1.2,73.2,3,1,1
C102499,2023-12-27,2025-10-26,East,54,Basic,Fiber,Month-to-Month,UPI,700,4,1.3,47.3,3,1,1
C102500,2022-07-15,,North,46,Standard,5G,Month-to-Month,Credit Card,991,0,4.2,122.3,0,1,0
C102501,2022-12-30,,West,40,Standard,Fiber,2 Year,UPI,1166,2,2.5,94.5,3,0,0
C102502,2023-04-04,,Central,44,Basic,Fiber,Month-to-Month,UPI,769,3,3.4,24.4,3,0,0
C102503,2025-09-02,,West,61,Standard,Broadband,1 Year,Net Banking,1173,1,3.7,34.8,4,1,0
C102504,2024-11-21,2025-11-01,South,33,Standard,5G,Month-to-Month,UPI,1348,3,3.2,102.0,4,0,1
C102505,2025-07-20,,North,18,Standard,Fiber,1 Year,Auto-debit,948,1,3.1,96.5,0,1,0
C102506,2024-10-12,,Central,25,Premium,5G,1 Year,Credit Card,1947,2,3.4,221.5,2,0,0
C102507,2024-06-11,2025-03-04,Central,26,Premium,5G,Month-to-Month,Auto-debit,2095,2,3.0,112.3,4,2,1
C102508,2023-07-07,,East,27,Standard,Broadband,1 Year,Net Banking,850,0,4.5,84.8,1,1,0
C102509,2023-10-16,2025-10-02,East,28,Standard,5G,Month-to-Month,Auto-debit,1205,0,3.5,93.6,2,0,1
C102510,2023-01-20,,East,38,Standard,Fiber,2 Year,Credit Card,852,4,2.6,33.9,0,0,0
C102511,2023-05-30,,South,41,Standard,Fiber,Month-to-Month,Auto-debit,1027,3,3.6,32.9,1,1,0
C102512,2022-12-29,,North,41,Basic,Fiber,1 Year,Credit Card,908,1,3.1,63.9,4,1,0
C102513,2023-07-26,,North,29,Standard,5G,Month-to-Month,Auto-debit,1322,1,2.3,88.6,3,1,0
C102514,2025-10-02,,South,50,Standard,5G,1 Year,Credit Card,1073,0,3.1,144.5,1,0,0
C102515,2024-06-23,,West,44,Standard,5G,Month-to-Month,UPI,1406,2,4.0,185.3,4,1,0
C102516,2024-02-22,,North,57,Premium,5G,1 Year,Net Banking,1798,2,3.6,101.5,1,1,0
C102517,2022-11-25,,South,48,Standard,Fiber,Month-to-Month,Credit Card,1023,1,3.8,61.8,1,0,0
C102518,2024-11-28,,East,34,Basic,Fiber,Month-to-Month,UPI,644,2,3.5,22.4,2,4,0
C102519,2023-01-13,,North,54,Basic,Fiber,2 Year,UPI,714,1,4.8,57.3,3,1,0
C102520,2024-05-18,2025-06-07,North,41,Basic,5G,Month-to-Month,UPI,623,2,1.8,15.8,1,1,1
C102521,2024-11-04,,East,48,Basic,5G,Month-to-Month,Auto-debit,519,4,2.7,27.2,1,1,0
C102522,2022-07-08,,South,47,Standard,Broadband,1 Year,Net Banking,1049,1,3.6,86.0,3,3,0
C102523,2024-10-09,,East,37,Basic,Fiber,Month-to-Month,UPI,515,2,3.3,31.8,1,0,0
C102524,2024-05-09,,Central,39,Basic,5G,2 Year,Auto-debit,479,2,3.9,43.2,0,2,0
C102525,2023-08-09,,North,36,Basic,Fiber,Month-to-Month,Net Banking,511,2,3.9,39.9,0,1,0
C102526,2023-12-08,,Central,28,Premium,5G,2 Year,Net Banking,1878,2,3.3,67.6,1,2,0
C102527,2025-09-01,,Central,18,Standard,Fiber,2 Year,Credit Card,923,1,2.4,26.2,0,0,0
C102528,2022-12-10,,West,30,Basic,5G,Month-to-Month,UPI,501,3,4.8,,0,0,0
C102529,2025-06-30,,East,40,Basic,Fiber,Month-to-Month,UPI,755,1,3.5,40.5,3,0,0
C102530,2025-07-17,,East,51,Basic,Fiber,1 Year,Auto-debit,712,1,3.6,52.4,2,2,0
C102531,2025-11-30,,East,48,Basic,5G,1 Year,Auto-debit,426,2,4.2,,0,2,0
C102532,2023-12-17,,West,35,Basic,Fiber,Month-to-Month,Auto-debit,589,1,3.3,42.6,1,0,0
C102533,2025-06-19,,North,30,Basic,5G,Month-to-Month,UPI,775,0,4.7,48.0,3,3,0
C102534,2022-04-08,,Central,36,Basic,Fiber,Month-to-Month,Auto-debit,875,2,3.1,40.2,4,0,0
C102535,2024-05-08,,East,26,Premium,Broadband,1 Year,Credit Card,1815,1,5.0,99.6,4,0,0
C102536,2024-08-17,,West,18,Standard,Fiber,1 Year,Net Banking,1047,2,3.6,44.6,1,1,0
C102537,2025-12-16,,South,19,Premium,5G,Month-to-Month,UPI,2208,0,3.5,408.0,4,0,0
C102538,2025-03-31,2025-11-13,North,54,Basic,Broadband,Month-to-Month,Auto-debit,542,3,4.6,73.2,2,2,1
C102539,2024-01-09,,East,60,Basic,5G,1 Year,Auto-debit,638,1,4.0,93.2,1,1,0
C102540,2025-01-18,,East,47,Premium,Fiber,2 Year,UPI,1804,2,3.1,222.4,2,1,0
C102541,2025-06-27,,South,37,Basic,5G,Month-to-Month,Auto-debit,480,0,2.8,38.5,0,0,0
C102542,2025-12-10,,South,21,Standard,Fiber,Month-to-Month,Net Banking,1198,1,4.0,67.3,2,1,0
C102543,2023-11-21,,South,36,Premium,5G,Month-to-Month,UPI,1975,0,5.0,118.1,2,1,0
C102544,2025-07-30,,East,45,Standard,5G,1 Year,UPI,1180,0,4.1,61.4,2,1,0
C102545,2025-02-19,,South,48,Basic,Broadband,Month-to-Month,Net Banking,437,0,4.0,68.6,0,2,0
C102546,2023-08-18,,Central,46,Standard,Broadband,Month-to-Month,UPI,797,3,4.1,49.1,0,0,0
C102547,2022-03-25,,North,53,Basic,Fiber,1 Year,UPI,541,2,3.7,25.9,1,0,0
C102548,2025-07-16,,South,61,Basic,Fiber,Month-to-Month,Auto-debit,831,3,2.6,23.1,4,0,0
C102549,2025-07-19,,South,33,Basic,Fiber,Month-to-Month,Credit Card,669,1,3.1,37.6,2,1,0
C102550,2023-09-08,,East,72,Premium,5G,Month-to-Month,Auto-debit,1922,0,4.4,93.1,2,0,0
C102551,2022-07-12,,East,18,Standard,Fiber,Month-to-Month,Net Banking,1222,5,2.9,54.1,3,2,0
C102552,2022-12-24,2025-09-28,East,29,Basic,5G,Month-to-Month,Credit Card,732,3,3.8,46.1,2,1,1
C102553,2025-09-29,,Central,40,Basic,5G,Month-to-Month,Auto-debit,602,3,3.3,24.7,1,0,0
C102554,2022-04-22,,South,45,Standard,Broadband,Month-to-Month,UPI,1274,2,3.8,106.8,4,1,0
C102555,2025-03-22,2025-07-20,West,36,Premium,5G,Month-to-Month,UPI,1848,0,4.2,68.1,1,0,1
C102556,2024-09-07,,North,32,Basic,Fiber,2 Year,Net Banking,810,1,4.2,24.6,3,1,0
C102557,2023-08-12,,South,64,Basic,Fiber,2 Year,Auto-debit,894,1,4.1,32.1,4,0,0
C102558,2025-09-30,,East,31,Premium,5G,Month-to-Month,UPI,2107,4,2.8,110.1,3,1,0
C102559,2025-03-02,,North,26,Premium,Fiber,1 Year,Auto-debit,2084,1,3.6,181.3,4,1,0
C102560,2023-05-13,2025-01-12,East,58,Premium,Fiber,Month-to-Month,Auto-debit,1538,4,3.2,113.6,0,0,1
C102561,2024-12-17,2025-03-19,West,48,Basic,Fiber,2 Year,Credit Card,766,5,2.6,19.8,3,0,1
C102562,2024-05-26,,West,51,Basic,5G,2 Year,Credit Card,494,1,4.5,56.4,0,0,0
C102563,2025-10-15,,East,40,Standard,Broadband,1 Year,UPI,1001,2,3.4,93.1,2,1,0
C102564,2023-11-09,,East,21,Basic,Fiber,1 Year,Net Banking,443,0,2.8,33.1,0,4,0
C102565,2025-09-23,,South,39,Premium,Fiber,Month-to-Month,UPI,1884,3,2.4,128.4,3,0,0
C102566,2024-01-13,2024-10-08,North,20,Basic,5G,Month-to-Month,Credit Card,554,0,3.6,90.6,1,0,1
C102567,2023-04-05,,North,41,Standard,Fiber,Month-to-Month,UPI,923,0,4.3,47.8,0,0,0
C102568,2025-01-13,,East,46,Premium,Broadband,Month-to-Month,Auto-debit,1832,3,2.7,190.6,4,2,0
C102569,2025-04-25,,Central,51,Premium,5G,1 Year,UPI,2125,0,4.5,222.0,4,0,0
C102570,2024-10-17,2025-07-21,North,37,Standard,5G,Month-to-Month,Credit Card,986,3,2.5,80.5,0,0,1
C102571,2025-11-13,2025-12-17,East,47,Premium,Broadband,Month-to-Month,UPI,1470,2,3.6,63.8,1,0,1
C102572,2025-09-15,,West,27,Basic,5G,1 Year,UPI,459,1,3.8,85.0,0,0,0
C102573,2024-11-26,,West,50,Basic,Fiber,1 Year,UPI,746,3,2.2,69.9,3,1,0
C102574,2024-05-07,,East,46,Basic,5G,1 Year,Auto-debit,908,0,4.1,58.2,4,0,0
C102575,2024-12-30,,East,28,Premium,5G,Month-to-Month,Net Banking,1898,2,4.6,114.9,1,0,0
C102576,2024-06-24,2025-01-19,West,44,Premium,5G,2 Year,Credit Card,1899,3,3.1,210.3,2,0,1
C102577,2024-07-12,,West,51,Basic,Broadband,Month-to-Month,Auto-debit,695,2,3.4,28.9,3,0,0
C102578,2022-04-27,,North,39,Basic,Fiber,1 Year,UPI,704,3,3.2,67.9,2,0,0
C102579,2024-10-21,2025-11-22,Central,28,Basic,5G,Month-to-Month,Auto-debit,749,2,3.4,37.6,3,0,1
C102580,2024-12-07,,North,40,Basic,Fiber,Month-to-Month,UPI,807,0,3.8,19.1,3,1,0
C102581,2024-08-06,,West,45,Premium,Fiber,2 Year,Auto-debit,1888,1,,71.4,3,1,0
C102582,2025-10-06,,North,28,Basic,5G,Month-to-Month,Auto-debit,824,1,2.5,54.1,3,2,0
C102583,2024-07-16,,North,26,Premium,Broadband,Month-to-Month,Auto-debit,1588,3,3.6,131.8,2,0,0
C102584,2025-02-11,,North,44,Standard,5G,Month-to-Month,UPI,1116,0,3.0,92.0,1,3,0
C102585,2022-06-26,,South,48,Basic,Fiber,2 Year,Credit Card,820,1,3.8,36.8,3,1,0
C102586,2024-03-21,,South,64,Basic,Fiber,2 Year,Auto-debit,454,3,3.5,49.1,0,0,0
C102587,2022-08-12,,North,46,Premium,5G,Month-to-Month,Credit Card,1987,4,3.3,161.2,2,0,0
C102588,2025-12-18,,South,23,Standard,5G,1 Year,UPI,1010,1,2.9,239.8,0,0,0
C102589,2022-06-17,,South,62,Standard,Broadband,Month-to-Month,Credit Card,1065,1,3.8,60.6,3,1,0
C102590,2024-07-31,,West,51,Basic,5G,1 Year,UPI,790,5,2.4,73.8,3,1,0
C102591,2025-10-14,,Central,18,Premium,Broadband,Month-to-Month,Credit Card,1589,1,3.3,162.9,2,3,0
C102592,2024-06-07,,East,26,Premium,Broadband,Month-to-Month,UPI,1442,2,4.9,125.4,1,1,0
C102593,2023-11-06,,North,32,Premium,Fiber,1 Year,Net Banking,1825,1,3.1,61.5,2,2,0
C102594,2023-08-19,,South,48,Standard,5G,2 Year,UPI,1322,1,3.9,147.7,3,0,0
C102595,2025-09-04,,Central,18,Premium,5G,Month-to-Month,UPI,2078,1,4.8,133.5,3,0,0
C102596,2023-09-27,,North,37,Basic,Broadband,Month-to-Month,UPI,852,2,3.6,32.9,4,0,0
C102597,2024-04-20,,South,47,Standard,5G,2 Year,Auto-debit,1037,0,3.4,47.4,0,1,0
C102598,2025-02-08,,Central,18,Standard,5G,Month-to-Month,Credit Card,975,2,2.9,84.0,0,0,0
C102599,2024-08-26,,Central,47,Standard,Fiber,Month-to-Month,Net Banking,1200,1,2.6,46.1,3,1,0
C102600,2025-02-15,,South,48,Premium,5G,Month-to-Month,Auto-debit,1782,1,3.8,88.7,0,1,0
C102601,2024-03-26,2024-12-08,West,28,Premium,Broadband,Month-to-Month,Net Banking,1415,5,2.8,87.7,0,1,1
C102602,2025-03-31,2025-05-25,South,24,Standard,Broadband,Month-to-Month,Credit Card,897,6,2.1,75.4,1,0,1
C102603,2024-11-09,,West,28,Standard,Fiber,Month-to-Month,Net Banking,1181,1,4.5,99.5,3,1,0
C102604,2024-01-29,,North,18,Premium,Fiber,Month-to-Month,UPI,1588,2,3.5,100.6,0,0,0
C102605,2022-06-27,2023-04-07,North,34,Premium,Broadband,Month-to-Month,Credit Card,1521,3,2.2,106.0,1,0,1
C102606,2023-01-13,,East,41,Standard,5G,2 Year,UPI,921,1,4.6,77.8,0,0,0
C102607,2022-08-17,,South,23,Basic,Broadband,Month-to-Month,Auto-debit,701,0,3.0,30.4,4,3,0
C102608,2025-05-06,,West,50,Basic,Fiber,1 Year,Credit Card,784,4,3.2,33.0,3,0,0
C102609,2023-06-26,2025-06-14,South,39,Premium,Broadband,Month-to-Month,UPI,1378,2,4.0,93.3,0,0,1
C102610,2023-10-15,,Central,41,Standard,5G,Month-to-Month,Net Banking,1116,0,3.8,85.1,1,0,0
C102611,2024-03-09,,West,33,Standard,Fiber,Month-to-Month,UPI,1180,0,4.5,164.7,2,1,0
C102612,2023-10-27,,East,47,Standard,Fiber,Month-to-Month,Credit Card,1076,5,2.6,39.5,2,0,0
C102613,2022-07-11,2023-11-20,West,53,Standard,5G,1 Year,Auto-debit,932,1,3.3,83.1,0,0,1
C102614,2022-12-24,,South,33,Standard,Fiber,Month-to-Month,Auto-debit,1106,0,2.4,65.7,2,0,0
C102615,2025-06-17,2025-11-09,East,47,Premium,Broadband,1 Year,Net Banking,1768,1,2.6,108.3,4,2,1
C102616,2025-03-13,,North,47,Basic,5G,2 Year,Credit Card,597,3,5.0,34.6,1,0,0
C102617,2022-03-05,,West,43,Standard,5G,Month-to-Month,Credit Card,1020,3,3.6,130.4,0,0,0
C102618,2024-03-09,,West,58,Standard,Fiber,2 Year,UPI,1031,3,4.0,21.9,1,1,0
C102619,2024-05-05,,Central,29,Premium,Broadband,Month-to-Month,Net Banking,1599,5,4.5,66.8,2,1,0
C102620,2022-12-01,,West,33,Basic,5G,Month-to-Month,Credit Card,640,2,3.1,76.3,1,0,0
C102621,2024-06-06,2025-06-12,Central,29,Standard,Broadband,Month-to-Month,UPI,826,0,3.7,,0,3,1
C102622,2025-07-24,2025-10-22,South,47,Basic,Broadband,2 Year,UPI,392,3,1.9,106.6,0,1,1
C102623,2025-09-10,,Central,35,Basic,5G,1 Year,UPI,821,1,3.4,51.5,3,1,0
C102624,2022-11-03,,East,30,Standard,Broadband,2 Year,UPI,737,2,3.1,93.8,0,1,0
C102625,2024-03-05,,South,58,Basic,5G,1 Year,UPI,640,2,3.1,17.4,1,2,0
C102626,2024-02-19,,East,60,Premium,5G,Month-to-Month,Credit Card,2047,2,4.3,118.1,3,1,0
C102627,2024-01-10,,South,34,Premium,Fiber,2 Year,Credit Card,1759,2,4.0,156.0,2,0,0
C102628,2024-07-24,,South,22,Basic,Fiber,2 Year,Credit Card,442,1,4.2,34.6,0,0,0
C102629,2024-09-23,,South,60,Premium,5G,1 Year,UPI,1790,3,2.4,112.6,0,0,0
C102630,2023-10-21,,North,44,Standard,Fiber,1 Year,Credit Card,1086,1,3.6,136.5,2,1,0
C102631,2025-06-09,,East,43,Standard,5G,2 Year,Auto-debit,1114,3,3.3,152.7,1,1,0
C102632,2024-07-02,,Central,39,Premium,Broadband,Month-to-Month,UPI,1830,1,5.0,133.6,4,0,0
C102633,2024-06-23,,East,28,Standard,5G,2 Year,UPI,1000,0,3.9,71.8,0,1,0
C102634,2022-03-10,,East,33,Basic,Fiber,2 Year,Credit Card,424,0,3.7,63.7,0,0,0
C102635,2024-02-13,,South,46,Basic,5G,1 Year,UPI,694,1,4.3,36.8,2,0,0
C102636,2025-06-05,,East,33,Standard,Fiber,Month-to-Month,UPI,1258,2,3.2,124.2,4,0,0
C102637,2025-09-19,,North,43,Premium,Broadband,Month-to-Month,Credit Card,1379,2,3.9,90.7,0,0,0
C102638,2024-08-29,,West,38,Standard,5G,2 Year,UPI,1350,1,3.9,107.2,4,0,0
C102639,2025-12-19,,North,25,Basic,5G,2 Year,Auto-debit,893,2,3.0,43.8,4,1,0
C102640,2023-08-19,,West,57,Basic,5G,1 Year,Auto-debit,646,2,2.9,32.4,2,1,0
C102641,2024-07-22,,West,45,Premium,5G,2 Year,Credit Card,1950,2,3.5,141.1,2,0,0
C102642,2025-01-17,,East,42,Basic,Fiber,Month-to-Month,Credit Card,900,1,3.2,36.3,4,1,0
C102643,2025-07-10,,West,45,Standard,Fiber,2 Year,Auto-debit,1264,2,2.3,121.2,3,1,0
C102644,2025-07-14,2025-12-30,South,18,Standard,5G,Month-to-Month,Credit Card,1147,0,4.3,44.8,2,1,1
C102645,2023-03-17,,Central,32,Basic,Broadband,Month-to-Month,Auto-debit,471,1,3.9,49.5,1,0,0
C102646,2024-12-12,2025-06-22,West,20,Basic,Fiber,Month-to-Month,Auto-debit,889,3,2.5,30.7,4,1,1
C102647,2023-06-29,,West,39,Basic,Fiber,Month-to-Month,UPI,586,2,2.7,80.6,1,1,0
C102648,2025-03-09,2025-11-03,West,42,Basic,Fiber,Month-to-Month,UPI,533,2,3.6,63.2,1,0,1
C102649,2024-05-22,,West,40,Standard,5G,1 Year,UPI,1375,3,4.3,72.1,4,0,0
C102650,2025-06-04,,Central,52,Premium,Fiber,Month-to-Month,Auto-debit,1810,3,4.0,117.0,2,0,0
C102651,2024-12-07,,South,20,Basic,Broadband,1 Year,UPI,623,1,4.4,102.7,3,0,0
C102652,2023-03-17,,West,28,Standard,Fiber,Month-to-Month,Net Banking,1336,2,3.1,107.7,4,1,0
C102653,2024-03-19,,West,43,Basic,5G,2 Year,Credit Card,839,2,3.6,30.3,3,0,0
C102654,2023-12-14,,South,41,Basic,Fiber,Month-to-Month,Auto-debit,443,0,3.7,70.6,0,0,0
C102655,2024-01-13,,Central,22,Standard,5G,1 Year,Auto-debit,1239,2,2.8,55.6,3,1,0
C102656,2022-11-23,,South,52,Premium,Fiber,1 Year,UPI,1863,0,4.1,127.3,2,2,0
C102657,2024-09-20,2025-02-13,East,57,Standard,5G,Month-to-Month,UPI,1008,0,,25.8,0,0,1
C102658,2024-08-25,2025-05-03,North,43,Basic,Broadband,Month-to-Month,Credit Card,427,2,2.8,66.5,0,0,1
C102659,2024-02-18,,South,20,Standard,Fiber,Month-to-Month,Auto-debit,1262,1,3.2,52.7,4,0,0
C102660,2025-03-19,2025-07-01,West,40,Standard,Broadband,Month-to-Month,Net Banking,746,6,2.1,66.4,0,1,1
C102661,2025-09-13,,South,42,Premium,Fiber,Month-to-Month,Credit Card,1823,2,3.5,58.8,2,0,0
C102662,2024-12-08,,South,35,Standard,5G,Month-to-Month,Auto-debit,1436,2,1.9,80.7,4,0,0
C102663,2024-04-28,,South,54,Premium,5G,1 Year,Credit Card,2100,3,2.6,122.1,4,0,0
C102664,2024-04-11,,East,37,Basic,Fiber,Month-to-Month,UPI,851,0,4.9,23.4,4,0,0
C102665,2023-02-22,2025-11-13,West,63,Standard,5G,Month-to-Month,Auto-debit,1232,3,3.0,74.9,3,0,1
C102666,2023-03-16,,Central,47,Standard,Fiber,Month-to-Month,Credit Card,1089,1,3.9,,2,2,0
C102667,2025-05-16,2025-09-26,North,41,Basic,5G,Month-to-Month,Auto-debit,587,1,3.8,81.5,1,0,1
C102668,2024-07-12,2025-07-10,East,49,Standard,5G,Month-to-Month,UPI,1414,3,3.0,51.7,4,0,1
C102669,2024-08-27,,East,56,Standard,Broadband,1 Year,Credit Card,913,1,2.9,93.6,2,1,0
C102670,2025-02-10,,East,49,Premium,Fiber,1 Year,UPI,1761,0,3.6,56.5,1,0,0
C102671,2024-07-19,,South,37,Basic,Broadband,Month-to-Month,Credit Card,788,2,4.7,46.0,4,0,0
C102672,2022-03-07,,South,30,Premium,Fiber,Month-to-Month,UPI,1760,1,3.4,141.0,1,0,0
C102673,2024-09-28,,East,25,Standard,5G,Month-to-Month,Net Banking,1027,2,4.5,90.4,0,0,0
C102674,2024-10-17,,East,18,Standard,Fiber,1 Year,UPI,1250,1,3.3,69.4,3,1,0
C102675,2024-06-17,2025-04-27,East,40,Standard,Fiber,Month-to-Month,UPI,1198,3,2.8,175.2,2,0,1
C102676,2022-02-18,,East,33,Basic,Fiber,2 Year,UPI,725,2,3.4,36.9,3,1,0
C102677,2024-10-09,,West,34,Premium,5G,1 Year,Credit Card,2051,1,3.6,150.0,3,0,0
C102678,2024-08-10,,West,50,Premium,Fiber,1 Year,Credit Card,1866,1,3.1,100.7,3,0,0
C102679,2022-08-27,2023-07-17,South,37,Premium,5G,Month-to-Month,Net Banking,1844,2,3.5,77.6,1,1,1
C102680,2022-06-22,2023-11-08,West,61,Premium,Broadband,2 Year,Net Banking,1527,2,2.5,65.1,1,2,1
C102681,2025-12-11,2025-12-24,West,31,Standard,Fiber,Month-to-Month,Credit Card,1063,2,3.6,46.7,1,0,1
C102682,2025-11-24,,North,26,Standard,Fiber,Month-to-Month,Credit Card,1300,1,3.7,99.7,4,0,0
C102683,2023-02-20,,East,23,Premium,Fiber,2 Year,UPI,1858,1,4.3,229.0,3,1,0
C102684,2024-11-12,,South,47,Basic,Fiber,1 Year,Credit Card,561,0,3.5,59.7,1,0,0
C102685,2024-09-03,2024-12-02,West,52,Premium,5G,Month-to-Month,Auto-debit,2111,3,3.8,99.7,4,1,1
C102686,2025-09-11,,South,31,Standard,5G,Month-to-Month,Credit Card,1273,1,,53.8,3,0,0
C102687,2023-10-18,2025-08-14,West,25,Standard,Fiber,Month-to-Month,Auto-debit,1144,6,2.4,80.0,2,0,1
C102688,2025-06-11,,South,56,Basic,Fiber,2 Year,UPI,874,4,4.2,26.3,4,3,0
C102689,2025-12-11,2025-12-29,East,21,Basic,5G,Month-to-Month,Net Banking,928,1,3.9,68.8,4,3,1
C102690,2024-12-20,,Central,50,Basic,Fiber,Month-to-Month,Net Banking,643,2,3.0,53.2,2,0,0
C102691,2022-01-28,,South,31,Standard,5G,Month-to-Month,Net Banking,1039,1,4.6,45.4,0,1,0
C102692,2023-08-04,,West,43,Standard,Broadband,2 Year,Net Banking,998,2,3.7,155.4,2,0,0
C102693,2024-07-03,,Central,51,Basic,Fiber,1 Year,UPI,546,1,4.8,24.2,1,0,0
C102694,2023-02-20,,West,44,Basic,5G,Month-to-Month,Net Banking,752,3,1.8,45.4,3,0,0
C102695,2024-10-01,,North,34,Standard,Broadband,2 Year,Credit Card,715,2,3.1,111.8,0,1,0
C102696,2025-07-12,,West,55,Basic,5G,Month-to-Month,Credit Card,634,2,3.1,63.8,2,0,0
C102697,2025-04-11,,North,41,Premium,Broadband,1 Year,UPI,1606,5,1.4,86.3,2,1,0
C102698,2023-05-25,,South,75,Basic,Broadband,1 Year,UPI,462,3,3.2,36.0,1,1,0
C102699,2023-10-22,,West,18,Standard,5G,Month-to-Month,Auto-debit,1230,2,3.0,,3,0,0
C102700,2025-11-01,,West,18,Basic,5G,1 Year,UPI,680,2,1.9,49.3,2,0,0
C102701,2024-04-15,,East,50,Standard,5G,2 Year,UPI,1109,1,,111.1,1,1,0
C102702,2023-05-29,,South,38,Standard,5G,Month-to-Month,UPI,1411,1,4.5,28.4,4,0,0
C102703,2024-09-18,,West,48,Standard,5G,Month-to-Month,Net Banking,1196,3,3.7,97.3,2,0,0
C102704,2025-05-16,,West,25,Standard,Fiber,2 Year,Net Banking,916,1,3.1,57.6,0,1,0
C102705,2023-06-12,,East,39,Standard,Broadband,Month-to-Month,Auto-debit,1074,4,2.3,70.4,3,0,0
C102706,2023-02-26,,Central,43,Basic,Fiber,Month-to-Month,Credit Card,583,0,4.4,26.0,1,1,0
C102707,2022-08-28,2024-05-17,South,31,Standard,Fiber,Month-to-Month,UPI,1209,1,2.2,54.1,3,0,1
C102708,2023-08-16,,North,41,Basic,Fiber,2 Year,UPI,753,0,4.2,119.7,3,0,0
C102709,2025-07-06,,East,22,Standard,Fiber,1 Year,UPI,1257,3,1.8,62.2,3,0,0
C102710,2024-02-05,,Central,43,Standard,5G,2 Year,Net Banking,1426,2,4.4,73.3,4,1,0
C102711,2025-11-27,,South,55,Standard,Fiber,Month-to-Month,Auto-debit,1208,2,3.8,46.6,3,1,0
C102712,2023-09-07,,South,23,Standard,5G,2 Year,UPI,1085,1,2.3,268.1,1,1,0
C102713,2024-12-05,,North,22,Basic,5G,Month-to-Month,UPI,881,1,3.3,55.8,4,0,0
C102714,2023-08-22,,West,52,Basic,Fiber,1 Year,Net Banking,576,0,4.0,43.7,2,2,0
C102715,2022-09-30,,South,22,Basic,Fiber,1 Year,Credit Card,800,1,2.2,70.1,3,1,0
C102716,2023-06-21,2025-07-09,East,48,Standard,5G,Month-to-Month,Net Banking,1070,1,3.5,88.0,1,1,1
C102717,2024-09-12,,Central,39,Premium,5G,1 Year,Credit Card,2179,1,4.1,108.2,4,1,0
C102718,2023-01-04,2024-12-09,North,33,Standard,Fiber,Month-to-Month,UPI,1317,0,2.4,69.1,4,0,1
C102719,2025-04-24,,East,56,Standard,Fiber,Month-to-Month,Credit Card,1371,3,3.6,34.1,4,0,0
C102720,2024-11-27,,East,49,Basic,Fiber,1 Year,UPI,579,1,3.5,36.8,1,1,0
C102721,2025-01-13,2025-10-04,West,41,Premium,Fiber,Month-to-Month,Net Banking,2041,2,4.1,91.6,4,0,1
C102722,2024-11-27,,South,18,Basic,Fiber,1 Year,UPI,732,1,3.4,51.9,3,0,0
C102723,2024-02-04,2025-10-10,South,47,Basic,Broadband,Month-to-Month,Credit Card,348,3,2.3,39.8,0,2,1
C102724,2024-12-03,,North,25,Premium,Fiber,Month-to-Month,Auto-debit,2011,1,2.9,166.2,4,0,0
C102725,2023-04-14,,West,35,Basic,Fiber,1 Year,Credit Card,580,1,3.3,46.5,2,0,0
C102726,2022-03-30,,West,38,Basic,Broadband,Month-to-Month,UPI,578,0,3.7,29.0,2,0,0
C102727,2025-02-04,,North,61,Basic,5G,2 Year,Auto-debit,550,1,4.3,93.1,1,0,0
C102728,2024-07-23,,South,35,Standard,5G,2 Year,UPI,1361,2,3.1,60.7,4,0,0
C102729,2025-11-15,,Central,21,Basic,5G,Month-to-Month,Auto-debit,523,1,2.5,58.3,0,0,0
C102730,2025-02-11,,North,56,Standard,Broadband,Month-to-Month,UPI,919,2,3.0,38.3,1,0,0
C102731,2022-07-15,,South,47,Standard,Fiber,Month-to-Month,Auto-debit,1110,2,2.2,108.3,2,0,0
C102732,2025-02-07,,East,47,Basic,Fiber,1 Year,UPI,472,3,3.3,19.5,0,0,0
C102733,2023-07-02,,South,56,Basic,Broadband,Month-to-Month,UPI,476,0,4.2,116.5,1,1,0
C102734,2025-11-20,2025-11-30,South,59,Premium,Broadband,2 Year,Auto-debit,1793,2,4.0,166.1,3,1,1
C102735,2025-09-24,,East,27,Basic,Broadband,2 Year,Credit Card,609,3,2.8,39.7,2,0,0
C102736,2022-12-31,,North,21,Standard,Fiber,Month-to-Month,UPI,1291,0,3.3,98.1,4,0,0
C102737,2022-11-07,,East,48,Standard,Broadband,1 Year,UPI,1230,3,2.7,39.1,4,0,0
C102738,2023-01-28,,West,35,Basic,Fiber,Month-to-Month,UPI,508,3,3.0,40.0,0,0,0
C102739,2025-09-10,,East,36,Standard,5G,Month-to-Month,UPI,1067,0,3.4,107.0,1,0,0
C102740,2024-10-18,2025-07-23,North,25,Standard,Broadband,Month-to-Month,Credit Card,1138,3,4.2,98.2,4,0,1
C102741,2022-05-27,2024-07-26,West,45,Standard,Fiber,1 Year,Credit Card,1266,4,2.5,73.4,4,2,1
C102742,2025-07-12,,North,43,Premium,Fiber,Month-to-Month,Auto-debit,1582,0,3.9,138.1,0,0,0
C102743,2025-04-15,,West,36,Premium,5G,2 Year,Auto-debit,2044,1,3.2,202.4,3,1,0
C102744,2022-07-18,2024-03-30,South,21,Premium,Broadband,Month-to-Month,Auto-debit,1433,4,2.5,169.3,1,2,1
C102745,2024-02-16,,West,53,Standard,Fiber,1 Year,Credit Card,1298,1,2.7,28.8,4,0,0
C102746,2025-08-15,,North,41,Standard,Broadband,2 Year,Credit Card,989,1,2.8,,2,0,0
C102747,2022-08-16,,North,51,Standard,Fiber,1 Year,Credit Card,932,0,5.0,74.4,0,0,0
C102748,2025-10-25,,East,18,Basic,5G,Month-to-Month,UPI,622,1,3.9,23.7,1,0,0
C102749,2022-02-22,,North,39,Premium,Fiber,Month-to-Month,UPI,2021,1,3.5,69.6,4,1,0
C102750,2024-01-12,,South,29,Premium,Broadband,Month-to-Month,Auto-debit,1768,2,3.0,249.3,3,0,0
C102751,2024-08-05,2025-07-23,West,38,Basic,Fiber,Month-to-Month,Net Banking,503,3,3.9,30.8,0,0,1
C102752,2022-06-03,,West,49,Premium,5G,2 Year,UPI,2154,0,3.4,95.4,4,0,0
C102753,2024-01-27,,North,42,Premium,Fiber,Month-to-Month,Credit Card,1966,3,2.1,79.1,4,0,0
C102754,2023-02-25,,Central,38,Standard,Broadband,Month-to-Month,UPI,970,2,3.6,90.6,2,0,0
C102755,2024-07-15,,West,38,Premium,Broadband,1 Year,Credit Card,1342,3,2.6,135.6,0,0,0
C102756,2022-10-14,,West,19,Basic,Fiber,Month-to-Month,UPI,663,2,2.4,116.6,2,1,0
C102757,2024-05-19,,West,27,Basic,Fiber,2 Year,Auto-debit,472,2,2.5,33.8,0,0,0
C102758,2025-02-12,,West,51,Basic,Fiber,Month-to-Month,Credit Card,594,1,3.8,57.5,1,0,0
C102759,2025-05-19,,East,32,Standard,5G,Month-to-Month,Credit Card,1108,2,3.2,28.7,1,1,0
C102760,2024-05-20,,East,52,Basic,Broadband,1 Year,Net Banking,738,3,2.4,21.8,3,0,0
C102761,2024-01-24,2024-08-24,Central,48,Premium,5G,Month-to-Month,Auto-debit,2089,1,4.1,229.5,3,0,1
C102762,2025-08-26,,North,49,Basic,5G,2 Year,Auto-debit,458,1,3.0,76.8,0,0,0
C102763,2025-11-23,2025-12-09,South,42,Basic,5G,Month-to-Month,Credit Card,874,1,2.4,55.2,4,0,1
C102764,2024-09-17,2025-05-15,North,33,Standard,5G,Month-to-Month,UPI,1295,1,2.6,129.4,3,4,1
C102765,2023-04-09,,Central,36,Basic,Fiber,Month-to-Month,Net Banking,728,0,3.8,25.8,3,0,0
C102766,2023-11-30,,South,46,Standard,Fiber,Month-to-Month,Auto-debit,1206,2,2.8,168.4,3,2,0
C102767,2022-07-18,2023-09-03,West,18,Basic,Fiber,1 Year,Auto-debit,768,3,3.1,26.4,3,0,1
C102768,2024-03-30,2024-08-29,West,53,Premium,5G,Month-to-Month,Credit Card,2041,4,3.8,138.7,3,0,1
C102769,2023-12-05,,Central,32,Standard,Fiber,1 Year,Net Banking,1018,1,3.1,294.7,1,1,0
C102770,2025-06-24,,North,37,Basic,5G,2 Year,UPI,758,5,4.4,28.5,3,1,0
C102771,2025-11-26,2025-12-27,West,37,Basic,Fiber,Month-to-Month,UPI,875,2,3.5,86.8,4,1,1
C102772,2022-02-15,,Central,38,Basic,5G,1 Year,UPI,813,1,3.4,71.7,3,1,0
C102773,2024-04-19,2024-08-14,North,22,Premium,Fiber,Month-to-Month,UPI,1776,2,2.6,90.3,2,1,1
C102774,2023-02-16,,West,40,Standard,5G,2 Year,Credit Card,1244,4,2.6,209.6,3,0,0
C102775,2025-05-06,2025-11-18,South,45,Standard,Fiber,Month-to-Month,UPI,1364,1,3.4,46.7,4,0,1
C102776,2025-07-17,,East,18,Basic,Fiber,1 Year,Net Banking,826,1,4.1,43.4,3,1,0
C102777,2023-09-12,,East,22,Premium,Fiber,Month-to-Month,Net Banking,1915,1,3.3,162.5,3,1,0
C102778,2025-06-11,,South,49,Basic,5G,Month-to-Month,UPI,880,1,3.9,42.2,4,1,0
C102779,2025-07-09,2025-09-20,North,47,Standard,Broadband,Month-to-Month,Net Banking,940,4,2.8,348.7,1,1,1
C102780,2023-08-25,,North,42,Standard,Fiber,Month-to-Month,UPI,1037,1,4.2,39.3,1,1,0
C102781,2025-01-04,,North,30,Basic,5G,2 Year,UPI,589,1,4.3,99.3,1,0,0
C102782,2024-03-10,,East,47,Standard,5G,Month-to-Month,Auto-debit,1136,0,4.0,23.8,1,1,0
C102783,2023-03-23,,South,24,Basic,5G,2 Year,UPI,763,1,4.1,10.4,3,1,0
C102784,2024-05-03,,North,36,Basic,5G,Month-to-Month,UPI,669,0,4.6,45.4,2,1,0
C102785,2023-07-13,,West,22,Premium,Fiber,Month-to-Month,Net Banking,2019,4,3.4,170.5,4,0,0
C102786,2024-09-30,2025-11-18,West,36,Standard,5G,Month-to-Month,UPI,1300,4,3.0,155.3,3,1,1
C102787,2025-09-20,2025-11-09,East,26,Premium,Broadband,Month-to-Month,UPI,1721,2,3.8,263.5,3,1,1
C102788,2024-02-04,,Central,47,Standard,Broadband,2 Year,Net Banking,1243,2,4.4,81.5,4,0,0
C102789,2025-09-21,,South,43,Basic,Fiber,Month-to-Month,Net Banking,793,1,,56.7,4,0,0
C102790,2025-05-22,,West,31,Standard,5G,2 Year,Credit Card,1000,2,3.8,83.2,0,0,0
C102791,2024-02-07,,North,51,Standard,Fiber,Month-to-Month,Auto-debit,1391,1,3.1,158.1,4,3,0
C102792,2024-05-27,,West,27,Basic,5G,Month-to-Month,UPI,871,1,4.6,23.8,4,0,0
C102793,2025-01-17,2025-07-30,Central,38,Standard,Fiber,Month-to-Month,Credit Card,989,4,3.1,52.9,1,2,1
C102794,2022-08-19,,West,31,Standard,Fiber,1 Year,UPI,928,1,3.3,113.1,1,0,0
C102795,2024-08-23,,East,47,Standard,5G,Month-to-Month,UPI,1201,2,3.3,124.8,2,0,0
C102796,2025-08-14,,East,46,Basic,Broadband,2 Year,Auto-debit,818,3,2.9,86.7,4,1,0
C102797,2022-09-30,2025-11-29,South,54,Premium,Fiber,Month-to-Month,Net Banking,1929,2,3.5,113.8,3,0,1
C102798,2023-07-25,2025-08-06,West,39,Basic,5G,Month-to-Month,UPI,655,2,3.4,34.5,2,1,1
C102799,2023-04-05,,West,18,Basic,5G,1 Year,Credit Card,597,3,2.9,62.9,1,0,0
C102800,2023-06-24,2025-10-25,Central,33,Basic,Broadband,1 Year,UPI,804,3,1.9,25.6,4,1,1
C102801,2023-09-13,,East,57,Premium,5G,2 Year,Net Banking,2048,1,5.0,271.3,3,3,0
C102802,2025-01-16,2025-12-26,North,34,Basic,Fiber,Month-to-Month,UPI,415,2,3.5,34.4,0,0,1
C102803,2025-01-21,,East,18,Standard,Fiber,1 Year,Auto-debit,1021,1,3.7,64.2,1,0,0
C102804,2024-09-04,,North,43,Basic,5G,Month-to-Month,UPI,862,3,3.0,64.4,4,0,0
C102805,2024-04-02,,South,44,Standard,Fiber,2 Year,UPI,1141,0,4.4,51.3,3,1,0
C102806,2025-07-27,2025-11-25,South,29,Premium,Broadband,Month-to-Month,Auto-debit,1624,3,3.3,66.4,2,0,1
C102807,2025-11-17,,West,35,Basic,Broadband,2 Year,Auto-debit,603,2,3.1,78.7,2,0,0
C102808,2025-09-03,2025-10-21,North,28,Premium,Broadband,Month-to-Month,UPI,1423,2,3.3,70.0,0,0,1
C102809,2023-08-03,,North,44,Basic,Fiber,1 Year,Credit Card,833,0,4.7,50.4,4,0,0
C102810,2023-07-20,2024-07-12,North,39,Basic,5G,2 Year,Auto-debit,821,1,3.7,44.7,3,0,1
C102811,2023-09-03,,West,24,Standard,5G,2 Year,Net Banking,1238,4,2.8,28.5,2,0,0
C102812,2024-07-23,,West,38,Standard,Fiber,Month-to-Month,Net Banking,1286,1,3.2,43.7,3,2,0
C102813,2023-04-29,2025-11-25,North,29,Basic,Fiber,Month-to-Month,Net Banking,689,1,3.3,52.8,2,0,1
C102814,2025-11-01,,North,56,Standard,Fiber,2 Year,Auto-debit,1132,2,4.1,136.5,2,2,0
C102815,2023-02-28,,East,49,Basic,Fiber,1 Year,Credit Card,404,1,2.9,30.2,0,0,0
C102816,2025-09-28,,South,37,Standard,Broadband,1 Year,UPI,993,1,4.0,47.3,2,1,0
C102817,2025-08-27,,East,39,Standard,Broadband,Month-to-Month,Credit Card,1138,1,4.0,101.1,4,1,0
C102818,2025-07-19,,South,50,Premium,Fiber,Month-to-Month,Net Banking,1576,1,3.9,176.1,0,2,0
C102819,2025-03-27,,Central,36,Standard,5G,Month-to-Month,Credit Card,1275,0,3.7,117.6,2,1,0
C102820,2024-11-21,,South,47,Standard,Fiber,1 Year,UPI,1274,1,2.5,82.3,4,0,0
C102821,2025-10-05,,West,56,Standard,Fiber,Month-to-Month,Net Banking,1023,1,4.0,56.5,2,1,0
C102822,2024-04-13,,North,32,Basic,Fiber,Month-to-Month,Credit Card,491,1,2.4,65.4,0,1,0
C102823,2022-09-21,,Central,58,Basic,5G,2 Year,Auto-debit,868,0,3.9,42.4,4,0,0
C102824,2025-01-22,,Central,54,Premium,5G,Month-to-Month,UPI,1779,2,3.5,164.9,0,0,0
C102825,2023-04-29,,West,41,Basic,Broadband,2 Year,Net Banking,550,2,3.8,34.1,2,0,0
C102826,2023-11-15,2024-07-17,East,33,Premium,Broadband,Month-to-Month,Credit Card,1382,3,2.6,106.2,0,0,1
C102827,2023-09-01,,North,41,Basic,Fiber,Month-to-Month,UPI,606,2,2.6,57.8,1,1,0
C102828,2025-04-12,,West,35,Premium,5G,Month-to-Month,Credit Card,1795,3,3.6,42.2,1,2,0
C102829,2023-05-02,2023-12-23,West,28,Basic,Fiber,Month-to-Month,UPI,551,3,2.9,86.4,1,0,1
C102830,2023-07-03,,South,44,Premium,Fiber,1 Year,Auto-debit,2017,2,2.1,115.0,4,0,0
C102831,2025-01-30,2025-10-10,South,26,Standard,5G,Month-to-Month,Net Banking,1168,0,3.8,18.0,2,1,1
C102832,2024-11-21,,East,34,Basic,Fiber,Month-to-Month,UPI,568,0,5.0,48.1,1,0,0
C102833,2024-12-11,,West,34,Standard,Fiber,Month-to-Month,Credit Card,1018,2,3.7,59.3,1,0,0
C102834,2025-09-09,2025-12-29,West,22,Standard,Fiber,1 Year,Auto-debit,1138,7,1.2,43.8,2,0,1
C102835,2023-05-07,,East,46,Basic,Fiber,2 Year,UPI,632,3,3.4,117.7,1,0,0
C102836,2025-11-13,,East,35,Basic,Broadband,Month-to-Month,Auto-debit,902,4,3.5,67.2,4,0,0
C102837,2025-08-24,,South,54,Standard,Fiber,Month-to-Month,UPI,1036,1,2.3,68.1,1,0,0
C102838,2024-02-25,,South,35,Standard,5G,Month-to-Month,UPI,1291,0,3.6,75.7,3,0,0
C102839,2023-03-11,,North,33,Basic,Broadband,1 Year,Credit Card,615,3,4.0,50.5,2,1,0
C102840,2022-01-15,2024-06-12,West,27,Premium,5G,Month-to-Month,UPI,1838,3,2.2,52.2,1,1,1
C102841,2023-06-01,,South,38,Basic,5G,Month-to-Month,Auto-debit,633,1,3.4,164.6,2,0,0
C102842,2024-04-15,,South,39,Basic,Broadband,1 Year,Net Banking,397,1,3.4,45.2,0,2,0
C102843,2024-07-29,,South,47,Standard,Fiber,Month-to-Month,Net Banking,1160,2,3.0,182.0,2,0,0
C102844,2022-06-21,,North,39,Basic,Fiber,1 Year,Net Banking,697,1,4.5,28.9,3,0,0
C102845,2024-06-16,,East,63,Basic,5G,Month-to-Month,Net Banking,657,0,4.7,59.3,2,1,0
C102846,2025-03-09,,South,43,Standard,5G,2 Year,Net Banking,975,1,3.3,40.8,0,1,0
C102847,2024-09-29,2025-07-29,North,26,Basic,Broadband,Month-to-Month,Net Banking,612,2,2.6,10.5,2,0,1
C102848,2024-07-09,,West,25,Basic,Fiber,Month-to-Month,Auto-debit,554,2,4.2,69.5,0,2,0
C102849,2023-12-02,,South,44,Standard,5G,Month-to-Month,Credit Card,1065,2,3.8,81.2,1,0,0
C102850,2024-04-23,,South,26,Standard,5G,Month-to-Month,UPI,1299,0,3.8,56.5,3,0,0
C102851,2024-09-25,,South,45,Premium,Broadband,1 Year,Credit Card,1795,2,4.0,21.8,4,1,0
C102852,2025-04-04,,West,49,Standard,Fiber,Month-to-Month,Credit Card,1303,1,4.0,58.2,4,0,0
C102853,2022-07-19,2024-09-02,South,49,Standard,Fiber,Month-to-Month,UPI,1115,3,2.4,84.5,2,0,1
C102854,2023-07-05,2024-02-26,West,28,Basic,Broadband,1 Year,Credit Card,479,6,1.9,25.8,1,0,1
C102855,2025-09-18,,Central,49,Premium,5G,Month-to-Month,UPI,2254,1,3.8,126.0,4,1,0
C102856,2025-01-27,,West,42,Basic,Fiber,1 Year,UPI,588,0,2.4,32.2,1,0,0
C102857,2025-09-24,,South,31,Basic,Fiber,1 Year,Auto-debit,639,2,3.1,24.2,2,0,0
C102858,2025-09-26,2025-10-27,West,36,Premium,Broadband,Month-to-Month,Auto-debit,1446,4,2.4,109.8,0,0,1
C102859,2025-01-16,,South,44,Standard,5G,1 Year,UPI,1108,3,3.2,24.9,1,0,0
C102860,2025-06-16,,South,30,Standard,5G,2 Year,Auto-debit,1199,2,2.5,94.7,2,1,0
C102861,2024-03-02,,East,42,Basic,Broadband,2 Year,Auto-debit,689,2,3.6,46.4,3,0,0
C102862,2024-05-06,,South,55,Basic,Fiber,Month-to-Month,Auto-debit,845,1,3.7,59.8,4,0,0
C102863,2024-04-01,2025-02-11,North,50,Standard,Fiber,Month-to-Month,UPI,870,1,,129.6,0,1,1
C102864,2024-10-30,,South,39,Standard,5G,2 Year,UPI,1130,0,4.1,65.0,2,1,0
C102865,2025-12-14,,North,41,Standard,Broadband,1 Year,Credit Card,1210,2,3.7,19.2,4,0,0
C102866,2024-11-23,,South,32,Basic,Fiber,Month-to-Month,Net Banking,451,1,3.4,38.9,0,1,0
C102867,2024-07-31,,East,32,Basic,5G,Month-to-Month,Net Banking,732,1,3.6,24.9,2,0,0
C102868,2025-06-06,,Central,20,Standard,Fiber,1 Year,Net Banking,1180,1,3.1,150.9,3,0,0
C102869,2025-02-17,,North,41,Standard,Fiber,1 Year,Auto-debit,875,1,3.1,61.2,0,1,0
C102870,2025-05-11,2025-08-09,East,46,Basic,Broadband,2 Year,Auto-debit,727,2,4.4,67.3,3,1,1
C102871,2025-01-28,,South,37,Basic,Fiber,2 Year,Credit Card,645,2,3.2,91.8,2,2,0
C102872,2023-04-18,,North,27,Basic,Fiber,Month-to-Month,Auto-debit,790,3,3.0,30.4,3,0,0
C102873,2025-09-27,,South,39,Basic,Broadband,1 Year,Auto-debit,697,2,3.2,45.9,3,1,0
C102874,2024-08-18,,North,54,Standard,Fiber,Month-to-Month,UPI,994,1,3.8,75.2,0,1,0
C102875,2025-11-14,2025-12-11,North,49,Basic,Fiber,Month-to-Month,Auto-debit,489,1,3.2,133.3,0,0,1
C102876,2024-05-03,2025-12-03,South,38,Standard,Broadband,Month-to-Month,UPI,914,4,2.5,138.8,1,1,1
C102877,2023-05-10,,South,63,Standard,Fiber,2 Year,UPI,1050,2,4.0,43.3,1,1,0
C102878,2025-12-11,2025-12-24,East,70,Premium,5G,Month-to-Month,Auto-debit,1837,3,2.2,86.9,1,1,1
C102879,2025-04-03,,North,32,Premium,Fiber,Month-to-Month,Credit Card,1939,3,3.4,93.5,4,0,0
C102880,2025-01-13,,North,35,Basic,Fiber,Month-to-Month,Credit Card,770,0,3.2,29.5,3,0,0
C102881,2025-02-22,2025-11-23,North,46,Basic,5G,Month-to-Month,Auto-debit,675,0,2.4,37.7,1,0,1
C102882,2024-09-26,,East,27,Basic,Fiber,Month-to-Month,UPI,664,2,3.2,33.9,3,1,0
C102883,2025-08-16,,South,48,Standard,Broadband,Month-to-Month,UPI,818,1,2.7,75.1,0,2,0
C102884,2025-03-18,,East,39,Basic,Broadband,Month-to-Month,UPI,338,3,2.1,41.7,0,1,0
C102885,2024-05-08,2024-12-21,South,42,Basic,Broadband,Month-to-Month,Credit Card,398,7,3.9,78.7,0,0,1
C102886,2025-01-17,,North,31,Basic,Fiber,2 Year,UPI,660,0,4.2,30.2,2,0,0
C102887,2025-09-22,,Central,29,Basic,Fiber,1 Year,UPI,786,1,3.9,19.2,3,1,0
C102888,2024-10-14,,North,18,Standard,Broadband,2 Year,Auto-debit,1005,2,3.3,57.6,2,0,0
C102889,2023-06-06,2025-07-22,North,56,Standard,5G,Month-to-Month,UPI,1252,2,2.5,54.2,2,0,1
C102890,2023-12-20,2025-01-15,North,49,Standard,5G,Month-to-Month,Credit Card,1045,2,3.2,154.0,0,0,1
C102891,2024-10-08,,Central,46,Premium,Broadband,Month-to-Month,UPI,1688,3,3.0,180.0,3,2,0
C102892,2022-09-14,,East,42,Basic,Fiber,2 Year,Credit Card,701,0,2.5,84.6,2,2,0
C102893,2024-09-07,,East,18,Basic,Fiber,Month-to-Month,Net Banking,842,0,5.0,71.6,4,0,0
C102894,2025-02-05,,Central,29,Basic,5G,Month-to-Month,Credit Card,578,1,3.5,16.5,1,1,0
C102895,2023-02-12,,North,35,Standard,5G,2 Year,UPI,951,3,2.5,48.1,0,0,0
C102896,2024-07-10,,Central,25,Standard,Fiber,2 Year,UPI,1169,1,,34.8,2,2,0
C102897,2024-12-23,2025-06-25,North,18,Basic,5G,Month-to-Month,UPI,487,0,2.8,96.8,0,0,1
C102898,2023-05-15,,East,26,Premium,Broadband,1 Year,UPI,1302,3,2.6,179.5,0,0,0
C102899,2025-10-05,,South,39,Basic,Fiber,Month-to-Month,Credit Card,580,1,4.6,54.0,1,0,0
C102900,2025-10-24,,South,39,Basic,Fiber,Month-to-Month,UPI,738,1,3.2,33.3,3,0,0
C102901,2023-12-12,,Central,49,Standard,5G,Month-to-Month,UPI,1185,3,3.0,58.7,2,0,0
C102902,2025-04-22,,North,63,Premium,Broadband,2 Year,UPI,1786,0,4.1,76.7,4,1,0
C102903,2025-07-23,2025-09-22,Central,46,Standard,Broadband,Month-to-Month,Auto-debit,786,2,3.2,102.0,0,2,1
C102904,2023-06-20,,South,36,Premium,Fiber,1 Year,Credit Card,2114,2,3.1,124.2,4,0,0
C102905,2025-11-04,,East,60,Basic,Broadband,Month-to-Month,Credit Card,664,2,4.9,62.6,2,0,0
C102906,2024-04-04,,Central,19,Standard,Broadband,1 Year,Credit Card,1025,1,3.0,90.9,2,0,0
C102907,2023-03-04,,North,18,Premium,5G,1 Year,UPI,2154,0,3.4,178.2,4,1,0
C102908,2024-08-03,,Central,27,Standard,Fiber,1 Year,UPI,1162,2,3.6,95.4,2,1,0
C102909,2022-01-20,,East,48,Basic,Fiber,2 Year,UPI,469,1,2.7,76.7,0,0,0
C102910,2025-09-30,,West,40,Premium,5G,1 Year,Credit Card,1880,2,4.2,170.7,1,0,0
C102911,2024-07-03,,North,24,Basic,Fiber,1 Year,UPI,877,1,3.4,34.2,4,1,0
C102912,2023-02-02,,East,29,Standard,Fiber,Month-to-Month,UPI,924,7,2.1,94.1,0,0,0
C102913,2023-01-09,,West,23,Premium,Broadband,2 Year,Auto-debit,1833,5,3.0,137.6,4,0,0
C102914,2023-01-08,,South,23,Premium,Fiber,Month-to-Month,Net Banking,1889,0,3.8,107.2,3,0,0
C102915,2024-01-17,2025-07-10,North,57,Premium,Broadband,Month-to-Month,UPI,1599,2,4.1,116.9,2,0,1
C102916,2022-11-23,2025-08-28,South,36,Premium,5G,Month-to-Month,Auto-debit,1809,0,4.5,195.1,1,1,1
C102917,2024-11-13,2025-05-04,West,59,Basic,Broadband,Month-to-Month,UPI,760,2,3.7,58.0,4,0,1
C102918,2024-10-05,,North,27,Premium,Fiber,1 Year,UPI,1508,1,2.7,187.8,0,1,0
C102919,2024-08-31,2025-11-18,West,44,Standard,5G,Month-to-Month,UPI,1314,1,3.3,75.2,3,0,1
C102920,2024-08-20,2025-08-10,Central,41,Standard,5G,Month-to-Month,Auto-debit,1127,2,3.2,131.0,1,0,1
C102921,2024-08-11,,North,49,Basic,Broadband,2 Year,UPI,541,2,4.5,65.1,1,2,0
C102922,2022-05-09,,North,41,Premium,Fiber,2 Year,Auto-debit,1565,0,3.0,78.8,0,1,0
C102923,2024-03-22,,West,50,Standard,Fiber,Month-to-Month,Net Banking,1134,1,3.1,61.6,2,0,0
C102924,2025-09-15,,North,45,Premium,Broadband,2 Year,Credit Card,1399,2,4.3,77.1,0,2,0
C102925,2025-02-13,,East,25,Basic,Fiber,Month-to-Month,UPI,488,3,2.4,25.8,0,0,0
C102926,2022-07-01,,West,47,Basic,5G,Month-to-Month,UPI,572,2,2.8,168.8,1,0,0
C102927,2025-07-27,2025-08-29,East,37,Standard,Fiber,2 Year,Net Banking,1103,1,4.7,169.7,2,1,1
C102928,2024-11-06,,South,29,Basic,Fiber,1 Year,UPI,793,0,4.1,78.8,4,0,0
C102929,2022-08-05,,West,46,Standard,5G,1 Year,Credit Card,1366,1,4.2,92.2,4,0,0
C102930,2023-11-22,,East,49,Basic,5G,Month-to-Month,UPI,697,0,4.3,33.7,2,0,0
C102931,2025-09-13,2025-11-05,North,32,Standard,5G,Month-to-Month,Auto-debit,1204,3,3.1,42.3,2,1,1
C102932,2025-05-13,2025-06-17,East,34,Basic,5G,Month-to-Month,Net Banking,728,1,3.6,39.8,3,0,1
C102933,2024-12-16,,Central,21,Basic,5G,2 Year,Credit Card,577,1,4.2,30.8,1,0,0
C102934,2024-04-29,2024-11-03,West,18,Standard,Broadband,Month-to-Month,Credit Card,1102,2,2.7,105.3,3,0,1
C102935,2024-06-27,2025-03-23,East,35,Basic,Fiber,Month-to-Month,UPI,812,2,4.5,47.7,3,1,1
C102936,2025-01-07,,South,48,Basic,Fiber,Month-to-Month,UPI,722,1,3.2,67.9,3,0,0
C102937,2022-06-12,,North,31,Basic,Fiber,1 Year,UPI,874,0,4.5,49.9,4,2,0
C102938,2023-04-21,2025-01-12,South,55,Basic,Broadband,Month-to-Month,Net Banking,476,3,3.4,19.0,1,0,1
C102939,2022-07-22,,North,36,Standard,Fiber,1 Year,UPI,901,1,3.2,67.6,0,0,0
C102940,2024-11-23,2025-03-20,Central,36,Basic,5G,Month-to-Month,UPI,662,3,3.4,53.7,2,2,1
C102941,2023-12-12,,South,35,Basic,5G,Month-to-Month,UPI,556,0,3.9,50.7,1,0,0
C102942,2024-04-04,2025-10-08,West,50,Standard,5G,Month-to-Month,UPI,980,2,2.1,55.9,0,0,1
C102943,2023-06-19,,North,26,Standard,Broadband,Month-to-Month,Credit Card,841,1,3.5,57.7,0,0,0
C102944,2023-12-29,2024-08-04,South,36,Standard,5G,1 Year,Net Banking,1167,2,2.4,52.9,2,2,1
C102945,2025-01-22,,South,31,Basic,5G,2 Year,Credit Card,858,3,3.4,19.2,4,2,0
C102946,2024-01-14,2024-08-01,South,31,Premium,Fiber,Month-to-Month,Credit Card,1716,0,,116.2,1,0,1
C102947,2023-03-13,2024-01-29,West,38,Standard,5G,Month-to-Month,Credit Card,1197,3,3.7,108.8,2,1,1
C102948,2022-08-06,2025-03-06,Central,37,Basic,Fiber,Month-to-Month,Credit Card,456,3,2.6,34.9,0,0,1
C102949,2022-07-17,2025-07-11,West,51,Premium,Broadband,2 Year,Auto-debit,1409,2,2.6,63.4,0,1,1
C102950,2025-08-17,,North,38,Standard,Fiber,2 Year,Auto-debit,1175,3,2.3,121.2,3,0,0
C102951,2025-03-08,,West,45,Standard,Fiber,1 Year,Auto-debit,1180,0,5.0,145.7,3,2,0
C102952,2023-07-29,,North,40,Premium,Fiber,Month-to-Month,Auto-debit,1648,1,5.0,94.6,0,0,0
C102953,2025-08-26,,Central,55,Basic,5G,Month-to-Month,Auto-debit,691,1,5.0,27.7,2,0,0
C102954,2025-06-05,,East,34,Premium,Broadband,2 Year,Credit Card,1621,5,1.7,109.7,2,0,0
C102955,2024-05-12,2025-08-15,South,34,Standard,Fiber,Month-to-Month,Credit Card,968,2,2.3,84.8,0,1,1
C102956,2022-11-12,,North,47,Basic,Fiber,1 Year,Net Banking,592,1,2.8,35.3,1,0,0
C102957,2025-07-19,,North,34,Basic,5G,2 Year,UPI,840,4,3.3,20.2,4,0,0
C102958,2025-09-06,,South,44,Basic,Broadband,1 Year,UPI,493,3,4.5,71.5,1,1,0
C102959,2022-06-20,,Central,66,Premium,Broadband,1 Year,Auto-debit,1738,0,4.6,133.1,3,0,0
C102960,2023-11-24,2024-05-31,West,26,Basic,Fiber,Month-to-Month,Credit Card,777,4,2.9,95.9,3,1,1
C102961,2023-03-02,,Central,56,Basic,5G,2 Year,UPI,506,2,2.7,45.2,0,2,0
C102962,2023-04-27,,North,32,Standard,Broadband,Month-to-Month,Credit Card,1129,2,3.1,153.9,4,2,0
C102963,2023-02-26,,East,54,Standard,Broadband,2 Year,UPI,1170,2,3.4,65.8,4,1,0
C102964,2023-12-27,,South,46,Basic,5G,Month-to-Month,UPI,799,1,4.2,32.7,3,1,0
C102965,2025-06-11,,East,45,Premium,5G,1 Year,Credit Card,1692,1,3.4,91.8,0,2,0
C102966,2025-11-24,,South,36,Standard,5G,2 Year,Credit Card,1426,2,3.6,183.5,4,0,0
C102967,2023-12-08,,South,35,Premium,Fiber,1 Year,Credit Card,1604,3,3.4,107.4,0,1,0
C102968,2024-11-22,,East,29,Basic,Fiber,Month-to-Month,UPI,578,2,3.4,97.5,2,2,0
C102969,2025-10-30,,North,38,Basic,Fiber,Month-to-Month,Credit Card,634,0,3.5,35.1,2,1,0
C102970,2025-12-02,,East,36,Standard,Fiber,2 Year,UPI,1204,1,3.6,36.9,3,1,0
C102971,2025-08-10,,East,40,Basic,Fiber,1 Year,Credit Card,454,1,3.5,62.7,0,1,0
C102972,2024-09-02,2025-12-04,North,21,Standard,Broadband,Month-to-Month,Net Banking,1252,3,2.5,53.5,4,2,1
C102973,2025-11-04,,Central,38,Basic,Broadband,2 Year,UPI,620,2,3.9,51.5,2,0,0
C102974,2024-07-12,,East,53,Standard,Fiber,2 Year,Auto-debit,963,2,4.4,81.5,1,1,0
C102975,2023-08-17,,West,49,Premium,Fiber,2 Year,Net Banking,1648,2,3.6,129.4,1,1,0
C102976,2024-09-29,,East,38,Premium,5G,1 Year,UPI,2035,2,3.5,268.9,3,1,0
C102977,2022-03-03,2023-09-02,West,69,Premium,5G,2 Year,UPI,1754,4,3.5,133.8,0,0,1
C102978,2022-11-12,,West,31,Premium,Fiber,2 Year,UPI,1748,2,3.6,125.2,1,0,0
C102979,2025-09-26,2025-11-14,West,37,Standard,Broadband,Month-to-Month,UPI,1264,4,3.6,61.7,4,1,1
C102980,2023-05-31,,East,21,Basic,Fiber,2 Year,Auto-debit,926,2,3.4,57.9,4,0,0
C102981,2025-07-11,2025-11-16,South,33,Premium,Fiber,Month-to-Month,Net Banking,1690,3,3.7,147.4,1,3,1
C102982,2025-09-02,,North,59,Premium,5G,2 Year,Auto-debit,1984,1,5.0,96.5,2,0,0
C102983,2024-03-01,,East,34,Premium,5G,1 Year,Net Banking,1964,1,4.6,188.9,2,0,0
C102984,2025-05-12,,North,20,Standard,Fiber,1 Year,Auto-debit,974,5,2.4,66.5,1,1,0
C102985,2023-11-18,2024-08-07,South,48,Basic,5G,Month-to-Month,Auto-debit,522,3,3.8,59.1,1,0,1
C102986,2022-11-29,2025-06-12,North,43,Premium,Broadband,Month-to-Month,UPI,1405,4,2.3,60.8,0,2,1
C102987,2023-02-26,,East,48,Premium,Fiber,Month-to-Month,UPI,1945,0,3.9,186.2,4,1,0
C102988,2025-02-10,,North,34,Standard,5G,1 Year,UPI,1064,0,4.4,51.5,1,0,0
C102989,2025-08-20,,East,26,Premium,Fiber,2 Year,UPI,1581,2,4.6,165.3,0,0,0
C102990,2024-10-23,,West,36,Standard,5G,Month-to-Month,Credit Card,1305,3,2.5,139.8,3,0,0
C102991,2024-11-17,2025-07-21,West,45,Premium,5G,Month-to-Month,UPI,1800,1,3.7,144.8,0,1,1
C102992,2025-10-09,,South,37,Basic,Fiber,1 Year,Auto-debit,855,2,3.3,78.7,4,0,0
C102993,2024-06-28,,East,43,Premium,Fiber,Month-to-Month,UPI,1983,1,3.7,68.8,4,1,0
C102994,2024-09-03,2025-09-10,East,32,Basic,Broadband,Month-to-Month,Auto-debit,514,4,1.9,42.4,2,0,1
C102995,2025-11-12,,East,43,Basic,Fiber,Month-to-Month,UPI,477,1,3.9,32.0,0,1,0
C102996,2025-08-04,,East,38,Basic,Broadband,1 Year,UPI,400,1,2.7,31.8,0,1,0
C102997,2023-06-05,,North,30,Standard,Fiber,1 Year,Auto-debit,1293,0,4.6,33.5,4,1,0
C102998,2022-01-29,,Central,40,Basic,Broadband,2 Year,Credit Card,644,1,4.5,46.0,2,0,0
C102999,2023-04-12,2025-04-05,North,33,Premium,5G,Month-to-Month,Net Banking,1899,3,2.8,188.7,2,0,1
C103000,2023-09-29,,West,45,Standard,Fiber,Month-to-Month,Auto-debit,891,2,2.4,138.8,0,0,0
C103001,2024-01-03,,East,48,Premium,5G,1 Year,UPI,2135,1,3.7,69.5,4,1,0
C103002,2024-10-19,2025-09-30,South,44,Basic,Broadband,2 Year,UPI,575,2,2.9,34.8,2,0,1
C103003,2025-05-31,2025-12-04,West,18,Basic,5G,Month-to-Month,UPI,521,2,3.2,30.5,0,0,1
C103004,2022-11-28,,North,26,Standard,5G,2 Year,UPI,1017,1,3.6,49.2,0,0,0
C103005,2025-06-24,2025-11-27,West,30,Standard,5G,1 Year,Auto-debit,1437,4,2.1,63.5,4,0,1
C103006,2023-07-18,,East,28,Standard,5G,2 Year,Auto-debit,1019,0,5.0,74.4,0,1,0
C103007,2025-01-29,2025-10-17,North,31,Premium,5G,Month-to-Month,UPI,1843,0,3.6,102.0,1,0,1
C103008,2025-12-09,2025-12-25,North,49,Premium,Broadband,Month-to-Month,Net Banking,1385,6,3.2,58.8,0,0,1
C103009,2025-04-21,2025-07-08,West,46,Standard,Fiber,Month-to-Month,Auto-debit,937,2,2.7,119.6,0,0,1
C103010,2023-03-24,,South,33,Premium,5G,1 Year,UPI,2137,1,3.8,128.9,4,0,0
C103011,2024-04-08,,Central,45,Standard,5G,2 Year,UPI,1298,4,3.1,89.7,3,0,0
C103012,2022-05-09,2024-03-09,West,42,Standard,Broadband,Month-to-Month,Auto-debit,918,3,3.1,92.4,1,0,1
C103013,2024-05-16,,West,38,Basic,Fiber,Month-to-Month,Net Banking,464,0,3.6,60.2,0,0,0
C103014,2025-05-05,2025-06-14,South,52,Basic,Fiber,Month-to-Month,UPI,570,2,3.0,47.7,1,1,1
C103015,2023-05-13,,West,30,Basic,Fiber,1 Year,Credit Card,526,2,3.0,29.2,1,0,0
C103016,2023-06-18,,Central,39,Standard,5G,2 Year,UPI,1350,2,2.8,157.2,3,0,0
C103017,2024-03-13,,North,25,Standard,5G,Month-to-Month,Net Banking,1152,0,4.0,101.4,2,1,0
C103018,2024-11-26,,South,26,Basic,Fiber,1 Year,Net Banking,674,2,4.6,28.2,2,1,0
C103019,2023-01-30,,South,22,Standard,Fiber,Month-to-Month,UPI,899,0,4.1,47.4,0,1,0
C103020,2022-03-08,,South,26,Basic,Broadband,2 Year,Auto-debit,442,2,3.7,119.6,0,1,0
C103021,2025-03-29,,West,39,Basic,5G,2 Year,Credit Card,633,0,4.6,40.8,1,0,0
C103022,2024-07-02,2024-11-08,East,34,Premium,5G,Month-to-Month,Net Banking,1848,2,3.2,84.0,1,1,1
C103023,2025-07-30,,East,35,Standard,Fiber,1 Year,Net Banking,1179,0,2.5,56.5,2,1,0
C103024,2023-06-19,,South,34,Basic,Fiber,2 Year,Credit Card,847,1,3.6,55.4,4,1,0
C103025,2023-04-19,,North,59,Standard,Fiber,2 Year,UPI,1152,2,3.9,58.1,2,0,0
C103026,2023-08-10,,South,24,Basic,Fiber,1 Year,UPI,529,3,4.5,47.3,1,0,0
C103027,2022-03-15,,West,23,Standard,5G,Month-to-Month,Net Banking,1213,1,2.9,233.8,2,0,0
C103028,2025-01-05,,East,28,Premium,Fiber,1 Year,Net Banking,1572,6,3.3,53.8,0,2,0
C103029,2024-01-10,,South,37,Standard,Fiber,1 Year,UPI,1217,3,3.2,60.2,3,0,0
C103030,2025-12-07,,West,44,Standard,Fiber,Month-to-Month,Auto-debit,917,2,3.0,76.0,0,0,0
C103031,2024-06-05,,North,45,Basic,Fiber,2 Year,Auto-debit,593,1,2.8,18.3,1,1,0
C103032,2025-02-12,,South,49,Standard,Fiber,Month-to-Month,UPI,1288,0,3.4,95.4,4,1,0
C103033,2025-10-21,,South,37,Basic,Fiber,2 Year,UPI,780,1,4.0,69.2,2,2,0
C103034,2025-01-30,2025-08-19,Central,33,Basic,Fiber,Month-to-Month,Credit Card,701,2,4.2,22.1,3,0,1
C103035,2023-06-05,2025-10-23,West,58,Premium,5G,Month-to-Month,UPI,1857,0,2.1,113.2,1,1,1
C103036,2025-07-20,,East,18,Standard,Broadband,Month-to-Month,Auto-debit,1207,2,3.7,80.8,4,1,0
C103037,2024-12-29,,North,39,Standard,5G,1 Year,Net Banking,1119,1,3.1,98.2,1,0,0
C103038,2023-11-16,,North,43,Basic,Fiber,2 Year,UPI,537,4,2.5,167.9,1,0,0
C103039,2022-03-11,,East,60,Premium,Broadband,Month-to-Month,Credit Card,1409,0,4.3,81.4,0,1,0
C103040,2024-01-18,2025-04-13,South,18,Basic,Broadband,Month-to-Month,UPI,475,3,4.4,57.9,1,0,1
C103041,2024-09-02,,Central,33,Standard,5G,2 Year,Credit Card,1272,4,2.3,69.1,2,0,0
C103042,2024-01-08,,West,22,Premium,Fiber,1 Year,UPI,1583,2,3.4,101.6,0,1,0
C103043,2022-05-22,2023-11-04,South,18,Standard,5G,Month-to-Month,Auto-debit,993,0,2.7,74.3,0,0,1
C103044,2024-06-09,,West,36,Premium,Broadband,2 Year,Net Banking,1471,3,3.6,144.8,1,1,0
C103045,2023-04-06,,Central,48,Basic,Broadband,Month-to-Month,Auto-debit,664,3,2.6,44.4,3,2,0
C103046,2024-11-07,2025-07-29,East,52,Standard,5G,Month-to-Month,UPI,1141,3,4.2,84.6,2,2,1
C103047,2023-06-29,,East,32,Premium,5G,Month-to-Month,UPI,1776,0,4.3,113.3,0,0,0
C103048,2023-08-09,,Central,46,Standard,Broadband,1 Year,Auto-debit,772,2,3.1,46.1,0,0,0
C103049,2023-11-12,,South,36,Standard,Fiber,Month-to-Month,UPI,887,1,3.4,111.4,0,0,0
C103050,2023-05-27,,Central,45,Basic,Fiber,2 Year,UPI,519,2,3.6,73.9,1,0,0
C103051,2025-11-03,,North,52,Standard,Broadband,Month-to-Month,Auto-debit,910,2,3.8,120.4,1,0,0
C103052,2023-03-18,,East,36,Premium,Fiber,2 Year,Auto-debit,1610,1,2.9,165.2,0,0,0
C103053,2025-01-25,,West,51,Standard,Fiber,Month-to-Month,Auto-debit,1118,2,3.2,50.0,2,0,0
C103054,2024-03-01,,East,23,Premium,Fiber,Month-to-Month,Credit Card,1776,2,3.5,73.2,2,1,0
C103055,2025-08-21,,East,46,Standard,Fiber,Month-to-Month,Credit Card,1233,2,3.4,116.5,3,1,0
C103056,2023-09-24,,East,50,Standard,Fiber,Month-to-Month,Credit Card,1288,1,4.5,40.4,4,0,0
C103057,2022-10-07,,North,49,Basic,5G,Month-to-Month,Credit Card,799,3,2.1,31.4,3,0,0
C103058,2024-08-28,,North,24,Standard,5G,2 Year,UPI,1389,3,3.7,215.5,4,0,0
C103059,2022-07-16,,South,36,Premium,5G,2 Year,Auto-debit,2077,3,3.5,152.0,4,0,0
C103060,2025-01-15,,East,42,Standard,Fiber,1 Year,UPI,1396,1,3.2,79.8,4,0,0
C103061,2025-07-20,,South,43,Basic,Broadband,Month-to-Month,Credit Card,521,2,3.9,17.5,1,0,0
C103062,2023-02-24,,South,39,Standard,5G,2 Year,Auto-debit,1006,2,3.0,52.7,0,1,0
C103063,2025-03-06,,Central,55,Standard,Broadband,Month-to-Month,Auto-debit,813,1,2.3,111.9,0,0,0
C103064,2024-07-15,2025-11-14,South,22,Premium,Fiber,1 Year,UPI,2087,0,1.6,56.2,4,1,1
C103065,2024-04-25,,South,35,Basic,Fiber,1 Year,Net Banking,900,2,2.4,54.1,4,1,0
C103066,2025-02-28,2025-10-22,South,18,Basic,Broadband,Month-to-Month,Credit Card,512,4,2.4,22.2,1,1,1
C103067,2024-04-24,2024-11-08,North,45,Standard,Broadband,Month-to-Month,UPI,1068,5,2.7,54.0,3,1,1
C103068,2025-11-26,,West,45,Basic,Fiber,2 Year,UPI,635,2,3.7,20.1,2,1,0
C103069,2025-05-28,,South,75,Premium,5G,Month-to-Month,Net Banking,1677,1,3.6,123.7,0,0,0
C103070,2024-06-13,,North,50,Standard,5G,1 Year,Auto-debit,1281,3,2.1,31.5,3,0,0
C103071,2023-03-31,,Central,42,Standard,Fiber,2 Year,Auto-debit,945,1,3.3,70.7,0,0,0
C103072,2025-12-01,2025-12-20,West,41,Basic,5G,Month-to-Month,UPI,524,3,2.9,60.9,0,0,1
C103073,2025-01-04,,West,34,Standard,Fiber,Month-to-Month,UPI,1141,2,4.5,81.4,2,1,0
C103074,2023-03-08,2025-10-19,West,40,Premium,Fiber,Month-to-Month,UPI,1588,1,4.1,148.8,0,0,1
C103075,2024-01-26,,Central,41,Standard,Broadband,2 Year,Auto-debit,920,1,2.4,82.5,1,2,0
C103076,2025-08-20,2025-11-25,South,18,Basic,5G,Month-to-Month,Auto-debit,829,2,3.1,42.3,3,2,1
C103077,2025-09-28,2025-12-13,East,40,Basic,Broadband,Month-to-Month,Auto-debit,508,2,3.8,42.7,2,0,1
C103078,2024-01-15,,East,39,Premium,5G,Month-to-Month,Credit Card,1761,0,4.0,136.5,0,1,0
C103079,2023-06-10,,South,59,Premium,Broadband,2 Year,UPI,1581,2,2.4,68.3,1,0,0
C103080,2025-06-19,,South,36,Basic,5G,2 Year,Credit Card,883,1,4.1,36.3,4,0,0
C103081,2025-02-01,,North,29,Standard,5G,1 Year,UPI,1294,1,3.8,203.8,4,0,0
C103082,2023-01-31,,East,41,Basic,Fiber,2 Year,UPI,822,3,2.9,56.3,4,0,0
C103083,2025-04-13,,West,39,Standard,5G,1 Year,UPI,1124,1,3.0,137.6,2,0,0
C103084,2024-11-20,2025-04-06,West,36,Basic,5G,2 Year,UPI,671,6,3.0,52.4,2,2,1
C103085,2023-11-07,2025-01-07,South,23,Premium,5G,Month-to-Month,UPI,1997,1,2.5,81.8,3,0,1
C103086,2024-11-27,,North,36,Premium,Fiber,Month-to-Month,Auto-debit,2042,0,2.9,101.3,4,1,0
C103087,2025-07-01,,South,31,Basic,Fiber,2 Year,Net Banking,490,1,3.0,18.5,0,2,0
C103088,2024-09-07,,East,35,Standard,Broadband,Month-to-Month,Auto-debit,1209,3,3.3,146.5,4,0,0
C103089,2025-02-23,,Central,47,Basic,Broadband,Month-to-Month,UPI,745,0,2.8,69.2,3,1,0
C103090,2022-12-10,,West,30,Basic,Fiber,1 Year,Net Banking,436,2,2.9,29.1,0,0,0
C103091,2023-01-17,,Central,35,Basic,5G,1 Year,Credit Card,898,0,3.6,64.8,4,0,0
C103092,2025-02-21,,West,44,Basic,5G,Month-to-Month,UPI,587,2,3.5,62.0,0,1,0
C103093,2024-07-10,2025-02-17,Central,35,Premium,Broadband,Month-to-Month,UPI,1422,1,3.6,122.6,0,0,1
C103094,2024-10-31,,East,69,Basic,Fiber,Month-to-Month,UPI,581,1,3.4,56.1,1,1,0
C103095,2024-04-21,,North,41,Premium,5G,Month-to-Month,Auto-debit,1916,1,3.3,156.8,2,1,0
C103096,2025-11-17,,North,23,Basic,Fiber,Month-to-Month,Auto-debit,640,2,4.1,53.6,2,0,0
C103097,2023-11-05,,South,28,Standard,Fiber,Month-to-Month,UPI,978,2,3.8,79.5,1,1,0
C103098,2022-12-02,2025-03-03,South,27,Standard,Broadband,1 Year,Net Banking,1163,3,3.5,76.9,3,2,1
C103099,2023-05-29,,North,28,Premium,Fiber,Month-to-Month,UPI,1745,1,3.2,88.8,2,0,0
C103100,2025-12-09,,Central,44,Basic,Fiber,Month-to-Month,UPI,495,0,3.4,69.6,0,0,0
C103101,2025-05-10,2025-12-01,North,25,Basic,Fiber,1 Year,Net Banking,878,2,3.6,119.1,4,1,1
C103102,2022-10-09,,Central,34,Standard,5G,Month-to-Month,Auto-debit,1034,3,2.6,42.1,1,2,0
C103103,2024-07-20,2024-12-07,West,52,Standard,5G,Month-to-Month,Auto-debit,1341,6,1.7,75.0,3,0,1
C103104,2022-07-13,,East,32,Standard,Fiber,Month-to-Month,UPI,1008,3,3.3,53.2,1,4,0
C103105,2022-04-26,2024-09-11,West,46,Basic,5G,1 Year,Credit Card,743,3,2.1,58.2,3,0,1
C103106,2024-03-09,,South,18,Basic,Broadband,Month-to-Month,UPI,513,0,3.7,54.7,1,0,0
C103107,2025-06-22,,East,34,Premium,Fiber,Month-to-Month,UPI,1675,0,4.6,126.1,1,2,0
C103108,2024-03-20,,North,27,Standard,Broadband,1 Year,UPI,791,2,3.4,54.8,0,0,0
C103109,2024-04-26,,Central,42,Standard,Fiber,2 Year,UPI,1295,0,3.1,58.2,4,1,0
C103110,2025-08-21,,South,26,Basic,5G,1 Year,UPI,761,0,4.1,30.2,3,0,0
C103111,2024-10-01,,South,63,Basic,Fiber,2 Year,UPI,708,1,3.1,18.7,3,1,0
C103112,2025-05-09,2025-10-30,West,18,Premium,Fiber,1 Year,Net Banking,1938,3,3.8,218.0,3,2,1
C103113,2023-06-25,2024-05-26,East,52,Standard,Fiber,Month-to-Month,UPI,932,3,3.4,103.0,0,0,1
C103114,2025-01-02,2025-10-19,South,49,Basic,Fiber,Month-to-Month,UPI,667,1,3.3,84.3,2,3,1
C103115,2023-02-23,2023-12-22,East,42,Premium,Broadband,Month-to-Month,Auto-debit,1780,2,3.0,99.0,4,0,1
C103116,2024-04-10,,North,39,Standard,5G,Month-to-Month,Auto-debit,1100,2,2.7,94.2,1,1,0
C103117,2023-12-29,,West,60,Basic,Broadband,Month-to-Month,UPI,370,2,5.0,28.9,0,0,0
C103118,2025-01-04,,South,68,Basic,5G,Month-to-Month,UPI,865,2,1.7,33.3,4,1,0
C103119,2023-06-05,,South,36,Standard,5G,1 Year,UPI,1067,1,2.3,205.3,0,1,0
C103120,2024-03-02,,North,40,Basic,Fiber,1 Year,Auto-debit,791,3,3.8,36.7,3,0,0
C103121,2024-09-16,,South,31,Standard,5G,Month-to-Month,UPI,1372,0,4.4,118.4,4,1,0
C103122,2025-07-03,,South,24,Standard,Fiber,Month-to-Month,UPI,1156,1,3.8,83.6,3,0,0
C103123,2024-07-26,,South,44,Basic,Broadband,Month-to-Month,Net Banking,331,2,1.9,22.0,0,1,0
C103124,2023-10-02,2025-11-20,North,41,Premium,Broadband,Month-to-Month,Net Banking,1770,2,3.9,110.2,4,0,1
C103125,2024-11-20,,North,19,Basic,Fiber,Month-to-Month,UPI,463,4,2.1,53.4,0,0,0
C103126,2023-05-16,,East,43,Standard,5G,Month-to-Month,UPI,1399,0,3.7,105.1,4,1,0
C103127,2023-07-25,,North,41,Standard,5G,Month-to-Month,Credit Card,1005,1,3.8,30.2,0,1,0
C103128,2024-10-29,,West,31,Standard,5G,2 Year,UPI,1210,5,2.9,45.5,2,0,0
C103129,2025-03-03,,Central,30,Standard,Fiber,Month-to-Month,UPI,1273,2,2.8,86.1,4,0,0
C103130,2025-11-06,,South,43,Standard,5G,1 Year,Auto-debit,1158,1,4.4,46.0,1,0,0
C103131,2022-09-15,2023-12-10,Central,57,Premium,Broadband,Month-to-Month,Auto-debit,1391,1,4.3,216.9,0,0,1
C103132,2024-05-05,2025-07-21,North,43,Premium,Fiber,Month-to-Month,Net Banking,1621,2,2.8,114.3,0,1,1
C103133,2024-08-02,2025-02-10,North,47,Premium,5G,Month-to-Month,Net Banking,1822,4,2.7,150.4,1,0,1
C103134,2023-09-06,,West,28,Basic,Fiber,2 Year,Credit Card,570,2,2.8,84.5,1,1,0
C103135,2024-11-12,2025-11-15,West,33,Standard,Broadband,Month-to-Month,UPI,981,3,3.0,40.2,1,0,1
C103136,2025-07-22,,West,45,Standard,Fiber,Month-to-Month,Net Banking,1077,0,4.2,92.9,2,0,0
C103137,2022-12-24,,North,22,Basic,Fiber,2 Year,UPI,513,2,2.0,47.3,1,1,0
C103138,2025-06-17,2025-09-14,West,40,Standard,Fiber,Month-to-Month,UPI,1082,1,2.2,80.0,2,0,1
C103139,2025-04-18,2025-12-04,South,44,Basic,Broadband,Month-to-Month,UPI,485,3,2.5,39.5,1,0,1
C103140,2025-11-22,,South,38,Basic,5G,1 Year,Net Banking,577,1,4.5,47.9,1,1,0
C103141,2024-07-22,,North,42,Basic,Fiber,Month-to-Month,Credit Card,813,0,4.0,10.2,4,0,0
C103142,2023-11-24,,Central,39,Basic,Fiber,2 Year,Credit Card,754,0,4.9,82.4,3,0,0
C103143,2025-07-10,,North,31,Basic,Broadband,Month-to-Month,Credit Card,758,1,3.4,22.7,3,1,0
C103144,2024-12-15,2025-09-21,West,24,Standard,5G,1 Year,Auto-debit,1092,4,2.2,179.0,1,0,1
C103145,2024-08-25,,East,37,Standard,Fiber,Month-to-Month,UPI,1311,0,2.6,45.8,4,1,0
C103146,2023-09-19,2025-11-14,West,54,Basic,Broadband,2 Year,UPI,512,3,2.5,26.9,1,0,1
C103147,2022-07-07,2025-05-06,West,50,Basic,Fiber,2 Year,Auto-debit,782,2,2.9,54.1,3,0,1
C103148,2022-10-12,2023-04-19,West,34,Premium,5G,2 Year,Net Banking,2101,1,2.1,135.1,3,1,1
C103149,2023-11-03,,North,34,Basic,Fiber,2 Year,Credit Card,567,2,2.7,55.4,1,1,0
C103150,2024-05-01,,North,33,Standard,5G,1 Year,UPI,1296,1,3.0,88.3,3,0,0
C103151,2023-11-22,,East,33,Standard,Broadband,Month-to-Month,Auto-debit,759,2,3.3,68.7,0,1,0
C103152,2023-03-19,,South,41,Standard,Fiber,Month-to-Month,Credit Card,1047,0,3.8,61.3,1,0,0
C103153,2023-06-01,,North,51,Premium,5G,Month-to-Month,Auto-debit,1913,2,3.7,157.8,2,1,0
C103154,2023-06-04,2024-04-01,North,65,Standard,Broadband,Month-to-Month,Auto-debit,1061,2,2.2,52.2,3,1,1
C103155,2023-10-05,,South,28,Premium,Broadband,Month-to-Month,Auto-debit,1506,2,2.7,125.2,1,0,0
C103156,2023-01-05,,North,46,Premium,5G,1 Year,UPI,2107,1,4.4,50.5,3,0,0
C103157,2023-04-19,,North,45,Basic,5G,1 Year,Credit Card,825,2,3.1,50.2,3,0,0
C103158,2025-10-06,,Central,34,Basic,Broadband,2 Year,UPI,793,1,4.1,46.5,4,1,0
C103159,2025-01-19,,South,26,Basic,Fiber,Month-to-Month,UPI,420,1,3.5,43.3,0,0,0
C103160,2025-06-29,,Central,41,Basic,Fiber,1 Year,UPI,718,0,3.9,103.8,2,0,0
C103161,2023-01-10,,Central,63,Standard,Fiber,1 Year,UPI,1214,2,3.7,155.6,3,0,0
C103162,2024-05-14,,North,41,Basic,Broadband,2 Year,Credit Card,585,1,3.2,69.9,2,0,0
C103163,2022-04-02,,West,29,Basic,Fiber,1 Year,Net Banking,580,4,2.3,69.1,1,0,0
C103164,2023-02-23,2024-11-25,East,36,Basic,Fiber,Month-to-Month,UPI,639,1,3.1,46.6,2,0,1
C103165,2025-03-04,2025-04-25,West,24,Standard,5G,Month-to-Month,UPI,1167,2,,85.9,2,0,1
C103166,2022-12-28,,North,38,Standard,Fiber,2 Year,UPI,1091,2,3.7,91.5,2,0,0
C103167,2022-10-17,,North,46,Premium,Fiber,1 Year,Net Banking,1978,2,3.2,159.4,4,1,0
C103168,2025-02-09,,North,30,Basic,5G,2 Year,UPI,652,1,4.4,45.8,2,0,0
C103169,2022-10-14,,East,18,Basic,Fiber,1 Year,Net Banking,508,0,5.0,58.0,1,0,0
C103170,2025-12-17,2025-12-26,Central,41,Premium,Broadband,1 Year,UPI,1438,3,2.6,121.8,0,1,1
C103171,2024-10-01,,West,32,Standard,Fiber,1 Year,Credit Card,946,1,4.4,91.0,0,1,0
C103172,2022-08-29,2024-12-02,West,29,Standard,Broadband,2 Year,Auto-debit,964,4,2.8,116.6,2,1,1
C103173,2023-05-23,,Central,29,Standard,5G,2 Year,Credit Card,1133,0,4.1,53.1,1,0,0
C103174,2025-01-10,2025-03-06,West,43,Basic,Fiber,Month-to-Month,Net Banking,471,1,3.5,47.2,0,1,1
C103175,2025-05-25,,North,33,Premium,Fiber,Month-to-Month,Auto-debit,1695,0,4.9,122.5,1,1,0
C103176,2023-03-19,,West,49,Standard,5G,Month-to-Month,UPI,1049,1,3.8,44.3,1,1,0
C103177,2024-08-16,,South,49,Standard,Fiber,Month-to-Month,UPI,1131,1,3.3,147.8,2,3,0
C103178,2022-08-05,,North,35,Standard,Fiber,2 Year,Auto-debit,993,5,2.3,48.8,0,1,0
C103179,2025-02-02,,East,32,Basic,Broadband,2 Year,Auto-debit,796,3,2.2,90.5,4,1,0
C103180,2022-10-26,2023-12-23,Central,40,Basic,5G,Month-to-Month,Net Banking,935,3,2.6,22.6,4,1,1
C103181,2025-10-30,,South,36,Standard,Broadband,Month-to-Month,UPI,1187,0,4.7,34.9,4,0,0
C103182,2024-08-09,,East,18,Standard,Fiber,Month-to-Month,UPI,956,0,4.6,62.3,0,0,0
C103183,2022-02-28,,North,61,Basic,Fiber,2 Year,Auto-debit,750,2,2.9,54.0,3,0,0
C103184,2022-12-20,,North,47,Basic,5G,1 Year,Net Banking,403,3,2.3,53.8,0,0,0
C103185,2025-09-29,,North,32,Premium,Fiber,Month-to-Month,UPI,1877,3,3.9,225.1,3,0,0
C103186,2024-05-18,,West,18,Basic,Fiber,Month-to-Month,UPI,761,3,3.4,30.1,3,0,0
C103187,2025-12-18,2025-12-29,West,36,Standard,Fiber,1 Year,Auto-debit,1061,3,1.7,117.1,1,0,1
C103188,2023-12-20,,North,31,Standard,Fiber,Month-to-Month,Credit Card,1111,4,4.8,32.2,2,1,0
C103189,2025-04-06,,South,37,Premium,Broadband,2 Year,Auto-debit,1796,2,3.5,72.7,4,1,0
C103190,2023-08-06,,North,18,Standard,Fiber,2 Year,Credit Card,895,1,4.7,64.6,0,0,0
C103191,2022-04-18,2024-05-05,North,32,Premium,Broadband,Month-to-Month,UPI,1659,3,3.4,68.0,2,0,1
C103192,2024-12-23,2025-09-30,East,33,Basic,Fiber,Month-to-Month,UPI,618,0,3.1,58.1,1,1,1
C103193,2024-11-04,2025-06-25,West,36,Premium,Fiber,Month-to-Month,Credit Card,1582,3,3.4,85.2,0,0,1
C103194,2024-01-07,,East,35,Premium,Fiber,Month-to-Month,UPI,1845,1,2.7,194.7,3,1,0
C103195,2022-06-22,,South,39,Standard,5G,Month-to-Month,UPI,1322,2,3.2,113.8,4,1,0
C103196,2023-12-29,,East,56,Standard,Broadband,Month-to-Month,UPI,1021,2,2.5,52.6,2,0,0
C103197,2025-02-15,2025-11-02,North,32,Basic,Broadband,Month-to-Month,UPI,602,2,3.2,37.1,2,0,1
C103198,2023-08-27,,North,27,Standard,Fiber,2 Year,Auto-debit,1086,0,4.0,70.5,2,0,0
C103199,2023-07-12,,Central,18,Basic,5G,Month-to-Month,UPI,510,0,4.0,87.0,0,1,0
C103200,2022-06-11,,West,32,Basic,Broadband,2 Year,Credit Card,449,1,2.5,27.6,1,0,0
C103201,2025-06-14,,Central,21,Premium,Fiber,Month-to-Month,Net Banking,1938,1,3.3,36.0,3,1,0
C103202,2025-10-24,,Central,50,Basic,5G,Month-to-Month,UPI,681,0,2.4,35.8,2,0,0
C103203,2022-02-21,,East,37,Standard,Fiber,Month-to-Month,Credit Card,975,4,3.2,46.5,1,0,0
C103204,2025-04-25,2025-06-11,Central,49,Basic,5G,Month-to-Month,Auto-debit,484,2,3.4,20.6,0,0,1
C103205,2022-07-18,,South,56,Basic,5G,Month-to-Month,Credit Card,483,0,3.0,43.4,0,2,0
C103206,2024-03-18,,North,28,Basic,Fiber,2 Year,Credit Card,671,1,4.5,24.6,2,2,0
C103207,2022-02-21,,North,34,Basic,Broadband,2 Year,Auto-debit,545,1,3.9,52.4,1,1,0
C103208,2024-03-30,,North,54,Standard,5G,Month-to-Month,Auto-debit,1340,1,3.5,40.4,3,1,0
C103209,2022-05-30,,North,40,Premium,Broadband,Month-to-Month,Auto-debit,1603,1,3.4,516.3,2,1,0
C103210,2024-03-16,,South,44,Standard,5G,Month-to-Month,Credit Card,991,2,2.9,125.2,0,0,0
C103211,2025-03-17,,West,50,Premium,Fiber,1 Year,Net Banking,1685,1,3.2,81.7,1,1,0
C103212,2025-01-26,,West,49,Standard,5G,Month-to-Month,Credit Card,928,1,4.4,50.1,0,0,0
C103213,2025-09-23,2025-12-29,East,43,Standard,Fiber,Month-to-Month,UPI,918,2,3.5,67.0,0,0,1
C103214,2023-04-24,,North,55,Basic,Broadband,2 Year,Credit Card,662,4,2.1,63.9,3,1,0
C103215,2025-04-10,,West,37,Basic,Fiber,2 Year,Auto-debit,607,3,4.0,35.3,1,1,0
C103216,2023-04-10,,South,44,Premium,Broadband,1 Year,UPI,1787,2,3.4,66.0,4,1,0
C103217,2025-07-22,,North,36,Standard,5G,Month-to-Month,Auto-debit,1128,2,2.7,35.7,1,0,0
C103218,2024-06-10,,South,50,Standard,5G,Month-to-Month,Auto-debit,1078,2,4.7,73.0,1,0,0
C103219,2024-01-12,,South,30,Premium,5G,Month-to-Month,UPI,1920,0,3.2,82.1,2,0,0
C103220,2022-12-31,,South,18,Basic,5G,1 Year,UPI,622,1,3.0,50.9,1,2,0
C103221,2023-01-06,,West,46,Premium,5G,1 Year,Auto-debit,1958,3,3.3,40.7,2,2,0
C103222,2024-07-19,,West,26,Basic,5G,Month-to-Month,UPI,512,3,3.3,56.0,0,0,0
C103223,2025-07-05,,West,25,Premium,Fiber,2 Year,Auto-debit,1605,3,2.7,100.4,0,0,0
C103224,2023-08-20,,North,53,Basic,5G,Month-to-Month,UPI,926,1,2.0,18.4,4,0,0
C103225,2023-08-13,,West,50,Basic,Fiber,1 Year,UPI,584,1,3.6,53.0,1,0,0
C103226,2025-05-25,2025-12-10,West,34,Standard,5G,Month-to-Month,UPI,912,3,2.3,94.6,0,0,1
C103227,2024-02-11,,North,18,Basic,5G,Month-to-Month,UPI,587,1,3.3,29.5,1,0,0
C103228,2022-10-03,,East,44,Premium,Fiber,Month-to-Month,Auto-debit,1847,0,3.4,162.9,2,0,0
C103229,2025-07-18,,East,46,Standard,5G,1 Year,UPI,1156,0,3.0,37.2,2,0,0
C103230,2022-10-20,,South,44,Basic,5G,Month-to-Month,UPI,728,2,3.1,14.0,3,0,0
C103231,2022-10-05,,North,44,Basic,5G,Month-to-Month,Net Banking,889,1,3.1,40.6,4,2,0
C103232,2024-11-30,,East,36,Premium,5G,1 Year,Auto-debit,1869,1,3.2,75.7,1,0,0
C103233,2024-09-02,2025-02-02,North,33,Standard,5G,1 Year,UPI,1079,0,4.5,39.5,1,0,1
C103234,2023-10-27,,North,25,Premium,5G,1 Year,Auto-debit,1800,1,3.1,156.9,0,0,0
C103235,2022-10-15,,North,30,Basic,Fiber,1 Year,UPI,533,0,3.6,49.2,0,2,0
C103236,2024-09-13,,Central,42,Premium,Fiber,1 Year,Auto-debit,1532,4,3.0,267.8,0,0,0
C103237,2024-11-06,2025-01-28,South,42,Standard,5G,1 Year,Net Banking,983,3,1.9,90.8,0,0,1
C103238,2023-03-24,,South,47,Standard,Fiber,Month-to-Month,Auto-debit,1026,4,2.0,97.2,2,0,0
C103239,2025-12-18,,South,21,Basic,Fiber,Month-to-Month,Net Banking,782,2,3.3,28.6,3,1,0
C103240,2023-08-07,,Central,18,Basic,Fiber,Month-to-Month,Auto-debit,828,2,3.2,15.2,4,0,0
C103241,2024-09-19,2025-06-21,East,33,Premium,Fiber,Month-to-Month,UPI,1689,1,3.2,317.0,1,0,1
C103242,2025-11-06,2025-12-01,Central,26,Premium,Broadband,Month-to-Month,Net Banking,1544,3,3.2,150.9,1,1,1
C103243,2024-11-22,2025-05-02,South,40,Basic,Fiber,Month-to-Month,Net Banking,703,1,3.7,98.6,3,0,1
C103244,2024-01-05,,North,22,Premium,Fiber,Month-to-Month,UPI,1843,3,3.7,65.3,3,0,0
C103245,2025-05-27,,East,52,Basic,Broadband,1 Year,Auto-debit,605,3,3.5,73.1,3,0,0
C103246,2022-04-02,,South,28,Basic,Broadband,1 Year,Auto-debit,450,1,4.4,51.1,0,0,0
C103247,2023-01-16,,West,57,Basic,Fiber,1 Year,Auto-debit,500,2,3.4,75.2,0,2,0
C103248,2025-02-23,,West,44,Basic,Broadband,2 Year,UPI,585,2,2.3,59.1,2,0,0
C103249,2024-03-12,,East,25,Basic,Fiber,Month-to-Month,Auto-debit,606,3,2.8,39.4,2,0,0
C103250,2022-02-10,,Central,63,Basic,Broadband,Month-to-Month,UPI,531,1,2.7,50.9,1,0,0
C103251,2025-05-07,,East,41,Basic,Fiber,Month-to-Month,Auto-debit,965,1,4.1,37.1,4,1,0
C103252,2025-02-10,,South,40,Standard,5G,Month-to-Month,UPI,989,0,4.8,112.0,0,0,0
C103253,2022-02-07,2025-11-27,East,37,Premium,Fiber,Month-to-Month,Net Banking,1660,2,3.5,79.2,1,0,1
C103254,2024-04-22,,North,44,Standard,5G,2 Year,UPI,1345,2,,51.9,3,0,0
C103255,2025-07-10,,West,44,Basic,Fiber,Month-to-Month,Net Banking,612,3,3.8,40.8,2,0,0
C103256,2023-06-29,,North,28,Standard,5G,Month-to-Month,UPI,1083,0,4.0,100.2,1,1,0
C103257,2022-02-24,,South,35,Basic,5G,Month-to-Month,Auto-debit,591,1,3.9,45.4,2,0,0
C103258,2022-04-20,,East,39,Standard,Fiber,Month-to-Month,Auto-debit,1105,1,4.2,62.6,2,0,0
C103259,2023-03-22,2023-09-22,North,45,Standard,Broadband,1 Year,UPI,847,4,1.8,125.0,1,1,1
C103260,2024-04-20,,North,45,Basic,Fiber,1 Year,Auto-debit,806,4,3.0,59.3,3,0,0
C103261,2024-06-07,,West,40,Basic,Fiber,1 Year,Net Banking,717,2,,35.1,3,2,0
C103262,2024-03-29,,North,31,Premium,Fiber,1 Year,Credit Card,1640,1,2.7,70.0,0,2,0
C103263,2025-02-07,,East,31,Premium,Fiber,Month-to-Month,UPI,1605,0,5.0,108.0,0,1,0
C103264,2024-11-09,,South,24,Standard,Fiber,Month-to-Month,UPI,1320,0,4.6,54.0,4,0,0
C103265,2022-12-31,,South,45,Premium,5G,1 Year,UPI,1869,0,4.8,80.2,1,1,0
C103266,2023-12-30,2024-12-24,North,31,Premium,5G,Month-to-Month,Credit Card,1747,2,3.8,171.5,0,0,1
C103267,2023-10-20,2024-05-28,West,36,Basic,5G,Month-to-Month,Credit Card,671,4,2.1,77.7,2,1,1
C103268,2023-11-25,,Central,41,Standard,5G,Month-to-Month,Credit Card,1065,1,2.7,71.5,1,0,0
C103269,2024-11-26,,North,38,Basic,Broadband,1 Year,Auto-debit,815,2,3.2,44.1,4,1,0
C103270,2023-09-28,2025-09-21,Central,38,Standard,Fiber,Month-to-Month,UPI,1239,1,4.0,50.9,4,0,1
C103271,2024-05-16,,East,27,Basic,5G,2 Year,Auto-debit,566,3,3.4,26.0,0,1,0
C103272,2025-06-23,,East,41,Premium,Broadband,Month-to-Month,Auto-debit,1404,4,4.2,175.5,0,0,0
C103273,2025-06-16,2025-12-28,West,34,Standard,Fiber,Month-to-Month,Auto-debit,1202,2,3.1,39.0,3,0,1
C103274,2024-11-04,,West,37,Basic,5G,Month-to-Month,Credit Card,608,0,3.5,32.4,1,1,0
C103275,2024-06-21,2025-07-20,West,52,Basic,Broadband,Month-to-Month,UPI,375,5,2.6,31.9,0,0,1
C103276,2024-01-13,2024-11-04,East,44,Standard,5G,Month-to-Month,Auto-debit,1190,1,2.7,91.1,2,1,1
C103277,2024-09-20,,East,31,Standard,Broadband,1 Year,Net Banking,1051,2,4.4,66.8,3,1,0
C103278,2024-02-12,,South,36,Premium,Fiber,Month-to-Month,Auto-debit,2020,0,3.8,88.7,4,1,0
C103279,2023-10-31,,North,57,Basic,5G,Month-to-Month,UPI,694,0,4.0,87.3,2,1,0
C103280,2023-02-25,,West,34,Standard,Fiber,Month-to-Month,Credit Card,1223,1,4.1,166.5,3,3,0
C103281,2025-07-30,,North,38,Standard,Fiber,Month-to-Month,Credit Card,1176,1,3.0,89.6,2,0,0
C103282,2024-01-04,2024-05-01,South,46,Basic,Broadband,2 Year,Net Banking,664,1,3.7,47.5,3,3,1
C103283,2025-01-07,,North,41,Standard,Fiber,Month-to-Month,Auto-debit,1310,3,3.0,57.3,4,0,0
C103284,2025-06-09,,North,34,Basic,Broadband,1 Year,UPI,729,2,4.0,43.8,4,1,0
C103285,2025-03-10,2025-12-13,East,29,Basic,5G,Month-to-Month,UPI,818,3,3.1,24.2,3,1,1
C103286,2023-06-29,2025-07-21,East,38,Standard,Broadband,Month-to-Month,UPI,1194,2,1.3,120.8,4,0,1
C103287,2023-08-29,,South,46,Premium,Broadband,2 Year,UPI,1400,2,2.8,110.4,0,0,0
C103288,2025-09-29,,North,54,Basic,5G,Month-to-Month,UPI,789,0,2.8,31.4,3,0,0
C103289,2025-12-14,,South,20,Basic,Broadband,2 Year,UPI,772,1,4.9,37.5,4,0,0
C103290,2025-01-31,2025-05-20,South,59,Standard,Broadband,Month-to-Month,UPI,1295,3,4.0,104.9,4,0,1
C103291,2025-01-28,2025-08-07,West,35,Premium,5G,Month-to-Month,Net Banking,1849,1,2.2,103.7,1,3,1
C103292,2025-09-17,,East,49,Standard,5G,2 Year,Auto-debit,1209,0,3.1,49.7,2,0,0
C103293,2025-01-11,,East,29,Basic,Fiber,Month-to-Month,UPI,710,2,2.3,15.6,3,0,0
C103294,2022-09-21,,East,19,Standard,Fiber,2 Year,UPI,954,2,3.5,70.9,0,1,0
C103295,2023-03-06,2025-03-12,Central,22,Standard,Fiber,2 Year,Auto-debit,1211,3,2.4,88.9,3,1,1
C103296,2025-06-13,2025-11-16,West,34,Standard,5G,Month-to-Month,UPI,1116,5,2.4,57.7,1,0,1
C103297,2023-08-13,,East,44,Basic,Fiber,Month-to-Month,UPI,891,2,2.3,29.7,4,1,0
C103298,2022-07-08,,East,38,Basic,5G,2 Year,Credit Card,792,0,4.1,25.2,3,1,0
C103299,2023-04-17,,North,35,Basic,5G,Month-to-Month,Auto-debit,571,1,2.4,36.6,1,0,0
C103300,2025-10-15,,Central,51,Standard,5G,1 Year,UPI,906,0,5.0,42.2,0,0,0
C103301,2025-04-12,,South,38,Basic,Broadband,Month-to-Month,Auto-debit,681,2,4.4,25.2,3,0,0
C103302,2025-08-26,,South,41,Basic,Broadband,Month-to-Month,UPI,570,1,5.0,34.8,2,1,0
C103303,2025-11-28,,Central,75,Standard,Broadband,Month-to-Month,UPI,1050,5,3.0,189.0,3,0,0
C103304,2025-03-24,,West,38,Standard,5G,1 Year,UPI,1057,8,2.9,236.9,0,0,0
C103305,2024-05-28,,North,30,Basic,Fiber,1 Year,Auto-debit,696,4,3.4,79.7,2,0,0
C103306,2025-10-02,,North,44,Standard,Broadband,1 Year,Credit Card,1023,4,,101.7,3,0,0
C103307,2025-05-23,,North,47,Standard,Fiber,Month-to-Month,Credit Card,1321,1,3.3,28.0,4,0,0
C103308,2023-03-04,,East,42,Basic,Fiber,Month-to-Month,Auto-debit,525,2,3.6,168.6,1,0,0
C103309,2023-11-18,,North,40,Premium,Fiber,Month-to-Month,Credit Card,1723,1,4.6,143.5,1,1,0
C103310,2025-05-16,2025-12-02,Central,56,Premium,5G,Month-to-Month,UPI,2014,0,4.0,68.1,3,0,1
C103311,2025-11-01,,Central,54,Basic,5G,Month-to-Month,Net Banking,576,0,4.2,169.4,1,1,0
C103312,2024-01-01,,East,37,Basic,Fiber,1 Year,UPI,893,0,3.6,42.1,4,1,0
C103313,2023-10-11,2025-03-21,East,30,Basic,Broadband,Month-to-Month,Credit Card,729,6,2.0,67.1,3,0,1
C103314,2024-02-17,,South,43,Basic,Fiber,Month-to-Month,Auto-debit,915,0,2.8,37.8,4,0,0
C103315,2022-02-02,,North,30,Standard,Fiber,1 Year,Credit Card,910,4,3.1,97.9,0,0,0
C103316,2024-05-09,,West,49,Premium,Fiber,Month-to-Month,UPI,1551,1,3.4,166.2,0,1,0
C103317,2024-11-23,,North,43,Premium,Fiber,2 Year,Credit Card,2042,3,2.4,181.3,4,0,0
C103318,2025-11-25,,North,70,Basic,Broadband,Month-to-Month,UPI,535,1,3.1,84.0,1,0,0
C103319,2022-01-31,,South,56,Standard,Fiber,Month-to-Month,UPI,1043,1,,79.6,1,0,0
C103320,2025-09-17,,North,25,Basic,Fiber,2 Year,Credit Card,528,1,4.0,49.1,1,1,0
C103321,2024-09-30,2025-04-15,South,32,Standard,Fiber,1 Year,UPI,1074,1,3.4,72.0,2,1,1
C103322,2024-07-25,,West,18,Basic,Broadband,2 Year,UPI,816,0,4.5,26.2,4,0,0
C103323,2022-02-09,2025-08-02,West,18,Premium,Broadband,Month-to-Month,Credit Card,1661,4,4.0,75.0,3,0,1
C103324,2025-01-07,,East,39,Premium,5G,Month-to-Month,Credit Card,1736,1,3.5,101.1,0,0,0
C103325,2025-07-09,,West,24,Basic,5G,1 Year,UPI,1011,0,4.5,83.1,4,1,0
C103326,2024-03-10,,South,58,Standard,Broadband,Month-to-Month,Auto-debit,1082,0,3.3,93.3,2,0,0
C103327,2023-11-06,,West,52,Standard,Fiber,1 Year,UPI,1248,3,2.1,70.3,3,0,0
C103328,2025-03-23,,East,35,Premium,Fiber,Month-to-Month,UPI,1681,3,2.6,103.4,1,0,0
C103329,2025-06-15,,South,34,Standard,5G,Month-to-Month,Auto-debit,970,4,2.2,41.1,0,0,0
C103330,2025-12-08,,Central,56,Basic,Fiber,Month-to-Month,UPI,685,0,3.5,28.2,2,0,0
C103331,2025-04-25,,South,59,Standard,5G,1 Year,Auto-debit,1158,2,4.7,79.6,1,1,0
C103332,2024-09-29,2025-02-13,North,27,Basic,5G,Month-to-Month,Net Banking,478,1,3.2,44.4,0,0,1
C103333,2024-04-15,,South,25,Standard,Fiber,2 Year,Credit Card,1198,1,3.3,108.8,3,0,0
C103334,2022-07-07,,South,34,Basic,5G,Month-to-Month,UPI,898,2,3.4,39.7,4,0,0
C103335,2024-02-11,2025-09-19,South,43,Standard,Fiber,Month-to-Month,UPI,1259,1,2.6,97.9,4,1,1
C103336,2022-04-17,2022-12-06,East,32,Premium,Fiber,Month-to-Month,Auto-debit,1654,1,3.9,54.8,1,1,1
C103337,2023-12-08,,Central,43,Basic,Broadband,1 Year,UPI,649,2,3.8,27.5,3,0,0
C103338,2023-03-13,,South,61,Standard,5G,2 Year,Auto-debit,1219,0,4.8,84.1,2,0,0
C103339,2024-04-27,,East,21,Standard,Fiber,Month-to-Month,Auto-debit,1128,5,3.5,74.3,2,0,0
C103340,2023-12-18,,South,33,Basic,Fiber,Month-to-Month,Net Banking,801,2,3.6,63.9,3,2,0
C103341,2024-11-01,,West,21,Standard,Fiber,1 Year,UPI,948,1,3.4,132.7,1,0,0
C103342,2023-12-05,,North,28,Standard,Fiber,Month-to-Month,Net Banking,957,1,3.4,135.7,1,1,0
C103343,2023-11-27,,North,34,Basic,Fiber,1 Year,Net Banking,675,0,4.1,97.7,2,2,0
C103344,2025-01-06,,East,29,Premium,Fiber,1 Year,UPI,1871,4,3.0,293.1,3,2,0
C103345,2024-07-03,2025-02-25,West,44,Standard,Broadband,Month-to-Month,Auto-debit,965,2,3.2,61.7,2,0,1
C103346,2023-12-20,,West,40,Standard,Broadband,1 Year,UPI,939,5,1.9,232.7,1,0,0
C103347,2023-07-15,,East,42,Basic,Broadband,1 Year,Auto-debit,377,1,4.0,187.5,0,1,0
C103348,2023-09-10,,West,34,Basic,5G,Month-to-Month,UPI,679,2,3.5,23.1,2,1,0
C103349,2023-07-11,2024-11-07,South,35,Basic,5G,Month-to-Month,UPI,489,1,3.0,32.9,0,0,1
C103350,2025-02-18,,North,34,Premium,5G,Month-to-Month,Net Banking,1939,1,4.8,141.2,2,0,0
C103351,2025-02-07,,North,35,Premium,Broadband,1 Year,UPI,1723,2,3.6,132.4,3,1,0
C103352,2023-04-17,,North,43,Premium,5G,1 Year,UPI,1898,0,3.0,50.7,2,0,0
C103353,2024-11-09,,South,18,Basic,5G,Month-to-Month,UPI,689,2,4.0,27.5,2,1,0
C103354,2024-09-02,,East,41,Standard,Broadband,Month-to-Month,Auto-debit,944,1,3.1,82.1,1,1,0
C103355,2022-10-09,2024-09-01,South,28,Premium,5G,Month-to-Month,UPI,1933,0,3.7,105.8,1,0,1
C103356,2025-06-18,,East,34,Standard,Fiber,Month-to-Month,Net Banking,1261,0,3.7,100.5,4,0,0
C103357,2024-07-05,,East,19,Basic,Fiber,Month-to-Month,Credit Card,868,2,,117.6,4,0,0
C103358,2025-09-06,,West,34,Premium,5G,Month-to-Month,Credit Card,1741,0,4.0,63.3,0,0,0
C103359,2025-03-21,2025-10-09,West,41,Basic,Fiber,Month-to-Month,UPI,554,0,4.2,140.6,1,1,1
C103360,2022-04-29,,South,43,Basic,Fiber,1 Year,UPI,526,2,2.2,113.3,1,0,0
C103361,2022-08-09,,South,24,Premium,Fiber,1 Year,Auto-debit,1936,1,3.0,49.8,3,3,0
C103362,2024-09-22,,East,43,Standard,Fiber,Month-to-Month,Auto-debit,947,3,3.1,40.6,0,0,0
C103363,2022-07-27,,East,52,Basic,Broadband,1 Year,Auto-debit,797,1,3.0,36.1,3,1,0
C103364,2025-09-10,,South,32,Standard,Fiber,Month-to-Month,Net Banking,866,1,3.4,45.8,0,1,0
C103365,2025-02-04,,South,38,Premium,Fiber,Month-to-Month,Auto-debit,1935,0,4.5,157.7,4,1,0
C103366,2025-12-06,2025-12-26,West,18,Basic,5G,2 Year,Auto-debit,581,8,1.2,60.7,0,1,1
C103367,2023-10-17,,East,27,Standard,Fiber,Month-to-Month,Credit Card,1313,3,2.5,79.1,4,0,0
C103368,2025-12-18,,North,41,Basic,5G,Month-to-Month,Auto-debit,876,0,3.9,53.3,4,0,0
C103369,2025-10-02,,South,49,Basic,5G,Month-to-Month,UPI,803,1,2.1,41.4,3,0,0
C103370,2025-04-16,,Central,31,Standard,Fiber,1 Year,UPI,1259,0,4.5,89.9,4,0,0
C103371,2023-01-16,,North,70,Standard,5G,Month-to-Month,Credit Card,1212,2,3.4,191.8,2,1,0
C103372,2025-05-11,,West,42,Basic,Fiber,2 Year,Credit Card,753,2,3.4,13.4,3,0,0
C103373,2025-04-16,2025-05-28,North,23,Standard,5G,Month-to-Month,Credit Card,1339,1,3.2,74.4,3,0,1
C103374,2022-02-08,,East,53,Standard,Broadband,Month-to-Month,Credit Card,833,1,4.0,93.0,0,0,0
C103375,2024-04-26,,South,23,Standard,Broadband,Month-to-Month,Credit Card,1233,2,3.2,70.1,4,0,0
C103376,2024-09-15,,North,42,Standard,Fiber,1 Year,Auto-debit,1223,1,4.4,86.2,3,0,0
C103377,2023-03-31,,Central,27,Premium,5G,Month-to-Month,UPI,2011,2,2.3,214.7,2,0,0
C103378,2023-10-27,,South,22,Standard,Broadband,2 Year,UPI,921,0,3.8,56.9,1,0,0
C103379,2025-10-24,2025-12-05,Central,50,Standard,Broadband,2 Year,Net Banking,1075,4,2.8,222.4,3,2,1
C103380,2024-01-11,2025-12-02,South,35,Standard,Fiber,Month-to-Month,Net Banking,1282,0,4.0,35.1,4,3,1
C103381,2024-05-18,2025-12-22,West,59,Standard,5G,Month-to-Month,Auto-debit,971,2,4.3,100.5,0,0,1
C103382,2023-06-05,,Central,26,Basic,Fiber,Month-to-Month,UPI,878,1,2.6,43.9,4,0,0
C103383,2023-03-12,,East,19,Basic,Fiber,1 Year,UPI,604,0,2.8,50.4,2,0,0
C103384,2025-11-08,,North,32,Basic,5G,1 Year,Auto-debit,802,3,2.8,64.7,3,0,0
C103385,2025-02-17,,West,73,Basic,5G,Month-to-Month,UPI,465,0,2.5,32.5,0,0,0
C103386,2023-11-27,,East,48,Premium,Fiber,2 Year,Net Banking,1559,1,5.0,204.6,0,1,0
C103387,2025-01-28,2025-09-06,Central,45,Standard,Broadband,Month-to-Month,UPI,1052,2,4.0,197.9,3,1,1
C103388,2024-01-16,,South,45,Standard,5G,2 Year,Credit Card,1097,2,3.7,63.8,1,1,0
C103389,2025-03-02,,South,32,Standard,Broadband,2 Year,Auto-debit,929,5,3.1,56.9,1,0,0
C103390,2025-09-29,,North,71,Standard,Broadband,Month-to-Month,Credit Card,1069,1,4.4,138.8,3,0,0
C103391,2024-12-06,,West,43,Standard,Broadband,Month-to-Month,UPI,815,1,3.1,120.4,1,1,0
C103392,2023-10-04,,Central,42,Standard,Broadband,Month-to-Month,Auto-debit,1024,1,3.3,33.7,1,1,0
C103393,2023-09-05,,North,50,Standard,Fiber,2 Year,UPI,1063,1,3.8,97.2,1,0,0
C103394,2024-11-03,2025-05-04,West,23,Basic,Fiber,Month-to-Month,UPI,595,0,3.4,65.2,1,1,1
C103395,2024-06-04,,Central,27,Standard,Broadband,2 Year,Credit Card,1161,4,2.2,71.7,3,2,0
C103396,2022-12-30,2024-02-10,North,35,Standard,Fiber,Month-to-Month,Credit Card,923,2,2.9,156.1,0,0,1
C103397,2025-11-10,,North,50,Standard,Fiber,Month-to-Month,Net Banking,1309,2,3.6,33.0,4,1,0
C103398,2024-12-22,,West,22,Premium,5G,2 Year,UPI,2100,3,3.9,40.2,3,0,0
C103399,2025-09-15,,East,37,Premium,Fiber,Month-to-Month,UPI,1663,0,3.1,200.8,0,0,0
C103400,2023-09-20,,North,35,Standard,Fiber,1 Year,UPI,1141,0,3.7,49.1,2,0,0
C103401,2023-08-01,2024-08-26,West,19,Basic,5G,Month-to-Month,Auto-debit,534,2,3.3,43.5,0,0,1
C103402,2024-08-05,2025-02-02,East,32,Standard,Fiber,Month-to-Month,UPI,869,2,2.3,41.8,0,0,1
C103403,2024-06-13,,Central,45,Premium,5G,Month-to-Month,Auto-debit,2035,0,4.3,180.6,3,0,0
C103404,2025-03-31,2025-10-05,West,20,Premium,Fiber,Month-to-Month,UPI,1776,5,2.7,139.8,1,0,1
C103405,2022-07-31,,West,55,Premium,5G,1 Year,UPI,1979,1,3.1,110.4,2,1,0
C103406,2023-08-27,,East,44,Basic,Fiber,Month-to-Month,Net Banking,499,1,3.2,23.9,1,0,0
C103407,2025-01-22,,South,42,Standard,5G,Month-to-Month,UPI,1077,1,3.9,68.0,1,1,0
C103408,2025-04-21,2025-08-31,East,38,Premium,Fiber,Month-to-Month,Net Banking,1967,3,3.9,139.3,3,1,1
C103409,2025-06-25,,North,25,Standard,Fiber,1 Year,Auto-debit,1234,0,4.0,56.5,3,0,0
C103410,2025-04-15,,East,30,Standard,Broadband,2 Year,Auto-debit,806,2,4.6,57.5,0,0,0
C103411,2025-09-18,,North,42,Standard,Fiber,1 Year,Credit Card,1323,2,4.1,74.1,4,1,0
C103412,2022-10-08,,East,30,Standard,5G,2 Year,Net Banking,1193,0,4.2,103.2,2,0,0
C103413,2024-08-26,,North,40,Basic,Fiber,Month-to-Month,UPI,537,0,3.3,54.7,1,0,0
C103414,2025-04-26,,South,27,Basic,Fiber,Month-to-Month,Auto-debit,426,1,4.3,79.6,0,2,0
C103415,2022-09-14,2025-05-19,South,43,Premium,Fiber,Month-to-Month,UPI,1847,2,3.0,112.7,2,0,1
C103416,2024-09-23,,East,44,Premium,Broadband,Month-to-Month,UPI,1706,3,3.8,195.7,3,0,0
C103417,2024-07-31,2025-05-20,West,18,Premium,Fiber,1 Year,Credit Card,1637,2,1.8,65.8,0,0,1
C103418,2022-07-14,,North,39,Basic,Fiber,1 Year,UPI,580,2,3.0,54.0,1,1,0
C103419,2023-07-16,,West,20,Basic,5G,Month-to-Month,Net Banking,951,2,2.3,52.5,4,0,0
C103420,2025-06-15,,West,18,Basic,Fiber,2 Year,UPI,477,3,2.8,143.7,0,0,0
C103421,2024-04-25,,South,31,Premium,Broadband,Month-to-Month,UPI,1828,1,2.7,84.3,4,0,0
C103422,2025-02-22,,East,72,Standard,Broadband,1 Year,Net Banking,905,2,3.3,40.4,1,3,0
C103423,2022-09-13,,South,47,Premium,5G,Month-to-Month,Credit Card,1909,0,4.3,80.2,2,1,0
C103424,2025-09-30,2025-11-21,North,55,Basic,5G,1 Year,Auto-debit,787,1,3.1,32.2,3,0,1
C103425,2025-06-22,2025-10-21,East,45,Standard,Fiber,Month-to-Month,UPI,1338,1,3.3,90.5,4,0,1
C103426,2024-10-13,,North,40,Premium,Broadband,2 Year,UPI,1723,1,3.9,62.8,3,0,0
C103427,2025-08-21,,West,49,Basic,5G,2 Year,UPI,656,3,3.0,52.6,1,0,0
C103428,2023-12-17,,Central,30,Premium,Fiber,Month-to-Month,Credit Card,1590,1,4.7,120.0,0,1,0
C103429,2022-03-01,2024-08-28,West,44,Standard,Broadband,Month-to-Month,UPI,1105,3,2.6,116.4,3,2,1
C103430,2023-05-10,2025-10-07,East,52,Basic,Broadband,1 Year,Auto-debit,592,6,2.7,60.3,2,0,1
C103431,2025-05-12,,East,46,Basic,5G,1 Year,UPI,861,2,3.5,66.9,3,0,0
C103432,2024-01-30,2024-11-24,Central,53,Premium,Fiber,Month-to-Month,Auto-debit,2020,1,2.6,150.7,4,0,1
C103433,2025-06-02,,South,40,Standard,5G,1 Year,Credit Card,1411,4,2.9,132.1,4,0,0
C103434,2025-03-31,,North,58,Standard,Broadband,2 Year,Net Banking,996,2,3.2,35.0,2,0,0
C103435,2024-08-15,,East,36,Premium,5G,1 Year,UPI,2037,0,3.7,57.0,3,1,0
C103436,2022-10-17,,South,63,Standard,Fiber,Month-to-Month,UPI,1158,1,4.8,72.9,3,1,0
C103437,2024-12-26,,South,45,Premium,Fiber,2 Year,UPI,1558,2,4.4,123.0,0,0,0
C103438,2025-04-02,2025-11-07,North,33,Premium,Fiber,Month-to-Month,Credit Card,1715,0,3.5,70.7,1,0,1
C103439,2025-02-01,,East,24,Basic,Fiber,Month-to-Month,Credit Card,461,1,4.0,58.5,0,0,0
C103440,2024-02-19,,South,28,Standard,Broadband,2 Year,UPI,905,2,3.8,38.4,1,0,0
C103441,2025-05-26,,North,26,Basic,Fiber,Month-to-Month,UPI,497,0,3.9,38.7,0,1,0
C103442,2025-11-03,,North,37,Basic,Fiber,Month-to-Month,Auto-debit,859,1,2.8,43.8,4,1,0
C103443,2023-12-17,,South,23,Standard,Broadband,1 Year,UPI,1181,0,3.1,98.1,4,1,0
C103444,2022-10-31,,West,54,Premium,5G,2 Year,UPI,2037,3,3.6,91.6,3,0,0
C103445,2023-02-20,,South,39,Basic,Fiber,Month-to-Month,UPI,667,1,3.9,81.2,2,1,0
C103446,2025-01-19,2025-08-17,West,39,Standard,Broadband,Month-to-Month,UPI,784,3,2.9,170.7,0,0,1
C103447,2022-08-15,2023-07-06,West,24,Standard,Fiber,Month-to-Month,Credit Card,1159,3,4.0,159.0,2,1,1
C103448,2023-10-14,,South,29,Basic,Broadband,Month-to-Month,Net Banking,399,4,3.8,109.2,0,0,0
C103449,2022-04-18,,West,18,Premium,Fiber,Month-to-Month,Net Banking,1619,6,3.5,201.0,0,2,0
C103450,2023-02-12,2024-12-25,West,57,Premium,5G,Month-to-Month,Net Banking,1716,2,4.5,160.4,0,3,1
C103451,2023-11-24,,East,21,Basic,5G,2 Year,UPI,739,1,3.5,30.4,2,2,0
C103452,2023-10-23,,North,22,Basic,Fiber,1 Year,UPI,813,1,2.6,33.4,3,0,0
C103453,2022-11-08,,North,55,Premium,5G,2 Year,Auto-debit,1892,2,3.3,189.5,2,0,0
C103454,2025-05-28,,Central,43,Basic,Fiber,2 Year,UPI,772,3,3.0,18.2,3,0,0
C103455,2022-04-14,,West,39,Basic,5G,2 Year,UPI,692,1,3.1,85.7,2,0,0
C103456,2025-10-04,,Central,42,Premium,Fiber,1 Year,Credit Card,2016,0,3.7,87.1,4,0,0
C103457,2023-11-04,2025-10-19,Central,49,Premium,Broadband,Month-to-Month,Net Banking,1516,1,2.9,90.3,1,1,1
C103458,2023-12-30,,North,39,Standard,5G,2 Year,UPI,1008,1,,108.6,1,0,0
C103459,2025-02-15,,West,19,Standard,5G,Month-to-Month,Auto-debit,1029,2,4.4,84.8,0,0,0
C103460,2024-12-30,,South,47,Premium,Fiber,Month-to-Month,UPI,1752,2,5.0,95.6,1,0,0
C103461,2025-01-07,,West,43,Standard,5G,Month-to-Month,Auto-debit,1048,1,3.7,46.7,0,0,0
C103462,2024-04-17,2024-12-08,North,52,Standard,5G,Month-to-Month,UPI,961,2,3.2,34.8,0,0,1
C103463,2024-03-22,2025-10-08,South,23,Premium,Fiber,Month-to-Month,Net Banking,2004,1,3.7,40.0,4,2,1
C103464,2024-03-17,,West,29,Standard,5G,1 Year,UPI,1175,0,4.8,153.2,2,2,0
C103465,2022-05-17,2024-05-07,West,43,Standard,Fiber,Month-to-Month,Auto-debit,1139,3,4.0,66.1,3,1,1
C103466,2025-05-30,2025-10-15,East,27,Basic,Fiber,Month-to-Month,Credit Card,533,0,3.6,28.4,1,0,1
C103467,2025-10-26,,South,18,Standard,5G,Month-to-Month,Auto-debit,1252,1,4.4,107.3,3,1,0
C103468,2024-11-17,,South,40,Standard,Fiber,2 Year,Auto-debit,1130,0,3.9,49.9,2,0,0
C103469,2022-07-26,,Central,49,Basic,Fiber,Month-to-Month,Credit Card,790,1,3.0,30.2,4,0,0
C103470,2024-12-07,,South,36,Standard,5G,Month-to-Month,UPI,1257,0,3.7,133.6,3,0,0
C103471,2024-03-25,,South,45,Premium,5G,1 Year,UPI,1926,0,5.0,170.8,2,1,0
C103472,2024-09-27,,East,43,Standard,Fiber,2 Year,Auto-debit,1247,0,4.3,80.8,3,2,0
C103473,2022-04-08,,South,38,Basic,Fiber,Month-to-Month,Auto-debit,867,1,3.2,33.5,3,0,0
C103474,2023-05-18,,East,40,Basic,5G,1 Year,UPI,907,2,4.0,49.7,4,0,0
C103475,2025-11-30,,South,54,Basic,5G,Month-to-Month,UPI,655,0,4.3,59.1,2,3,0
C103476,2025-11-28,,West,26,Premium,5G,2 Year,UPI,2118,3,3.0,134.2,4,0,0
C103477,2023-01-23,,Central,47,Standard,5G,1 Year,UPI,1025,3,2.5,135.3,0,0,0
C103478,2025-02-14,,Central,24,Basic,Broadband,1 Year,UPI,345,4,2.0,26.8,0,0,0
C103479,2022-11-24,2025-03-22,East,28,Premium,Broadband,Month-to-Month,Auto-debit,1542,3,2.1,103.6,1,0,1
C103480,2024-06-21,,South,52,Basic,Fiber,1 Year,UPI,866,3,2.6,58.4,4,0,0
C103481,2024-06-07,,West,23,Basic,Fiber,Month-to-Month,Auto-debit,850,3,2.9,33.2,4,2,0
C103482,2022-03-04,2024-01-19,West,35,Premium,Fiber,Month-to-Month,Auto-debit,1739,1,4.6,189.9,2,2,1
C103483,2022-10-15,,East,66,Standard,Fiber,1 Year,UPI,1154,3,3.6,144.2,2,2,0
C103484,2023-03-10,,West,50,Standard,Fiber,1 Year,Credit Card,1086,1,3.7,75.9,2,0,0
C103485,2022-09-21,2023-08-25,West,29,Premium,Broadband,Month-to-Month,Credit Card,1504,2,2.2,142.8,1,0,1
C103486,2022-09-18,,West,31,Premium,Fiber,2 Year,UPI,1801,1,4.0,,2,0,0
C103487,2022-12-02,2025-10-13,West,36,Basic,Fiber,Month-to-Month,Net Banking,791,4,1.6,38.2,4,1,1
C103488,2023-05-22,,North,54,Premium,5G,1 Year,Credit Card,2037,2,4.1,224.0,3,0,0
C103489,2025-03-23,2025-11-25,East,26,Standard,Broadband,Month-to-Month,UPI,751,2,3.9,48.5,0,2,1
C103490,2025-07-04,,East,25,Basic,Fiber,Month-to-Month,Auto-debit,532,1,3.6,66.9,1,1,0
C103491,2025-09-11,2025-11-05,North,47,Premium,Broadband,2 Year,UPI,1713,5,3.3,92.2,3,0,1
C103492,2025-06-25,,West,18,Standard,Broadband,Month-to-Month,UPI,1025,4,3.5,48.3,2,1,0
C103493,2024-07-17,,East,27,Premium,5G,2 Year,Auto-debit,2045,2,3.6,195.2,3,1,0
C103494,2025-05-05,,North,37,Standard,5G,Month-to-Month,UPI,1260,2,3.2,104.4,3,0,0
C103495,2024-07-21,2025-07-02,West,38,Standard,5G,1 Year,UPI,1072,2,2.4,53.2,1,1,1
C103496,2025-02-02,,West,22,Basic,Fiber,Month-to-Month,UPI,630,1,3.3,40.7,2,1,0
C103497,2022-10-04,,West,42,Premium,5G,1 Year,UPI,1663,1,3.1,110.8,0,1,0
C103498,2024-01-23,,South,45,Standard,Fiber,2 Year,Credit Card,1219,2,2.6,82.9,3,3,0
C103499,2023-07-16,,West,30,Basic,5G,1 Year,Net Banking,630,2,2.8,34.6,2,1,0
C103500,2025-05-23,,South,58,Basic,Broadband,Month-to-Month,UPI,501,4,1.4,105.4,1,0,0
C103501,2025-07-15,,East,42,Standard,Fiber,1 Year,Credit Card,1157,2,4.0,42.3,3,0,0
C103502,2022-10-26,,North,26,Basic,5G,1 Year,UPI,846,1,3.7,20.7,4,0,0
C103503,2022-09-10,,East,57,Standard,Fiber,Month-to-Month,UPI,1342,2,4.1,69.5,4,0,0
C103504,2025-10-28,,West,32,Standard,Fiber,1 Year,Auto-debit,920,1,4.1,27.3,0,0,0
C103505,2025-03-13,,East,40,Basic,5G,1 Year,Auto-debit,819,0,4.1,30.0,4,1,0
C103506,2024-09-17,,East,32,Standard,Fiber,1 Year,Net Banking,1094,2,3.9,53.7,2,3,0
C103507,2023-10-25,,West,45,Basic,Broadband,Month-to-Month,UPI,409,4,2.9,44.6,0,0,0
C103508,2025-10-10,,West,32,Premium,Fiber,Month-to-Month,Credit Card,1683,1,4.7,106.8,1,0,0
C103509,2024-03-07,,South,33,Premium,Broadband,2 Year,Auto-debit,1484,2,3.1,132.7,1,0,0
C103510,2025-12-14,,Central,36,Basic,Fiber,1 Year,Auto-debit,568,0,3.8,29.9,1,0,0
C103511,2025-08-20,2025-11-05,West,32,Standard,Fiber,Month-to-Month,Net Banking,1218,1,3.4,61.0,3,1,1
C103512,2024-10-20,,Central,51,Standard,Broadband,2 Year,Credit Card,957,3,4.5,98.4,2,2,0
C103513,2024-01-22,,Central,23,Premium,5G,Month-to-Month,UPI,2047,0,3.6,37.9,3,0,0
C103514,2023-11-15,,Central,38,Basic,Fiber,Month-to-Month,UPI,843,1,4.5,54.6,4,0,0
C103515,2025-05-13,2025-12-17,West,39,Standard,Broadband,1 Year,UPI,868,2,2.3,25.2,0,0,1
C103516,2023-09-30,,East,37,Premium,Fiber,1 Year,UPI,2001,3,3.3,118.5,4,0,0
C103517,2022-08-11,,North,50,Basic,Fiber,2 Year,UPI,464,2,3.2,57.3,0,0,0
C103518,2024-10-14,,East,20,Standard,5G,1 Year,Credit Card,1009,0,3.1,86.0,0,0,0
C103519,2025-03-13,,West,45,Basic,5G,Month-to-Month,Credit Card,486,1,3.1,32.4,0,0,0
C103520,2025-01-23,,East,23,Standard,5G,Month-to-Month,Credit Card,970,1,3.9,83.8,0,0,0
C103521,2024-08-28,2025-06-07,West,32,Basic,Broadband,Month-to-Month,Credit Card,516,4,2.6,27.6,1,0,1
C103522,2025-01-15,,North,22,Premium,5G,2 Year,UPI,2163,0,3.3,235.3,4,0,0
C103523,2023-04-05,,South,34,Standard,Fiber,Month-to-Month,Credit Card,1299,0,4.4,111.7,3,0,0
C103524,2025-05-25,,East,31,Basic,Fiber,Month-to-Month,Auto-debit,687,3,3.0,27.5,2,0,0
C103525,2025-11-16,,South,58,Premium,Fiber,Month-to-Month,Credit Card,2035,0,4.2,234.7,4,0,0
C103526,2024-03-12,,North,41,Premium,5G,Month-to-Month,Auto-debit,1975,1,4.5,130.0,2,1,0
C103527,2024-01-10,,North,43,Standard,Fiber,Month-to-Month,UPI,891,4,3.9,41.9,0,0,0
C103528,2024-03-20,2025-08-01,West,25,Standard,5G,1 Year,Net Banking,948,4,1.2,132.1,0,2,1
C103529,2025-08-22,2025-11-02,East,47,Basic,5G,Month-to-Month,Credit Card,657,2,3.2,100.6,2,0,1
C103530,2024-08-20,2025-09-01,North,58,Standard,Broadband,2 Year,Net Banking,926,1,2.4,64.9,1,1,1
C103531,2025-09-01,,North,48,Basic,Fiber,2 Year,Auto-debit,615,1,5.0,53.1,1,2,0
C103532,2023-11-09,,East,22,Basic,Fiber,Month-to-Month,Credit Card,587,0,3.9,43.9,1,0,0
C103533,2022-12-22,,North,32,Premium,Broadband,2 Year,Auto-debit,1491,2,4.2,157.5,1,0,0
C103534,2025-01-15,,West,39,Standard,5G,Month-to-Month,Auto-debit,1462,0,3.4,109.7,4,2,0
C103535,2023-04-15,2025-11-17,West,31,Basic,5G,Month-to-Month,Auto-debit,481,3,2.8,72.4,0,1,1
C103536,2024-03-13,,South,68,Basic,5G,Month-to-Month,UPI,453,2,4.1,17.6,0,0,0
C103537,2023-04-09,,East,32,Premium,Broadband,2 Year,UPI,1508,2,3.9,91.0,1,1,0
C103538,2025-07-12,,North,37,Basic,Fiber,1 Year,Auto-debit,808,2,,71.7,3,0,0
C103539,2025-10-28,,South,31,Basic,Broadband,Month-to-Month,Net Banking,464,1,3.0,31.2,1,0,0
C103540,2024-07-12,,Central,41,Basic,Fiber,1 Year,Auto-debit,490,1,3.4,52.6,1,0,0
C103541,2023-12-28,,East,55,Basic,Broadband,1 Year,UPI,698,2,3.7,28.0,3,1,0
C103542,2023-02-06,,Central,39,Basic,Fiber,1 Year,Auto-debit,787,1,4.0,62.1,3,0,0
C103543,2025-10-20,,South,35,Premium,Fiber,Month-to-Month,Auto-debit,1787,0,4.3,120.2,3,0,0
C103544,2024-04-05,,South,25,Basic,Fiber,2 Year,Auto-debit,795,1,2.6,59.8,3,1,0
C103545,2024-11-15,,East,53,Standard,Broadband,1 Year,Net Banking,1041,1,2.9,89.8,3,1,0
C103546,2024-06-22,,East,36,Standard,Broadband,Month-to-Month,UPI,1026,1,3.8,36.5,2,0,0
C103547,2025-09-04,,Central,36,Standard,Fiber,2 Year,Net Banking,1037,2,2.2,210.1,2,1,0
C103548,2025-05-08,2025-07-07,North,18,Standard,Fiber,Month-to-Month,Net Banking,1157,3,2.4,38.3,3,2,1
C103549,2022-08-14,,West,36,Standard,Fiber,1 Year,UPI,1043,3,3.1,255.4,1,1,0
C103550,2024-09-12,2025-08-25,West,33,Standard,Fiber,1 Year,UPI,1066,0,3.3,25.0,1,0,1
C103551,2024-02-08,,East,18,Standard,Broadband,Month-to-Month,Auto-debit,898,0,4.0,76.3,1,1,0
C103552,2022-05-31,,South,50,Premium,Fiber,Month-to-Month,UPI,2101,0,3.9,58.3,4,1,0
C103553,2024-10-09,,East,32,Standard,Broadband,1 Year,Credit Card,758,3,2.5,165.3,0,0,0
C103554,2025-04-25,,South,61,Premium,Broadband,2 Year,Net Banking,1457,0,3.5,71.0,1,1,0
C103555,2023-01-18,,West,55,Basic,Fiber,2 Year,Auto-debit,447,4,3.7,25.6,0,0,0
C103556,2024-09-02,,East,29,Standard,5G,1 Year,Net Banking,1084,0,4.1,75.0,1,0,0
C103557,2024-02-24,,Central,54,Standard,Broadband,Month-to-Month,UPI,909,3,3.2,150.7,1,3,0
C103558,2025-05-01,,East,57,Basic,Broadband,Month-to-Month,UPI,567,1,3.6,81.9,2,1,0
C103559,2023-11-30,,East,31,Premium,5G,1 Year,UPI,2167,1,3.1,105.5,4,0,0
C103560,2025-05-06,,West,26,Basic,Fiber,Month-to-Month,UPI,679,0,,37.7,2,1,0
C103561,2025-07-26,,East,18,Basic,Fiber,1 Year,Auto-debit,919,1,1.9,57.4,4,1,0
C103562,2022-08-12,2024-03-21,Central,43,Premium,Broadband,Month-to-Month,UPI,1478,3,2.8,114.5,1,1,1
C103563,2023-08-06,,North,26,Basic,Fiber,Month-to-Month,UPI,769,1,3.1,46.0,3,0,0
C103564,2025-03-17,,Central,43,Standard,5G,1 Year,Auto-debit,1023,1,3.9,68.7,0,0,0
C103565,2025-06-14,,West,31,Basic,5G,1 Year,UPI,795,2,2.9,60.0,3,1,0
C103566,2022-09-28,,West,29,Premium,5G,1 Year,UPI,2037,3,3.8,147.7,3,0,0
C103567,2024-08-07,,East,31,Standard,Fiber,Month-to-Month,Credit Card,1133,0,3.6,157.7,3,1,0
C103568,2022-12-17,,West,22,Standard,Fiber,2 Year,UPI,1318,2,3.4,53.6,4,3,0
C103569,2025-08-02,,South,31,Premium,Broadband,Month-to-Month,UPI,1720,3,3.2,85.4,3,1,0
C103570,2025-12-14,,West,29,Standard,Fiber,1 Year,Auto-debit,1115,2,3.8,70.4,2,0,0
C103571,2025-10-04,,North,38,Premium,Fiber,1 Year,Auto-debit,1875,1,4.6,,3,0,0
C103572,2023-12-24,,South,39,Premium,Broadband,Month-to-Month,Auto-debit,1431,1,3.1,181.5,1,0,0
C103573,2025-05-27,,South,25,Standard,5G,1 Year,Net Banking,1116,0,5.0,43.5,1,0,0
C103574,2025-11-15,,South,51,Premium,5G,1 Year,UPI,2146,1,3.2,222.5,4,0,0
C103575,2023-05-05,,South,36,Standard,Broadband,Month-to-Month,Auto-debit,1251,1,3.4,63.9,4,0,0
C103576,2023-07-11,,West,56,Basic,5G,1 Year,Credit Card,837,2,2.9,79.8,4,1,0
C103577,2025-04-18,,South,41,Basic,Broadband,Month-to-Month,UPI,677,3,4.1,156.8,3,0,0
C103578,2023-01-10,,West,39,Standard,Broadband,2 Year,UPI,845,5,1.8,123.1,1,2,0
C103579,2022-08-01,,North,32,Basic,Fiber,Month-to-Month,Credit Card,599,3,3.6,60.4,1,1,0
C103580,2025-01-28,2025-09-24,West,45,Standard,Fiber,Month-to-Month,UPI,1067,1,2.0,128.7,1,2,1
C103581,2023-06-12,,West,38,Basic,Fiber,1 Year,UPI,734,3,3.6,38.2,2,3,0
C103582,2022-10-06,,South,48,Standard,5G,Month-to-Month,UPI,1119,1,3.4,84.1,1,0,0
C103583,2025-12-15,,West,57,Basic,5G,2 Year,Credit Card,827,0,3.5,31.6,3,1,0
C103584,2024-07-18,,Central,29,Premium,5G,Month-to-Month,UPI,1766,3,2.8,87.0,0,1,0
C103585,2023-06-12,2024-11-17,West,45,Basic,Broadband,Month-to-Month,Credit Card,818,2,3.3,51.6,4,0,1
C103586,2024-11-09,,South,45,Basic,5G,Month-to-Month,UPI,699,0,3.6,46.4,2,0,0
C103587,2025-08-18,,East,43,Standard,Broadband,Month-to-Month,Credit Card,923,0,2.8,91.4,1,1,0
C103588,2024-12-14,2025-09-03,West,33,Standard,5G,Month-to-Month,UPI,1282,1,3.0,78.8,2,0,1
C103589,2024-10-02,,South,33,Standard,5G,Month-to-Month,Credit Card,1205,2,3.9,64.0,2,0,0
C103590,2025-11-03,2025-12-03,West,31,Standard,Fiber,Month-to-Month,Net Banking,1118,0,3.5,117.0,2,1,1
C103591,2025-08-13,,South,31,Basic,5G,Month-to-Month,Net Banking,606,1,3.0,32.5,1,0,0
C103592,2024-02-09,2025-01-09,West,28,Premium,5G,Month-to-Month,UPI,1842,6,2.5,133.7,1,1,1
C103593,2025-02-02,,North,37,Standard,Fiber,Month-to-Month,Credit Card,1028,2,3.6,130.8,1,1,0
C103594,2023-11-23,,North,29,Basic,Broadband,Month-to-Month,Auto-debit,392,2,3.8,63.0,0,1,0
C103595,2023-11-11,,Central,43,Standard,5G,Month-to-Month,UPI,1144,1,3.8,72.6,1,0,0
C103596,2025-02-09,,West,39,Standard,Fiber,Month-to-Month,Credit Card,1159,4,3.6,30.0,2,0,0
C103597,2022-12-27,,Central,40,Standard,Broadband,Month-to-Month,Credit Card,886,0,3.8,62.2,0,0,0
C103598,2025-07-29,,Central,35,Standard,Fiber,Month-to-Month,Auto-debit,1116,0,3.6,213.2,2,1,0
C103599,2025-12-13,,South,39,Standard,5G,Month-to-Month,Credit Card,1208,0,,65.1,2,0,0
C103600,2024-02-03,,South,35,Standard,5G,2 Year,Auto-debit,1009,3,2.6,73.5,0,1,0
C103601,2025-09-11,,North,47,Basic,Fiber,Month-to-Month,Net Banking,665,1,3.3,48.1,2,4,0
C103602,2024-04-29,2025-12-15,East,33,Basic,5G,Month-to-Month,Credit Card,841,0,2.7,54.8,3,1,1
C103603,2024-07-06,,South,43,Premium,Fiber,1 Year,UPI,1841,5,4.0,85.0,3,0,0
C103604,2025-05-19,,Central,22,Standard,Fiber,Month-to-Month,Credit Card,1036,3,4.5,107.7,1,0,0
C103605,2023-08-08,,North,47,Standard,5G,Month-to-Month,UPI,1277,1,3.4,90.4,2,0,0
C103606,2023-04-30,,North,31,Basic,Fiber,1 Year,Credit Card,513,1,4.1,18.7,0,2,0
C103607,2025-02-24,,South,27,Standard,Broadband,1 Year,UPI,948,3,3.5,20.7,1,0,0
C103608,2023-02-21,,North,24,Basic,Fiber,2 Year,Net Banking,790,1,3.7,33.8,3,3,0
C103609,2024-04-15,,South,23,Basic,Fiber,2 Year,Auto-debit,633,1,4.4,24.1,2,0,0
C103610,2023-10-14,,East,32,Basic,Broadband,1 Year,Auto-debit,765,2,2.4,51.6,4,0,0
C103611,2023-03-08,,South,56,Standard,5G,1 Year,UPI,1266,1,3.4,61.1,3,0,0
C103612,2024-05-07,,East,30,Standard,5G,Month-to-Month,Auto-debit,1349,1,2.1,93.2,4,1,0
C103613,2024-07-17,,Central,18,Basic,5G,2 Year,Auto-debit,735,1,2.8,56.3,2,0,0
C103614,2023-08-03,,East,42,Basic,Broadband,1 Year,Auto-debit,458,4,1.7,26.7,0,0,0
C103615,2023-11-28,2024-06-06,West,25,Standard,Fiber,Month-to-Month,Net Banking,1134,2,2.0,61.4,2,1,1
C103616,2025-04-14,,South,48,Standard,Fiber,Month-to-Month,UPI,1347,1,3.2,55.9,4,0,0
C103617,2024-11-25,,North,33,Standard,Broadband,1 Year,Auto-debit,811,3,3.3,117.5,0,2,0
C103618,2025-04-07,,South,35,Basic,Fiber,Month-to-Month,Credit Card,878,2,2.8,40.5,4,0,0
C103619,2025-08-16,,Central,52,Standard,5G,2 Year,Net Banking,914,1,3.2,137.8,0,0,0
C103620,2023-09-28,,East,45,Premium,5G,Month-to-Month,UPI,2058,1,3.2,226.6,3,1,0
C103621,2022-12-10,,South,23,Standard,5G,2 Year,UPI,1378,0,3.9,68.9,4,2,0
C103622,2023-10-22,2025-07-07,South,25,Basic,Broadband,Month-to-Month,UPI,496,2,2.9,32.9,1,2,1
C103623,2022-09-16,2024-03-09,West,18,Standard,Broadband,1 Year,Credit Card,907,1,2.8,47.6,1,0,1
C103624,2024-07-07,,West,69,Basic,Fiber,Month-to-Month,Credit Card,826,1,4.2,63.1,4,0,0
C103625,2023-11-07,,East,28,Basic,5G,Month-to-Month,Auto-debit,555,1,2.9,42.1,1,0,0
C103626,2022-09-19,2024-06-26,Central,52,Basic,5G,Month-to-Month,UPI,766,0,2.9,30.7,3,1,1
C103627,2022-09-05,2025-08-12,West,32,Premium,Fiber,Month-to-Month,UPI,1551,3,3.8,184.7,0,1,1
C103628,2023-07-04,2025-04-04,East,25,Standard,Broadband,Month-to-Month,UPI,1050,1,2.4,116.5,3,1,1
C103629,2024-10-04,,North,38,Premium,5G,2 Year,UPI,1906,2,4.4,73.4,2,1,0
C103630,2022-10-08,,North,34,Standard,Fiber,Month-to-Month,Credit Card,1059,1,2.8,88.3,2,1,0
C103631,2025-10-07,2025-12-11,Central,48,Standard,Broadband,1 Year,Net Banking,1117,3,3.1,98.9,3,1,1
C103632,2025-05-07,,East,48,Basic,Broadband,1 Year,Auto-debit,561,0,3.1,103.5,2,0,0
C103633,2025-04-19,,South,31,Standard,Fiber,Month-to-Month,UPI,1141,2,3.3,67.9,3,1,0
C103634,2025-09-26,,East,21,Basic,Broadband,2 Year,UPI,581,2,2.9,44.2,2,0,0
C103635,2023-04-13,,North,24,Standard,Fiber,1 Year,Auto-debit,1270,1,2.9,102.6,4,0,0
C103636,2024-12-31,,West,18,Basic,Fiber,1 Year,UPI,715,2,2.2,83.4,2,0,0
C103637,2025-01-31,,North,35,Basic,Fiber,2 Year,Net Banking,563,2,2.9,54.0,1,1,0
C103638,2022-07-26,,West,38,Standard,Broadband,1 Year,Credit Card,1136,3,3.4,82.5,4,3,0
C103639,2022-04-06,,East,24,Basic,Fiber,2 Year,Auto-debit,581,1,4.0,33.4,1,0,0
C103640,2024-10-08,,South,23,Basic,Fiber,Month-to-Month,UPI,858,0,3.3,37.6,4,0,0
C103641,2025-11-08,,North,38,Premium,5G,Month-to-Month,Auto-debit,2135,0,3.5,109.5,4,1,0
C103642,2022-07-01,,West,30,Basic,5G,1 Year,Auto-debit,760,0,3.7,62.8,2,1,0
C103643,2023-10-07,,North,35,Basic,Fiber,Month-to-Month,UPI,618,2,3.3,55.3,2,1,0
C103644,2024-10-09,,North,34,Basic,Fiber,1 Year,Credit Card,599,0,3.8,31.3,1,0,0
C103645,2025-10-24,,West,41,Basic,Broadband,Month-to-Month,Credit Card,779,2,3.0,67.6,4,0,0
C103646,2022-08-09,2024-10-12,South,31,Standard,5G,Month-to-Month,UPI,1097,3,2.8,67.7,1,0,1
C103647,2025-05-21,,South,32,Basic,Broadband,2 Year,Auto-debit,666,0,3.6,40.9,3,0,0
C103648,2022-03-10,,South,18,Standard,Fiber,Month-to-Month,UPI,1287,3,1.4,108.2,4,0,0
C103649,2024-05-07,,West,37,Standard,5G,Month-to-Month,UPI,981,2,3.0,115.2,0,2,0
C103650,2022-05-13,,South,39,Basic,Broadband,1 Year,UPI,323,3,3.6,52.6,0,2,0
C103651,2022-11-30,,North,36,Premium,Fiber,1 Year,Credit Card,2019,0,5.0,300.6,4,2,0
C103652,2024-08-27,,South,61,Premium,Fiber,2 Year,Auto-debit,2009,2,4.3,46.2,4,0,0
C103653,2024-07-30,,North,40,Basic,Fiber,Month-to-Month,Net Banking,498,3,3.1,71.7,1,0,0
C103654,2022-10-09,2025-02-12,South,36,Basic,Fiber,2 Year,Net Banking,584,2,2.5,26.8,1,1,1
C103655,2024-06-03,,North,44,Basic,Fiber,1 Year,UPI,814,2,2.9,43.8,3,0,0
C103656,2024-09-09,,North,63,Basic,Broadband,2 Year,Net Banking,570,3,2.5,44.8,2,1,0
C103657,2024-05-17,2025-11-15,South,41,Standard,5G,Month-to-Month,Credit Card,1066,1,2.6,71.9,1,0,1
C103658,2022-11-13,2025-10-20,West,18,Standard,5G,Month-to-Month,Credit Card,1142,2,2.6,46.9,1,1,1
C103659,2024-09-13,,North,43,Standard,Fiber,Month-to-Month,Credit Card,1133,1,3.0,37.5,2,0,0
C103660,2024-02-16,,North,27,Basic,5G,1 Year,Auto-debit,592,2,2.3,17.0,1,0,0
C103661,2025-10-12,,Central,18,Basic,5G,Month-to-Month,Net Banking,729,0,4.5,40.0,2,1,0
C103662,2023-11-20,2025-10-31,Central,58,Premium,Broadband,Month-to-Month,Net Banking,1707,3,3.7,126.7,3,1,1
C103663,2024-07-27,2025-10-01,West,56,Premium,5G,1 Year,Credit Card,1905,1,3.7,159.4,1,1,1
C103664,2025-09-27,,South,27,Basic,Broadband,Month-to-Month,UPI,596,2,3.6,79.4,2,1,0
C103665,2025-02-23,2025-04-20,South,27,Standard,Fiber,Month-to-Month,Credit Card,1332,1,3.8,112.7,4,0,1
C103666,2024-06-25,2025-06-28,North,40,Standard,5G,Month-to-Month,Net Banking,1241,1,3.0,121.3,2,1,1
C103667,2025-04-17,,North,27,Standard,Broadband,2 Year,Net Banking,701,4,4.1,44.9,0,4,0
C103668,2024-07-18,,South,36,Standard,5G,1 Year,Net Banking,1341,1,3.0,128.6,3,1,0
C103669,2024-05-11,,East,29,Premium,5G,1 Year,UPI,1927,3,2.1,142.8,2,2,0
C103670,2024-02-22,,South,33,Basic,Broadband,2 Year,UPI,716,0,3.9,23.2,3,0,0
C103671,2024-01-14,,East,21,Basic,Broadband,1 Year,UPI,466,3,3.4,75.9,0,1,0
C103672,2024-07-14,,South,48,Premium,Fiber,Month-to-Month,Net Banking,1894,0,3.8,76.2,3,0,0
C103673,2023-10-12,,South,52,Basic,Fiber,1 Year,Auto-debit,738,1,4.4,26.5,3,0,0
C103674,2023-10-01,,West,37,Basic,5G,2 Year,Credit Card,497,2,3.4,96.0,0,0,0
C103675,2024-12-02,2025-06-21,West,38,Standard,Broadband,Month-to-Month,Net Banking,939,4,2.2,83.4,2,0,1
C103676,2024-03-21,,South,46,Standard,5G,1 Year,Net Banking,1285,1,3.1,43.9,2,0,0
C103677,2022-10-12,2023-12-07,East,38,Standard,Fiber,Month-to-Month,UPI,1115,0,3.9,56.6,2,1,1
C103678,2024-09-16,,South,59,Standard,5G,2 Year,UPI,1362,1,3.6,125.6,3,1,0
C103679,2023-11-09,,North,22,Standard,Fiber,1 Year,UPI,1203,1,4.4,40.6,3,1,0
C103680,2025-09-05,,West,48,Basic,Fiber,2 Year,Auto-debit,856,0,4.4,41.4,4,0,0
C103681,2025-07-17,,North,37,Standard,Fiber,1 Year,UPI,1254,0,2.7,68.9,3,0,0
C103682,2024-02-23,,South,25,Standard,Fiber,Month-to-Month,Credit Card,974,2,3.2,288.7,1,1,0
C103683,2022-04-02,,East,65,Premium,5G,Month-to-Month,UPI,2141,2,2.6,57.1,4,1,0
C103684,2025-09-12,,North,67,Basic,Fiber,2 Year,Net Banking,693,0,4.8,21.9,2,2,0
C103685,2022-11-30,,North,36,Basic,Fiber,Month-to-Month,UPI,846,1,2.9,33.4,4,0,0
C103686,2023-06-15,,South,43,Premium,5G,Month-to-Month,Auto-debit,1927,0,4.1,86.0,2,0,0
C103687,2024-07-04,,Central,32,Basic,Fiber,1 Year,UPI,602,4,2.3,45.2,1,2,0
C103688,2022-10-09,,East,34,Basic,Fiber,Month-to-Month,Auto-debit,812,5,1.2,35.1,3,0,0
C103689,2025-06-22,2025-08-22,South,24,Premium,Fiber,Month-to-Month,Credit Card,1968,1,2.9,180.8,3,1,1
C103690,2025-07-11,,North,23,Standard,Fiber,Month-to-Month,Credit Card,892,1,3.4,77.3,0,0,0
C103691,2025-11-02,,East,60,Basic,5G,Month-to-Month,Net Banking,476,0,4.2,27.4,0,0,0
C103692,2025-10-06,,North,38,Basic,Fiber,1 Year,Credit Card,737,0,4.2,39.4,3,2,0
C103693,2024-01-06,,East,39,Basic,Fiber,Month-to-Month,UPI,488,0,2.9,38.8,0,0,0
C103694,2025-04-27,,West,28,Premium,Fiber,Month-to-Month,Net Banking,1759,1,4.0,209.8,2,2,0
C103695,2022-02-22,,South,40,Standard,Fiber,2 Year,Credit Card,1071,0,4.5,114.1,2,1,0
C103696,2022-07-14,,South,20,Basic,Fiber,Month-to-Month,Credit Card,628,3,3.4,63.5,2,0,0
C103697,2025-06-28,,North,29,Basic,Fiber,1 Year,Net Banking,619,1,3.3,30.9,2,2,0
C103698,2024-06-02,,North,24,Basic,Fiber,Month-to-Month,Net Banking,890,3,3.1,52.0,4,0,0
C103699,2023-04-12,2025-03-04,South,54,Basic,Fiber,Month-to-Month,UPI,690,2,3.4,25.0,2,1,1
C103700,2023-09-24,,Central,18,Basic,Broadband,1 Year,UPI,776,1,4.5,61.6,4,2,0
C103701,2025-02-18,,South,24,Standard,Fiber,1 Year,UPI,1109,1,4.7,136.1,2,0,0
C103702,2024-11-04,,East,18,Basic,Fiber,2 Year,Credit Card,555,1,4.0,15.7,2,1,0
C103703,2023-08-02,2024-03-22,West,27,Basic,5G,Month-to-Month,UPI,777,1,3.6,42.6,3,0,1
C103704,2024-12-29,,North,32,Standard,Fiber,Month-to-Month,UPI,1068,0,3.8,71.0,1,1,0
C103705,2025-06-26,,North,50,Standard,Broadband,Month-to-Month,Auto-debit,1175,1,3.6,116.9,4,1,0
C103706,2025-10-05,,South,35,Basic,Fiber,Month-to-Month,UPI,811,2,3.4,33.2,4,1,0
C103707,2025-10-04,,West,33,Basic,5G,Month-to-Month,UPI,554,2,2.9,32.9,0,1,0
C103708,2023-08-12,,South,42,Basic,Broadband,2 Year,Auto-debit,354,2,4.7,48.4,0,1,0
C103709,2025-07-23,,West,33,Basic,Fiber,1 Year,Net Banking,620,2,2.7,60.5,1,0,0
C103710,2024-09-17,2024-12-12,West,67,Standard,Fiber,Month-to-Month,Auto-debit,1034,0,4.7,82.5,0,1,1
C103711,2024-12-11,2025-08-29,West,31,Basic,5G,Month-to-Month,UPI,494,0,2.3,,0,0,1
C103712,2025-01-08,2025-08-28,Central,43,Premium,Broadband,Month-to-Month,Net Banking,1845,1,3.6,168.1,4,1,1
C103713,2025-08-30,,West,48,Standard,Fiber,Month-to-Month,Auto-debit,852,1,3.3,57.5,0,0,0
C103714,2025-06-16,,West,31,Basic,5G,1 Year,UPI,529,2,3.5,45.2,1,1,0
C103715,2025-03-04,,West,40,Basic,Fiber,2 Year,UPI,823,2,3.0,58.8,4,0,0
C103716,2024-01-05,2024-06-19,West,32,Basic,5G,Month-to-Month,UPI,631,2,4.3,30.1,1,1,1
C103717,2024-04-11,2024-08-19,West,41,Basic,Fiber,Month-to-Month,Auto-debit,459,2,3.1,31.8,0,1,1
C103718,2025-06-02,,Central,39,Standard,5G,Month-to-Month,UPI,1090,1,2.8,35.9,1,0,0
C103719,2024-02-16,,East,36,Basic,Fiber,Month-to-Month,Credit Card,506,3,2.4,80.7,1,1,0
C103720,2023-08-17,,East,24,Premium,5G,2 Year,Credit Card,1942,0,3.7,352.6,2,1,0
C103721,2025-10-25,,East,60,Standard,Fiber,1 Year,Auto-debit,1091,1,4.1,53.1,2,1,0
C103722,2025-05-16,,West,45,Standard,5G,2 Year,UPI,962,3,3.7,,0,1,0
C103723,2024-05-02,,South,19,Standard,5G,2 Year,Credit Card,1057,1,2.7,139.3,1,1,0
C103724,2025-09-22,2025-10-29,West,33,Standard,Broadband,Month-to-Month,Auto-debit,1005,4,2.2,41.6,2,1,1
C103725,2023-05-20,,West,19,Premium,Broadband,1 Year,UPI,1568,3,2.5,142.1,2,0,0
C103726,2024-06-02,,Central,47,Premium,5G,1 Year,Credit Card,1946,1,3.6,231.9,2,0,0
C103727,2025-01-20,,South,38,Basic,5G,Month-to-Month,UPI,824,1,4.2,39.3,4,1,0
C103728,2024-02-03,,West,38,Basic,Fiber,Month-to-Month,UPI,677,0,3.9,43.1,2,0,0
C103729,2025-05-01,,West,28,Basic,Broadband,1 Year,UPI,706,4,3.2,89.6,3,3,0
C103730,2022-12-03,,Central,34,Basic,5G,2 Year,UPI,687,1,4.1,36.4,2,1,0
C103731,2025-11-25,2025-12-16,Central,47,Standard,5G,Month-to-Month,UPI,1203,6,1.9,56.2,2,1,1
C103732,2025-07-25,,East,51,Basic,5G,2 Year,Auto-debit,536,2,2.4,41.0,0,1,0
C103733,2022-02-05,,East,48,Standard,Broadband,2 Year,Credit Card,1038,1,3.1,186.4,3,0,0
C103734,2023-02-11,,North,19,Standard,Broadband,2 Year,Credit Card,1198,2,3.9,111.9,4,0,0
C103735,2022-11-11,2025-07-04,Central,36,Basic,Broadband,Month-to-Month,Net Banking,743,4,3.2,59.0,4,0,1
C103736,2025-07-25,,South,41,Standard,5G,Month-to-Month,Auto-debit,1299,2,3.4,97.8,3,1,0
C103737,2023-06-21,2025-09-18,West,29,Basic,Fiber,1 Year,UPI,547,3,3.7,25.8,1,0,1
C103738,2025-01-06,2025-10-21,West,18,Premium,Broadband,Month-to-Month,UPI,1596,1,3.9,159.7,2,0,1
C103739,2025-01-23,,South,23,Standard,5G,Month-to-Month,UPI,1330,0,3.6,61.1,3,0,0
C103740,2024-09-01,,North,56,Basic,5G,1 Year,Auto-debit,828,0,2.7,41.2,3,0,0
C103741,2025-03-02,,North,24,Standard,5G,Month-to-Month,Auto-debit,1339,2,,67.0,3,1,0
C103742,2025-03-17,2025-08-15,West,39,Basic,5G,Month-to-Month,Credit Card,483,1,,72.9,0,0,1
C103743,2023-04-12,2025-09-06,East,36,Standard,5G,2 Year,UPI,1324,1,3.2,189.7,3,0,1
C103744,2022-10-26,,North,36,Standard,5G,Month-to-Month,Credit Card,1217,2,3.2,48.2,2,1,0
C103745,2025-04-30,2025-08-08,West,34,Standard,Broadband,2 Year,Net Banking,784,3,4.1,130.1,0,2,1
C103746,2023-09-02,,South,47,Standard,Broadband,Month-to-Month,UPI,1002,2,4.0,70.8,2,1,0
C103747,2023-09-08,,West,38,Premium,5G,Month-to-Month,UPI,2040,1,3.5,181.4,3,1,0
C103748,2025-08-27,,South,30,Standard,Fiber,Month-to-Month,UPI,1371,0,4.1,90.2,4,1,0
C103749,2022-08-16,,North,39,Standard,5G,Month-to-Month,Net Banking,1328,3,3.9,57.1,3,0,0
C103750,2025-08-29,2025-11-26,North,23,Standard,5G,Month-to-Month,Auto-debit,1084,1,3.8,56.7,1,2,1
C103751,2025-05-25,,East,44,Standard,5G,2 Year,UPI,1280,0,3.9,69.9,3,1,0
C103752,2025-09-01,,South,30,Premium,Broadband,2 Year,Auto-debit,1734,1,2.3,148.9,3,1,0
C103753,2024-04-05,,West,31,Premium,Fiber,Month-to-Month,Credit Card,1662,1,4.6,159.6,0,1,0
C103754,2025-01-29,,East,44,Basic,Fiber,Month-to-Month,Net Banking,867,0,3.1,206.3,4,1,0
C103755,2024-08-18,2024-11-14,South,33,Basic,Broadband,1 Year,Auto-debit,425,3,1.7,61.4,0,0,1
C103756,2025-10-22,2025-12-09,South,34,Basic,Broadband,Month-to-Month,Credit Card,748,4,1.5,24.5,3,1,1
C103757,2022-12-25,2023-10-30,South,52,Basic,5G,Month-to-Month,UPI,789,1,3.0,87.8,3,0,1
C103758,2024-05-08,,Central,26,Basic,Fiber,Month-to-Month,UPI,858,3,3.4,63.1,4,1,0
C103759,2024-06-26,,North,44,Basic,5G,Month-to-Month,Auto-debit,815,1,4.4,43.2,3,0,0
C103760,2023-11-05,,Central,49,Standard,5G,Month-to-Month,Credit Card,982,0,4.0,44.9,0,1,0
C103761,2023-05-22,,South,52,Basic,5G,Month-to-Month,UPI,963,2,4.5,40.8,4,0,0
C103762,2024-04-08,2025-06-10,North,64,Basic,Fiber,1 Year,Credit Card,540,1,3.3,84.2,1,0,1
C103763,2022-04-21,,South,30,Standard,Fiber,Month-to-Month,UPI,1119,3,2.9,100.3,2,0,0
C103764,2023-03-04,,North,28,Basic,5G,Month-to-Month,UPI,971,3,1.7,92.4,4,0,0
C103765,2024-08-27,2025-02-16,West,48,Standard,5G,Month-to-Month,Auto-debit,1023,0,3.4,150.0,1,1,1
C103766,2025-08-28,,East,49,Premium,5G,Month-to-Month,Credit Card,2054,1,2.3,138.6,3,1,0
C103767,2025-05-27,,South,29,Premium,Fiber,2 Year,UPI,1879,0,3.1,25.9,3,1,0
C103768,2023-08-07,,West,44,Standard,Fiber,1 Year,Credit Card,1117,3,3.5,49.7,2,2,0
C103769,2024-02-24,,East,71,Basic,Fiber,2 Year,Auto-debit,708,3,1.9,21.7,3,1,0
C103770,2023-11-23,,Central,39,Basic,Broadband,Month-to-Month,UPI,681,3,1.9,95.2,3,0,0
C103771,2022-05-03,,Central,49,Premium,Fiber,Month-to-Month,UPI,1808,1,2.5,161.6,2,1,0
C103772,2024-05-21,2025-10-08,West,57,Standard,5G,Month-to-Month,UPI,1008,3,3.6,70.1,0,0,1
C103773,2024-04-05,2025-08-03,West,68,Standard,5G,Month-to-Month,UPI,1332,1,4.7,60.2,3,0,1
C103774,2022-11-09,,West,41,Standard,Broadband,1 Year,UPI,1003,1,3.5,134.2,3,2,0
C103775,2025-06-06,,East,53,Basic,Fiber,Month-to-Month,UPI,553,0,4.5,29.9,1,0,0
C103776,2023-02-01,2025-08-05,West,29,Standard,5G,Month-to-Month,UPI,1388,0,3.0,40.9,4,0,1
C103777,2023-03-01,2024-09-15,North,38,Premium,Broadband,Month-to-Month,Net Banking,1495,0,,62.7,1,1,1
C103778,2025-09-15,2025-11-13,West,33,Premium,Fiber,Month-to-Month,UPI,1610,2,3.0,131.7,0,0,1
C103779,2024-05-15,2024-10-11,Central,18,Basic,5G,Month-to-Month,UPI,466,3,3.5,31.1,0,1,1
C103780,2025-09-11,,North,19,Standard,Fiber,1 Year,Net Banking,1055,1,3.5,128.3,2,2,0
C103781,2025-04-25,,West,43,Basic,Broadband,2 Year,UPI,507,1,2.2,46.4,1,0,0
C103782,2024-04-09,2025-07-06,Central,43,Premium,5G,Month-to-Month,UPI,2006,0,3.4,61.7,3,1,1
C103783,2025-12-11,,South,26,Basic,Fiber,Month-to-Month,Auto-debit,772,2,3.4,41.1,3,1,0
C103784,2022-07-12,,East,57,Standard,Broadband,Month-to-Month,Credit Card,960,3,1.8,47.3,2,0,0
C103785,2024-06-07,,Central,25,Basic,5G,Month-to-Month,Net Banking,625,2,3.5,43.3,1,1,0
C103786,2025-11-14,,Central,41,Standard,5G,1 Year,Credit Card,1393,1,2.6,132.3,4,0,0
C103787,2025-01-07,2025-10-09,North,33,Standard,Fiber,Month-to-Month,Auto-debit,1315,2,3.7,70.9,4,0,1
C103788,2025-04-01,,South,39,Basic,Fiber,2 Year,UPI,548,1,2.6,32.9,1,1,0
C103789,2025-12-19,,West,49,Premium,5G,2 Year,UPI,1831,1,4.1,152.7,1,1,0
C103790,2023-04-26,,South,47,Premium,5G,Month-to-Month,Auto-debit,2135,1,4.3,98.7,4,0,0
C103791,2025-01-22,,South,46,Premium,Broadband,2 Year,UPI,1743,0,3.9,159.5,3,0,0
C103792,2025-05-18,,North,45,Basic,Fiber,1 Year,Credit Card,595,1,3.5,53.9,2,0,0
C103793,2022-03-11,,North,23,Standard,5G,2 Year,UPI,1171,0,4.8,45.0,2,0,0
C103794,2023-08-09,2025-08-12,East,52,Standard,Fiber,Month-to-Month,UPI,1258,1,3.0,39.5,3,1,1
C103795,2024-07-27,,East,25,Standard,5G,2 Year,Net Banking,1131,1,3.2,63.3,1,1,0
C103796,2024-12-15,,East,37,Standard,Fiber,Month-to-Month,Credit Card,1369,1,4.0,93.5,4,0,0
C103797,2024-04-16,2025-01-01,West,34,Standard,Fiber,Month-to-Month,Credit Card,1114,5,2.8,180.7,2,0,1
C103798,2023-10-07,,South,42,Basic,Fiber,2 Year,UPI,406,2,3.1,25.9,0,1,0
C103799,2025-03-05,,South,32,Standard,5G,Month-to-Month,UPI,1350,3,2.2,45.8,4,0,0
C103800,2024-12-22,,North,36,Basic,Fiber,Month-to-Month,Net Banking,843,2,4.0,74.0,4,0,0
C103801,2022-08-25,,North,57,Basic,Broadband,Month-to-Month,UPI,825,4,1.9,49.9,4,0,0
C103802,2023-08-07,2024-08-21,South,22,Basic,Fiber,Month-to-Month,Credit Card,746,1,5.0,41.4,3,2,1
C103803,2025-04-29,2025-12-25,North,38,Basic,5G,Month-to-Month,Credit Card,584,3,2.2,63.4,1,0,1
C103804,2024-02-16,2025-08-06,North,25,Premium,5G,Month-to-Month,UPI,1963,1,3.0,224.5,2,1,1
C103805,2022-04-03,,North,46,Standard,Fiber,Month-to-Month,UPI,1118,1,3.8,126.7,2,0,0
C103806,2024-09-02,,West,29,Basic,Fiber,2 Year,Auto-debit,639,4,3.2,31.8,2,0,0
C103807,2024-05-01,2024-11-22,East,38,Premium,Fiber,Month-to-Month,UPI,1569,1,3.1,150.3,0,2,1
C103808,2022-08-20,,Central,22,Premium,5G,2 Year,UPI,1886,0,5.0,212.4,1,0,0
C103809,2023-07-11,2025-01-25,West,53,Premium,Broadband,1 Year,Auto-debit,1639,3,3.5,104.4,2,1,1
C103810,2024-10-26,,East,39,Premium,Fiber,1 Year,UPI,1765,0,3.8,145.4,2,0,0
C103811,2022-10-29,,North,40,Premium,5G,1 Year,Auto-debit,1832,3,3.5,90.0,1,0,0
C103812,2024-04-26,,East,48,Standard,5G,2 Year,UPI,1322,1,4.4,46.8,3,0,0
C103813,2024-07-30,2024-11-16,North,23,Premium,5G,Month-to-Month,UPI,2099,4,4.1,148.5,4,0,1
C103814,2025-07-28,,South,31,Premium,5G,1 Year,Credit Card,1961,1,3.9,191.6,2,0,0
C103815,2025-06-22,,South,40,Basic,Broadband,2 Year,UPI,683,2,2.4,66.4,3,1,0
C103816,2025-04-06,,South,18,Premium,5G,1 Year,Net Banking,1700,1,2.9,61.9,0,3,0
C103817,2024-04-26,2025-05-25,South,18,Premium,Broadband,Month-to-Month,UPI,1470,2,2.5,233.2,0,1,1
C103818,2024-01-29,,West,28,Standard,Fiber,1 Year,Credit Card,905,4,2.4,101.2,0,0,0
C103819,2024-07-20,,West,24,Premium,Broadband,1 Year,Auto-debit,1816,2,3.5,212.8,4,0,0
C103820,2025-12-17,2025-12-28,West,34,Basic,Broadband,Month-to-Month,Credit Card,453,1,3.7,28.6,1,1,1
C103821,2024-06-16,,East,44,Standard,Broadband,1 Year,Credit Card,1158,3,3.8,115.5,3,0,0
C103822,2023-06-21,,East,47,Standard,Fiber,2 Year,UPI,1294,0,2.3,104.5,3,0,0
C103823,2023-07-17,,North,60,Standard,Broadband,Month-to-Month,UPI,739,1,3.5,40.4,0,0,0
C103824,2022-12-20,2023-07-25,West,38,Premium,Fiber,Month-to-Month,Auto-debit,1602,1,4.1,151.6,0,0,1
C103825,2025-11-03,2025-11-29,East,40,Premium,5G,Month-to-Month,Credit Card,2099,3,1.3,72.7,3,1,1
C103826,2025-01-24,,South,38,Standard,Fiber,1 Year,Net Banking,1197,1,3.9,76.7,3,2,0
C103827,2023-10-24,,South,42,Premium,5G,Month-to-Month,Credit Card,1963,0,5.0,388.1,2,0,0
C103828,2025-07-31,,Central,43,Basic,5G,1 Year,UPI,531,1,4.1,52.8,1,0,0
C103829,2025-02-26,,East,49,Premium,Fiber,Month-to-Month,UPI,1775,3,3.5,115.1,2,1,0
C103830,2024-10-30,,East,49,Basic,Fiber,2 Year,UPI,768,0,3.6,21.7,3,0,0
C103831,2023-09-05,,East,44,Standard,Fiber,1 Year,Credit Card,895,1,3.7,88.0,0,0,0
C103832,2025-04-06,,South,56,Basic,5G,2 Year,UPI,484,0,4.9,42.4,0,0,0
C103833,2024-09-23,,East,38,Standard,Broadband,Month-to-Month,UPI,837,0,3.6,27.9,1,0,0
C103834,2025-05-30,,South,31,Basic,5G,Month-to-Month,Credit Card,525,2,4.1,26.5,0,1,0
C103835,2025-03-03,,South,33,Basic,Broadband,1 Year,Credit Card,345,2,3.6,71.3,0,3,0
C103836,2024-03-15,2025-11-21,West,37,Standard,Broadband,Month-to-Month,Credit Card,1059,4,3.9,145.3,2,0,1
C103837,2024-12-07,,North,25,Standard,Fiber,Month-to-Month,Auto-debit,1288,0,4.6,79.0,4,0,0
C103838,2023-01-22,,West,31,Basic,5G,Month-to-Month,Credit Card,828,3,3.2,75.8,3,1,0
C103839,2023-05-06,,South,24,Standard,5G,Month-to-Month,UPI,1126,0,3.9,77.5,1,0,0
C103840,2024-07-06,,West,42,Basic,Fiber,1 Year,Auto-debit,617,3,2.8,31.3,2,0,0
C103841,2022-08-19,,East,42,Basic,5G,Month-to-Month,Credit Card,674,2,4.0,137.5,2,0,0
C103842,2022-11-20,,East,18,Basic,5G,Month-to-Month,Credit Card,579,1,3.1,22.6,1,0,0
C103843,2024-05-31,,East,30,Standard,5G,Month-to-Month,Auto-debit,1379,1,3.6,94.2,4,0,0
C103844,2025-07-31,,Central,60,Standard,5G,Month-to-Month,UPI,1343,2,3.2,55.1,4,0,0
C103845,2022-10-01,,East,46,Standard,Fiber,Month-to-Month,Credit Card,1336,2,2.4,68.7,4,1,0
C103846,2023-06-14,,West,43,Premium,Broadband,2 Year,UPI,1569,0,4.2,269.9,2,0,0
C103847,2023-04-06,,West,30,Standard,Fiber,2 Year,UPI,1211,2,2.2,78.0,3,1,0
C103848,2025-04-14,,South,41,Premium,Broadband,2 Year,Credit Card,1736,2,3.2,103.7,3,0,0
C103849,2025-08-06,,South,38,Premium,Fiber,Month-to-Month,UPI,1929,3,3.7,92.8,3,1,0
C103850,2022-02-20,2023-05-10,South,28,Basic,5G,Month-to-Month,UPI,474,4,2.9,60.6,0,1,1
C103851,2022-04-02,,South,32,Basic,5G,Month-to-Month,Credit Card,936,4,2.9,28.5,4,0,0
C103852,2025-02-22,,South,32,Basic,Fiber,1 Year,UPI,881,1,2.9,47.9,4,0,0
C103853,2023-08-13,,South,20,Standard,Fiber,1 Year,Credit Card,1188,4,3.5,71.3,3,2,0
C103854,2022-06-23,,East,22,Standard,Fiber,1 Year,UPI,1096,0,3.2,51.5,2,0,0
C103855,2024-12-24,,North,36,Basic,5G,Month-to-Month,Credit Card,737,1,4.0,22.3,2,1,0
C103856,2023-04-26,,West,28,Premium,Broadband,1 Year,Credit Card,1529,2,4.4,124.1,1,0,0
C103857,2025-10-06,,South,34,Premium,Fiber,2 Year,Credit Card,1549,2,2.4,101.2,0,0,0
C103858,2025-10-05,,West,19,Basic,5G,Month-to-Month,Net Banking,855,1,3.3,51.1,4,0,0
C103859,2024-08-13,,North,48,Basic,Broadband,2 Year,Auto-debit,526,1,3.2,15.5,1,0,0
C103860,2025-09-27,,East,63,Basic,5G,1 Year,UPI,551,0,4.0,36.4,1,1,0
C103861,2023-05-29,2025-07-10,North,50,Basic,Broadband,Month-to-Month,UPI,629,4,2.1,70.0,2,3,1
C103862,2025-04-05,2025-07-02,West,52,Premium,5G,2 Year,Auto-debit,2123,3,2.4,53.5,3,0,1
C103863,2025-08-28,,South,46,Standard,5G,2 Year,Net Banking,1113,0,3.8,194.6,1,2,0
C103864,2023-01-10,,Central,41,Basic,Fiber,1 Year,Auto-debit,521,0,3.4,54.8,1,1,0
C103865,2023-07-03,,South,39,Standard,Fiber,Month-to-Month,Net Banking,1025,0,3.7,71.0,1,0,0
C103866,2023-08-17,,East,27,Basic,5G,Month-to-Month,Net Banking,639,2,3.9,48.2,1,0,0
C103867,2025-03-11,,South,46,Standard,Broadband,1 Year,UPI,803,3,,49.7,0,0,0
C103868,2023-09-27,2024-11-29,East,46,Standard,Fiber,Month-to-Month,UPI,1037,3,3.0,154.8,1,0,1
C103869,2024-11-14,,East,32,Standard,Broadband,Month-to-Month,Credit Card,965,2,2.9,83.3,2,0,0
C103870,2023-02-21,2024-09-11,South,44,Standard,Fiber,Month-to-Month,Credit Card,1088,1,3.6,78.7,2,2,1
C103871,2025-04-01,,North,30,Premium,5G,Month-to-Month,Auto-debit,1884,2,3.1,201.1,1,0,0
C103872,2025-01-03,,North,30,Basic,Broadband,1 Year,Auto-debit,767,2,2.5,55.4,4,2,0
C103873,2022-12-05,2024-09-27,North,47,Standard,Broadband,Month-to-Month,UPI,795,2,3.6,54.2,1,2,1
C103874,2024-08-14,,Central,43,Basic,5G,Month-to-Month,Credit Card,882,2,5.0,44.9,4,1,0
C103875,2025-05-27,,South,35,Basic,Fiber,Month-to-Month,Auto-debit,768,1,3.5,60.7,3,1,0
C103876,2024-09-03,,North,34,Premium,Fiber,Month-to-Month,Auto-debit,1948,0,3.5,125.4,3,1,0
C103877,2025-01-10,,Central,40,Standard,Fiber,Month-to-Month,Auto-debit,1084,3,2.5,38.8,1,0,0
C103878,2025-11-15,,North,18,Basic,Broadband,Month-to-Month,Net Banking,798,4,3.5,92.0,4,1,0
C103879,2025-10-29,,South,29,Standard,Fiber,Month-to-Month,Auto-debit,1143,1,2.9,82.5,2,1,0
C103880,2025-12-11,,West,23,Standard,5G,Month-to-Month,UPI,1202,3,4.0,62.5,2,2,0
C103881,2024-09-03,,Central,38,Premium,Fiber,1 Year,UPI,1722,5,1.6,168.6,1,1,0
C103882,2025-08-28,2025-11-14,West,51,Standard,5G,Month-to-Month,UPI,1189,3,3.2,59.4,2,0,1
C103883,2025-11-19,,East,44,Basic,Fiber,1 Year,Credit Card,771,1,4.0,21.2,3,2,0
C103884,2023-05-25,,Central,32,Standard,5G,Month-to-Month,Auto-debit,1366,1,4.1,75.9,4,0,0
C103885,2023-05-08,,North,30,Basic,5G,1 Year,Credit Card,974,1,4.0,63.7,4,0,0
C103886,2025-01-10,2025-03-17,Central,29,Basic,Broadband,1 Year,Net Banking,303,2,3.5,39.8,0,1,1
C103887,2023-06-07,2024-01-25,West,62,Standard,Broadband,Month-to-Month,UPI,822,4,3.6,67.7,0,0,1
C103888,2023-10-07,,Central,39,Standard,5G,1 Year,Net Banking,1408,3,2.4,69.2,4,0,0
C103889,2023-11-16,2024-09-08,South,40,Basic,Fiber,1 Year,UPI,870,3,2.6,43.3,4,0,1
C103890,2024-12-30,,North,18,Premium,Broadband,Month-to-Month,Credit Card,1352,2,3.2,130.8,0,1,0
C103891,2023-02-25,,West,24,Standard,Broadband,1 Year,UPI,1128,2,4.3,113.2,4,0,0
C103892,2024-04-25,,East,37,Standard,Broadband,1 Year,Credit Card,1120,1,3.9,109.7,3,1,0
C103893,2025-04-19,,East,32,Basic,5G,Month-to-Month,Credit Card,948,1,4.0,125.8,4,2,0
C103894,2022-10-02,,Central,40,Basic,Fiber,2 Year,Net Banking,468,0,3.7,108.9,0,4,0
C103895,2023-09-02,,East,39,Basic,Broadband,Month-to-Month,Credit Card,827,1,4.1,29.6,4,0,0
C103896,2025-05-18,,South,45,Basic,Fiber,1 Year,Auto-debit,540,0,2.7,40.6,1,1,0
C103897,2024-04-19,,South,18,Basic,Fiber,2 Year,Auto-debit,670,4,2.5,65.3,2,0,0
C103898,2023-05-24,,North,25,Basic,Fiber,2 Year,UPI,607,0,3.6,18.6,1,1,0
C103899,2025-11-15,,North,37,Basic,5G,1 Year,UPI,486,1,3.2,53.3,0,0,0
C103900,2023-05-24,,North,30,Basic,Fiber,1 Year,UPI,803,0,3.6,29.7,3,0,0
C103901,2024-10-26,,West,34,Premium,5G,Month-to-Month,UPI,1683,4,3.4,118.1,0,3,0
C103902,2025-01-24,2025-06-27,West,39,Premium,5G,Month-to-Month,UPI,1922,2,3.7,122.1,2,0,1
C103903,2023-02-24,,East,29,Basic,5G,2 Year,Auto-debit,521,1,4.4,18.8,0,2,0
C103904,2022-08-03,,South,40,Premium,Fiber,Month-to-Month,Auto-debit,2081,4,1.5,406.5,4,0,0
C103905,2025-02-14,,West,45,Basic,Broadband,2 Year,UPI,598,2,4.3,34.7,2,0,0
C103906,2023-08-07,2024-03-21,West,39,Standard,5G,Month-to-Month,Auto-debit,957,2,,155.6,0,0,1
C103907,2022-09-11,2024-03-30,Central,47,Premium,5G,Month-to-Month,Auto-debit,2220,3,4.2,53.6,4,1,1
C103908,2023-06-20,,East,18,Standard,5G,Month-to-Month,UPI,1291,0,3.5,54.6,3,1,0
C103909,2022-10-29,2023-12-14,West,31,Basic,Fiber,Month-to-Month,Auto-debit,485,3,3.3,67.2,0,0,1
C103910,2022-10-17,,East,49,Basic,5G,Month-to-Month,Auto-debit,584,3,2.3,40.0,1,0,0
C103911,2025-02-07,,East,28,Standard,Fiber,Month-to-Month,Auto-debit,1123,1,2.7,112.1,2,0,0
C103912,2025-08-12,,West,26,Standard,Broadband,2 Year,Net Banking,1074,5,3.0,103.2,3,1,0
C103913,2024-01-21,,South,36,Standard,Fiber,1 Year,UPI,1405,3,1.2,49.6,4,0,0
C103914,2024-12-17,,South,38,Standard,Broadband,1 Year,UPI,1243,5,1.7,138.5,4,1,0
C103915,2024-01-31,,South,32,Basic,5G,Month-to-Month,Auto-debit,569,3,3.6,60.1,0,0,0
C103916,2022-07-31,,East,60,Standard,Fiber,Month-to-Month,UPI,1085,0,3.5,36.4,2,0,0
C103917,2024-10-07,,East,41,Basic,5G,1 Year,Credit Card,426,1,2.9,47.4,0,2,0
C103918,2025-10-07,,West,27,Premium,Fiber,Month-to-Month,UPI,1696,1,4.8,166.2,1,2,0
C103919,2024-11-16,2025-07-03,South,21,Standard,Broadband,Month-to-Month,Credit Card,999,2,4.6,71.3,1,1,1
C103920,2025-07-27,,North,43,Standard,Broadband,2 Year,UPI,885,1,3.6,76.8,1,0,0
C103921,2022-09-05,2025-10-30,West,27,Standard,5G,Month-to-Month,Auto-debit,1140,4,3.7,95.6,1,1,1
C103922,2024-11-10,,South,64,Basic,5G,2 Year,Credit Card,656,1,4.6,19.9,2,0,0
C103923,2023-12-07,2025-03-19,Central,43,Basic,Broadband,Month-to-Month,Credit Card,564,1,3.5,40.7,2,0,1
C103924,2022-09-17,2023-05-25,North,45,Standard,5G,Month-to-Month,UPI,1392,1,3.2,62.1,4,0,1
C103925,2024-04-24,,East,41,Standard,5G,Month-to-Month,Credit Card,1281,1,3.6,109.3,2,0,0
C103926,2025-01-03,,East,51,Standard,Fiber,2 Year,Auto-debit,963,0,2.8,56.5,0,0,0
C103927,2025-08-10,,West,18,Premium,Fiber,1 Year,Auto-debit,1725,4,3.4,317.5,2,0,0
C103928,2023-02-16,,North,24,Basic,5G,1 Year,Auto-debit,624,3,2.8,33.5,1,0,0
C103929,2023-04-18,2025-01-05,Central,50,Basic,5G,Month-to-Month,Credit Card,453,1,3.6,25.6,0,1,1
C103930,2024-05-14,,East,56,Standard,Broadband,2 Year,Auto-debit,1069,2,3.3,138.3,3,1,0
C103931,2023-02-02,,East,23,Basic,5G,1 Year,Credit Card,816,1,3.0,60.5,3,1,0
C103932,2025-08-04,2025-11-18,East,18,Basic,5G,1 Year,Net Banking,654,4,2.8,54.3,1,0,1
C103933,2024-05-21,2025-04-23,North,40,Premium,5G,1 Year,Net Banking,1902,4,2.0,105.8,1,2,1
C103934,2023-10-26,,East,44,Premium,Broadband,1 Year,UPI,1610,2,3.2,100.1,2,0,0
C103935,2023-01-12,,South,40,Premium,5G,1 Year,Credit Card,1961,1,3.0,150.1,2,0,0
C103936,2023-04-08,,South,37,Basic,Broadband,Month-to-Month,Net Banking,849,2,2.7,33.7,4,1,0
C103937,2025-10-08,,East,18,Basic,Fiber,2 Year,UPI,396,3,1.5,108.9,0,0,0
C103938,2022-11-30,2025-10-02,East,33,Standard,5G,Month-to-Month,Net Banking,1072,0,3.5,84.0,0,1,1
C103939,2023-01-13,,North,35,Premium,Broadband,2 Year,UPI,1667,3,3.6,104.2,3,1,0
C103940,2025-10-02,,North,31,Basic,Broadband,Month-to-Month,Credit Card,805,0,3.9,36.4,4,1,0
C103941,2023-08-07,,North,18,Basic,Fiber,Month-to-Month,Auto-debit,736,3,3.8,24.3,3,0,0
C103942,2023-10-19,,North,45,Basic,5G,Month-to-Month,UPI,552,0,3.1,63.7,1,1,0
C103943,2022-02-27,,East,48,Standard,Fiber,1 Year,UPI,1036,0,3.5,50.2,1,0,0
C103944,2025-04-15,,North,28,Premium,Fiber,Month-to-Month,Credit Card,2014,1,4.4,110.6,4,0,0
C103945,2022-07-03,,Central,36,Standard,Broadband,2 Year,UPI,1092,1,3.5,263.4,3,2,0
C103946,2024-09-20,,North,32,Basic,Broadband,1 Year,UPI,591,2,3.4,17.9,2,0,0
C103947,2024-07-07,2025-07-22,North,32,Standard,Fiber,Month-to-Month,Net Banking,1178,2,4.8,70.1,2,1,1
C103948,2022-10-07,2025-02-18,West,44,Standard,Broadband,Month-to-Month,UPI,887,9,1.4,37.2,0,1,1
C103949,2024-07-03,,South,44,Basic,5G,1 Year,Net Banking,945,3,2.7,33.8,4,3,0
C103950,2025-12-10,,South,51,Basic,Broadband,2 Year,UPI,410,1,2.9,41.2,0,0,0
C103951,2022-07-04,2025-04-28,Central,51,Standard,Broadband,Month-to-Month,UPI,1130,4,2.6,38.4,4,1,1
C103952,2023-12-25,,Central,36,Basic,Broadband,2 Year,UPI,424,4,3.5,54.3,0,0,0
C103953,2024-10-04,2025-03-11,West,72,Premium,Broadband,Month-to-Month,Auto-debit,1426,1,4.2,245.7,0,0,1
C103954,2024-02-15,,North,57,Standard,Broadband,1 Year,Credit Card,830,2,4.3,87.0,0,2,0
C103955,2023-09-02,,East,30,Basic,5G,1 Year,UPI,651,0,4.1,,2,1,0
C103956,2025-02-04,2025-11-08,Central,40,Standard,Fiber,Month-to-Month,Credit Card,953,2,1.7,166.0,0,0,1
C103957,2023-01-05,,Central,18,Standard,Fiber,Month-to-Month,Credit Card,1080,1,4.0,99.8,1,1,0
C103958,2023-08-24,,North,38,Basic,Broadband,1 Year,Net Banking,657,0,3.9,13.6,3,2,0
C103959,2025-09-24,,South,58,Standard,Fiber,Month-to-Month,UPI,1243,3,3.1,80.6,3,3,0
C103960,2022-09-24,,South,71,Basic,Broadband,Month-to-Month,UPI,466,1,4.4,12.7,1,1,0
C103961,2023-08-31,2025-06-28,North,37,Basic,Fiber,Month-to-Month,Credit Card,455,3,2.9,30.8,0,0,1
C103962,2024-07-21,,West,42,Standard,Broadband,1 Year,Net Banking,761,1,4.0,34.8,0,0,0
C103963,2024-10-01,,South,45,Standard,5G,Month-to-Month,Auto-debit,1183,1,2.8,84.5,2,1,0
C103964,2022-02-18,2023-07-01,South,62,Basic,Broadband,Month-to-Month,Credit Card,583,4,1.7,28.2,2,0,1
C103965,2023-08-15,,North,26,Basic,Broadband,2 Year,Net Banking,811,3,2.6,51.4,4,3,0
C103966,2025-07-14,,East,70,Standard,5G,1 Year,Credit Card,1232,2,3.1,108.9,2,1,0
C103967,2023-04-28,,North,34,Basic,5G,Month-to-Month,Credit Card,646,1,3.9,27.4,1,0,0
C103968,2025-08-14,2025-11-16,South,24,Premium,Fiber,Month-to-Month,Net Banking,1880,3,2.5,133.7,3,1,1
C103969,2025-09-01,,North,34,Standard,Broadband,Month-to-Month,UPI,1209,0,4.9,19.9,4,0,0
C103970,2024-03-24,2025-11-09,Central,28,Premium,Broadband,Month-to-Month,Auto-debit,1751,3,2.6,55.9,4,1,1
C103971,2025-03-31,,North,43,Basic,Fiber,Month-to-Month,UPI,454,1,3.5,83.3,0,1,0
C103972,2024-04-23,,East,18,Premium,Fiber,Month-to-Month,Net Banking,1809,0,4.0,75.9,2,0,0
C103973,2024-09-15,2025-08-17,North,40,Basic,5G,Month-to-Month,Credit Card,858,5,2.8,34.0,4,1,1
C103974,2025-05-07,,North,46,Basic,Fiber,1 Year,Auto-debit,877,3,3.4,29.4,4,0,0
C103975,2023-05-20,2024-01-26,North,56,Basic,Broadband,Month-to-Month,UPI,690,4,4.4,18.6,3,1,1
C103976,2023-10-30,,North,46,Basic,Fiber,Month-to-Month,Auto-debit,465,0,3.4,26.4,0,0,0
C103977,2024-08-05,,North,55,Premium,Broadband,2 Year,UPI,1547,0,4.2,117.6,1,1,0
C103978,2024-03-04,2025-11-22,East,31,Standard,Broadband,Month-to-Month,UPI,1178,1,3.5,60.8,4,0,1
C103979,2023-01-04,,East,43,Standard,Broadband,1 Year,Auto-debit,833,2,4.0,126.0,0,0,0
C103980,2024-05-17,,North,18,Standard,5G,Month-to-Month,UPI,1353,0,4.1,54.1,3,0,0
C103981,2024-03-17,,South,37,Standard,Fiber,1 Year,Net Banking,1172,2,3.5,73.3,2,3,0
C103982,2025-07-03,2025-09-21,East,43,Standard,Broadband,Month-to-Month,Credit Card,1088,5,1.5,56.1,3,0,1
C103983,2025-12-14,2025-12-17,South,44,Premium,5G,Month-to-Month,Auto-debit,2007,0,3.7,188.1,3,0,1
C103984,2025-11-21,2025-12-17,South,19,Standard,Broadband,2 Year,Auto-debit,771,5,1.9,36.0,0,0,1
C103985,2025-01-11,,North,33,Standard,Fiber,Month-to-Month,UPI,855,1,3.2,93.6,0,0,0
C103986,2023-03-26,,South,35,Basic,Fiber,Month-to-Month,Auto-debit,585,2,2.7,54.1,1,0,0
C103987,2024-12-13,,East,33,Premium,Broadband,Month-to-Month,UPI,1825,4,2.6,78.2,4,0,0
C103988,2024-11-19,,Central,47,Basic,Broadband,Month-to-Month,Net Banking,800,2,3.0,42.1,4,0,0
C103989,2024-07-05,,Central,35,Basic,Fiber,Month-to-Month,Auto-debit,701,1,3.3,53.7,3,0,0
C103990,2023-05-07,2025-05-25,Central,39,Premium,5G,Month-to-Month,Net Banking,1833,2,3.3,83.4,1,2,1
C103991,2024-07-02,,South,32,Basic,Fiber,Month-to-Month,Net Banking,910,1,2.9,31.0,4,1,0
C103992,2024-01-05,,North,51,Basic,5G,1 Year,Auto-debit,820,2,3.3,23.9,3,0,0
C103993,2022-04-13,,South,52,Basic,Fiber,2 Year,Credit Card,589,1,2.9,121.6,1,1,0
C103994,2024-06-26,,South,34,Standard,Fiber,Month-to-Month,Auto-debit,1348,3,2.6,58.4,3,0,0
C103995,2023-11-06,,North,72,Premium,Fiber,2 Year,UPI,1820,0,4.0,63.9,2,0,0
C103996,2024-05-02,,North,29,Premium,Fiber,Month-to-Month,UPI,1721,2,1.7,48.7,2,0,0
C103997,2024-02-21,,South,50,Standard,5G,Month-to-Month,Auto-debit,1054,3,4.8,49.3,1,1,0
C103998,2024-12-13,,South,27,Premium,Fiber,1 Year,UPI,1918,2,3.9,134.8,3,0,0
C103999,2023-01-09,2023-08-11,North,47,Standard,5G,1 Year,Credit Card,1098,5,2.8,64.9,1,0,1
C104000,2023-10-01,2025-10-07,West,46,Premium,5G,Month-to-Month,Auto-debit,2138,2,3.1,140.5,4,0,1
C104001,2023-03-30,,South,26,Basic,5G,2 Year,Credit Card,493,2,3.4,63.2,0,2,0
C104002,2022-11-19,,West,36,Standard,5G,2 Year,UPI,1066,2,2.5,68.3,1,0,0
C104003,2024-02-03,,South,60,Basic,Fiber,Month-to-Month,UPI,474,0,4.1,41.5,0,0,0
C104004,2025-06-07,,East,28,Basic,Fiber,1 Year,UPI,614,1,2.4,96.7,1,2,0
C104005,2022-10-17,,North,43,Standard,Broadband,1 Year,UPI,1165,4,1.9,106.5,3,0,0
C104006,2024-04-14,,East,42,Basic,Broadband,2 Year,UPI,863,2,2.8,53.6,4,0,0
C104007,2025-01-05,,North,37,Standard,Broadband,1 Year,Auto-debit,761,4,3.9,62.1,0,0,0
C104008,2023-11-13,2025-03-11,North,18,Standard,Broadband,Month-to-Month,UPI,897,1,2.8,103.3,1,0,1
C104009,2023-09-04,,East,48,Basic,5G,1 Year,Auto-debit,486,1,3.8,52.7,0,1,0
C104010,2024-01-12,,South,38,Standard,Broadband,Month-to-Month,Auto-debit,1219,0,2.4,86.3,4,0,0
C104011,2023-06-15,,North,51,Standard,5G,1 Year,UPI,1193,0,3.8,105.5,2,1,0
C104012,2024-04-14,,Central,41,Premium,Broadband,1 Year,Auto-debit,1489,1,5.0,138.8,1,1,0
C104013,2025-08-11,,North,39,Basic,Broadband,1 Year,UPI,754,2,3.7,20.7,3,0,0
C104014,2023-08-23,,East,42,Premium,Broadband,Month-to-Month,Net Banking,1403,1,2.3,121.2,0,2,0
C104015,2023-08-18,,East,26,Premium,5G,Month-to-Month,Auto-debit,2051,0,4.0,67.5,3,1,0
C104016,2022-09-17,,South,57,Standard,Fiber,1 Year,Auto-debit,935,0,3.5,101.2,0,1,0
C104017,2024-05-12,,South,33,Basic,Fiber,Month-to-Month,UPI,684,0,4.7,20.2,2,0,0
C104018,2025-08-04,2025-12-08,North,34,Standard,Fiber,Month-to-Month,UPI,946,1,3.5,72.6,0,0,1
C104019,2024-02-28,2024-10-04,West,54,Premium,Broadband,Month-to-Month,UPI,1560,4,2.0,121.4,1,0,1
C104020,2024-07-14,,South,41,Basic,5G,2 Year,Auto-debit,744,2,3.2,24.9,3,0,0
C104021,2024-09-18,,North,35,Premium,Fiber,Month-to-Month,UPI,1820,1,3.3,113.2,2,0,0
C104022,2023-07-24,2025-01-24,South,43,Premium,5G,1 Year,Credit Card,1943,2,2.0,173.1,2,0,1
C104023,2023-04-14,2024-10-03,Central,46,Standard,Fiber,Month-to-Month,UPI,1204,3,2.9,55.8,3,2,1
C104024,2025-01-06,,West,37,Standard,5G,2 Year,UPI,1425,1,3.6,85.2,4,0,0
C104025,2024-08-07,,Central,49,Standard,Fiber,Month-to-Month,Credit Card,1070,1,3.8,95.0,1,0,0
C104026,2023-01-11,,East,23,Standard,5G,Month-to-Month,UPI,1371,2,4.0,43.2,4,1,0
C104027,2024-08-05,2025-02-28,West,41,Premium,5G,Month-to-Month,Credit Card,1816,2,3.3,120.4,0,0,1
C104028,2025-07-19,,East,48,Basic,5G,Month-to-Month,Credit Card,837,1,2.5,39.8,4,0,0
C104029,2022-06-09,,Central,45,Basic,Broadband,2 Year,Credit Card,819,1,3.0,43.9,4,0,0
C104030,2022-09-18,,East,18,Basic,Fiber,1 Year,Credit Card,621,0,3.8,19.8,2,0,0
C104031,2023-07-18,,South,36,Premium,5G,1 Year,UPI,1723,2,4.4,58.3,0,0,0
C104032,2023-11-01,,East,23,Basic,Fiber,1 Year,Auto-debit,659,1,3.6,81.4,2,2,0
C104033,2024-01-02,,East,53,Premium,5G,2 Year,Credit Card,1832,1,3.7,172.1,1,0,0
C104034,2024-04-21,,North,33,Standard,5G,2 Year,Credit Card,1082,0,3.6,82.3,2,1,0
C104035,2023-04-12,,South,52,Basic,5G,1 Year,UPI,622,2,3.3,69.4,1,0,0
C104036,2024-11-16,2025-07-06,South,23,Premium,Broadband,Month-to-Month,UPI,1430,2,4.8,60.8,0,1,1
C104037,2024-08-12,2025-05-08,West,43,Standard,Fiber,Month-to-Month,Auto-debit,1308,2,3.2,65.8,4,0,1
C104038,2024-03-27,,South,38,Basic,Broadband,1 Year,Auto-debit,785,1,3.4,37.7,4,1,0
C104039,2025-02-05,,West,71,Basic,Fiber,1 Year,UPI,642,3,3.1,30.1,2,0,0
C104040,2023-04-13,,South,52,Basic,5G,1 Year,UPI,826,1,3.1,25.1,4,0,0
C104041,2023-12-04,2024-04-28,West,51,Basic,Broadband,Month-to-Month,UPI,722,3,2.0,85.4,4,1,1
C104042,2025-06-24,,North,62,Basic,5G,1 Year,Net Banking,927,1,2.3,32.3,4,0,0
C104043,2022-12-24,2023-09-04,Central,41,Standard,Broadband,Month-to-Month,UPI,1238,4,2.3,92.3,4,0,1
C104044,2023-05-31,2025-02-23,East,37,Basic,Broadband,Month-to-Month,Auto-debit,423,3,3.9,52.2,0,0,1
C104045,2025-10-12,,South,35,Basic,Fiber,2 Year,UPI,771,0,4.6,74.6,3,0,0
C104046,2024-04-22,2025-05-30,South,42,Basic,Broadband,1 Year,Auto-debit,826,2,2.5,63.8,4,2,1
C104047,2023-08-31,2024-06-19,South,18,Standard,Broadband,Month-to-Month,UPI,828,6,2.2,63.2,0,0,1
C104048,2024-11-13,,South,38,Premium,5G,Month-to-Month,UPI,1717,3,3.3,62.6,0,2,0
C104049,2024-03-27,,West,41,Basic,Fiber,1 Year,UPI,567,2,2.8,69.1,1,0,0
C104050,2023-10-23,,Central,36,Basic,Fiber,Month-to-Month,UPI,843,4,3.7,81.5,4,0,0
C104051,2023-03-25,2025-05-25,West,20,Standard,Broadband,Month-to-Month,Auto-debit,1184,1,4.1,252.5,4,0,1
C104052,2023-06-07,,East,36,Premium,Broadband,1 Year,Credit Card,1643,0,4.3,192.3,2,0,0
C104053,2025-09-12,,South,20,Premium,Broadband,1 Year,UPI,1858,5,2.8,85.7,4,1,0
C104054,2024-10-12,2025-04-03,West,59,Premium,Fiber,Month-to-Month,Auto-debit,1515,1,2.7,91.4,0,2,1
C104055,2023-12-22,2024-12-18,West,35,Premium,Fiber,Month-to-Month,UPI,1995,5,3.7,41.8,4,0,1
C104056,2025-03-22,,South,18,Standard,5G,1 Year,UPI,1382,0,4.2,49.1,4,1,0
C104057,2022-02-07,2023-10-31,Central,36,Premium,Fiber,Month-to-Month,UPI,2051,3,3.5,62.5,4,0,1
C104058,2022-06-03,,South,49,Basic,Fiber,Month-to-Month,Credit Card,500,2,2.8,59.3,1,0,0
C104059,2025-07-31,,West,40,Premium,Fiber,Month-to-Month,Auto-debit,1786,1,3.3,190.3,3,1,0
C104060,2022-11-21,,Central,27,Premium,Fiber,Month-to-Month,UPI,1741,1,4.1,364.7,1,2,0
C104061,2023-06-16,,West,30,Premium,Fiber,2 Year,Net Banking,1845,2,4.3,552.1,2,0,0
C104062,2025-02-24,,North,35,Standard,Broadband,Month-to-Month,UPI,1124,4,4.0,83.5,4,0,0
C104063,2024-02-23,,East,33,Premium,Fiber,2 Year,UPI,1802,2,3.0,,2,0,0
C104064,2025-05-13,,North,23,Basic,5G,Month-to-Month,Net Banking,857,2,3.2,36.4,3,0,0
C104065,2025-07-02,,West,37,Standard,5G,1 Year,Net Banking,1154,3,1.6,52.1,2,0,0
C104066,2024-02-17,,South,22,Basic,Broadband,Month-to-Month,Credit Card,403,2,1.6,142.7,0,0,0
C104067,2023-08-19,2024-11-19,West,49,Standard,Broadband,1 Year,UPI,819,6,2.7,18.4,0,0,1
C104068,2024-02-03,,Central,51,Standard,5G,2 Year,UPI,1239,0,3.2,165.7,3,0,0
C104069,2025-11-22,,North,26,Basic,5G,Month-to-Month,Net Banking,575,1,2.2,27.7,1,1,0
C104070,2024-05-11,,South,29,Basic,5G,Month-to-Month,Credit Card,530,1,2.7,36.4,1,0,0
C104071,2022-05-27,,East,33,Basic,5G,2 Year,Credit Card,492,1,3.8,12.2,0,1,0
C104072,2024-06-12,,South,38,Standard,5G,2 Year,UPI,1363,3,3.3,124.9,4,0,0
C104073,2023-02-15,,North,41,Standard,5G,2 Year,Auto-debit,1007,1,2.4,109.6,0,0,0
C104074,2025-04-20,2025-06-06,North,44,Standard,5G,Month-to-Month,UPI,1222,3,3.9,42.7,2,1,1
C104075,2023-10-24,,South,43,Basic,Fiber,Month-to-Month,Net Banking,613,0,3.3,76.9,1,0,0
C104076,2023-12-22,,East,57,Premium,Fiber,Month-to-Month,Net Banking,2098,1,3.9,186.3,4,0,0
C104077,2025-12-17,,East,39,Standard,Fiber,1 Year,UPI,1224,2,3.3,56.5,3,0,0
C104078,2023-08-22,,North,22,Basic,5G,Month-to-Month,Credit Card,486,1,3.5,15.8,0,2,0
C104079,2023-09-10,,South,19,Basic,5G,Month-to-Month,Credit Card,781,1,2.9,39.6,3,0,0
C104080,2025-09-01,,South,58,Standard,5G,1 Year,Credit Card,960,0,3.8,124.1,0,0,0
C104081,2025-11-23,,South,44,Basic,Fiber,Month-to-Month,Auto-debit,675,0,4.0,28.0,2,1,0
C104082,2022-11-29,,West,40,Basic,Fiber,1 Year,Credit Card,538,3,2.9,75.9,1,0,0
C104083,2025-11-04,2025-11-30,South,43,Basic,Fiber,Month-to-Month,UPI,777,1,3.6,28.8,3,0,1
C104084,2024-07-06,,East,40,Basic,5G,2 Year,UPI,659,0,4.6,42.3,2,1,0
C104085,2023-12-11,,Central,43,Basic,Fiber,Month-to-Month,Net Banking,638,0,3.5,30.6,2,0,0
C104086,2024-12-07,,East,34,Basic,Fiber,1 Year,UPI,872,2,3.8,47.8,4,0,0
C104087,2024-10-22,2025-01-17,East,51,Premium,Fiber,Month-to-Month,Auto-debit,1802,2,3.4,177.8,2,1,1
C104088,2024-03-03,,North,32,Standard,5G,Month-to-Month,UPI,1021,1,4.5,166.6,1,1,0
C104089,2024-05-27,2024-11-22,North,27,Standard,Fiber,Month-to-Month,UPI,1116,2,2.3,81.8,2,0,1
C104090,2023-11-06,,North,18,Standard,5G,2 Year,UPI,1363,3,4.0,33.8,4,1,0
C104091,2023-04-07,2025-03-07,West,35,Standard,5G,Month-to-Month,Auto-debit,1046,3,2.7,101.1,0,1,1
C104092,2023-08-26,2025-08-12,West,53,Basic,Broadband,Month-to-Month,Net Banking,537,4,4.3,38.1,1,0,1
C104093,2023-11-29,,North,33,Basic,5G,1 Year,Credit Card,605,2,3.6,37.7,2,0,0
C104094,2022-09-22,,North,21,Basic,Fiber,Month-to-Month,UPI,590,2,3.9,46.6,1,0,0
C104095,2025-03-17,,South,41,Standard,Fiber,Month-to-Month,Auto-debit,1231,0,3.7,97.5,3,0,0
C104096,2023-04-26,2025-09-15,East,30,Standard,Broadband,Month-to-Month,Auto-debit,740,4,3.3,59.9,0,1,1
C104097,2022-09-20,,East,57,Basic,Fiber,Month-to-Month,UPI,593,1,4.0,59.1,1,1,0
C104098,2023-11-29,,West,51,Standard,Broadband,Month-to-Month,Auto-debit,946,0,3.7,90.2,2,0,0
C104099,2023-05-13,,Central,23,Premium,5G,Month-to-Month,Auto-debit,2191,2,4.0,157.7,4,0,0
C104100,2022-12-13,,South,36,Basic,Fiber,Month-to-Month,UPI,532,3,1.0,68.7,1,1,0
C104101,2022-02-09,,East,29,Standard,Fiber,Month-to-Month,UPI,957,1,3.1,24.5,1,0,0
C104102,2024-08-05,,East,24,Standard,Broadband,1 Year,Credit Card,1280,1,3.6,60.6,4,1,0
C104103,2024-06-14,,South,37,Standard,Broadband,1 Year,Credit Card,935,1,3.9,68.3,2,1,0
C104104,2024-08-25,,Central,48,Standard,Broadband,Month-to-Month,Auto-debit,866,2,4.0,65.1,1,0,0
C104105,2025-04-10,,North,37,Standard,Fiber,Month-to-Month,Credit Card,1290,0,3.6,47.8,4,0,0
C104106,2023-02-03,,West,32,Basic,Broadband,1 Year,UPI,381,3,2.8,31.9,0,0,0
C104107,2023-06-04,2025-03-06,West,18,Standard,Fiber,Month-to-Month,UPI,1244,3,3.7,95.6,3,2,1
C104108,2024-05-06,,Central,30,Premium,Fiber,2 Year,Net Banking,2007,2,4.3,148.5,4,1,0
C104109,2025-12-19,,East,45,Basic,5G,Month-to-Month,UPI,737,0,4.3,44.9,2,0,0
C104110,2022-07-07,2024-12-08,South,22,Premium,Broadband,Month-to-Month,UPI,1810,3,3.1,71.4,4,0,1
C104111,2025-03-30,,West,53,Basic,5G,Month-to-Month,UPI,729,0,5.0,68.0,3,1,0
C104112,2024-01-05,,West,31,Standard,5G,1 Year,Auto-debit,1219,2,3.4,109.3,2,0,0
C104113,2025-10-03,,East,40,Standard,Fiber,Month-to-Month,UPI,928,0,4.0,128.5,0,0,0
C104114,2025-01-03,2025-10-05,West,33,Standard,5G,Month-to-Month,UPI,974,6,3.4,49.9,0,1,1
C104115,2023-10-09,,South,24,Premium,Fiber,Month-to-Month,Auto-debit,1989,0,5.0,723.1,3,1,0
C104116,2023-02-26,,East,43,Basic,Broadband,1 Year,UPI,720,1,4.0,49.4,3,1,0
C104117,2022-06-04,2024-07-25,West,31,Standard,Fiber,Month-to-Month,Net Banking,1254,1,2.9,50.5,3,1,1
C104118,2024-08-11,,South,28,Standard,5G,1 Year,UPI,1137,2,3.4,242.1,1,0,0
C104119,2023-02-13,2025-08-15,East,18,Premium,Fiber,Month-to-Month,Auto-debit,1592,0,4.4,171.4,0,1,1
C104120,2024-07-22,,Central,54,Standard,5G,Month-to-Month,UPI,1024,0,5.0,81.6,0,0,0
C104121,2024-11-21,,West,38,Premium,Fiber,Month-to-Month,UPI,1621,1,5.0,138.6,0,1,0
C104122,2024-11-12,,Central,51,Premium,5G,2 Year,UPI,1825,0,3.6,223.9,1,2,0
C104123,2023-02-11,2024-07-14,South,45,Basic,5G,Month-to-Month,Auto-debit,846,2,3.9,50.2,4,0,1
C104124,2025-06-30,,Central,51,Premium,5G,Month-to-Month,Auto-debit,2047,1,3.2,49.8,3,0,0
C104125,2025-08-13,,North,31,Premium,Broadband,2 Year,UPI,1422,4,2.9,116.9,0,0,0
C104126,2025-05-13,,East,22,Basic,Fiber,Month-to-Month,UPI,558,0,3.2,69.3,1,0,0
C104127,2024-02-08,,East,47,Standard,5G,Month-to-Month,UPI,1387,1,4.7,72.0,4,1,0
C104128,2025-03-31,2025-09-14,West,40,Basic,Broadband,Month-to-Month,UPI,598,6,2.5,27.0,2,1,1
C104129,2025-09-09,,Central,32,Standard,Fiber,1 Year,UPI,1006,3,3.3,72.4,1,1,0
C104130,2025-10-09,,West,47,Basic,Broadband,Month-to-Month,Auto-debit,560,3,3.1,68.1,1,1,0
C104131,2023-03-18,,East,42,Standard,Broadband,2 Year,UPI,909,0,4.1,139.5,1,0,0
C104132,2022-01-19,,South,46,Standard,Broadband,1 Year,Auto-debit,978,3,3.3,42.3,2,0,0
C104133,2024-12-14,,East,26,Standard,5G,Month-to-Month,UPI,1124,2,2.8,40.9,2,1,0
C104134,2025-03-26,2025-08-28,East,50,Basic,5G,Month-to-Month,Auto-debit,689,2,2.1,42.9,2,0,1
C104135,2025-05-28,,North,38,Standard,5G,1 Year,Credit Card,1273,0,2.9,52.1,3,1,0
C104136,2022-11-10,,East,51,Standard,5G,2 Year,UPI,1073,1,2.4,55.2,1,2,0
C104137,2025-01-02,,West,50,Standard,Broadband,2 Year,Auto-debit,1035,3,3.2,64.4,2,1,0
C104138,2022-11-10,2024-11-19,West,46,Basic,Fiber,Month-to-Month,UPI,858,2,2.7,64.9,4,1,1
C104139,2025-12-17,,West,37,Basic,Broadband,1 Year,Auto-debit,431,1,4.2,29.0,1,1,0
C104140,2024-04-08,,South,47,Standard,5G,1 Year,Auto-debit,1420,1,3.7,41.1,4,1,0
C104141,2022-05-17,,East,51,Premium,Fiber,2 Year,Auto-debit,1744,2,2.2,81.5,2,0,0
C104142,2022-08-28,,North,45,Basic,5G,Month-to-Month,Auto-debit,625,1,3.3,20.8,1,0,0
C104143,2025-05-04,,South,40,Standard,Broadband,1 Year,UPI,1077,1,2.1,75.7,3,2,0
C104144,2025-11-24,,East,47,Basic,5G,1 Year,Credit Card,601,2,2.5,46.7,1,0,0
C104145,2022-09-09,,South,32,Standard,Broadband,2 Year,Net Banking,897,3,2.7,122.1,1,0,0
C104146,2024-12-13,,North,56,Basic,Fiber,1 Year,UPI,552,1,2.9,26.0,1,1,0
C104147,2025-10-29,,West,18,Standard,Broadband,2 Year,Credit Card,1005,1,4.9,78.4,2,0,0
C104148,2024-08-20,,South,38,Basic,5G,Month-to-Month,UPI,502,0,4.3,52.3,0,0,0
C104149,2025-07-15,2025-11-10,South,33,Basic,Broadband,Month-to-Month,Net Banking,573,1,,20.4,1,0,1
C104150,2024-06-08,2024-12-16,South,30,Basic,Fiber,Month-to-Month,UPI,765,1,4.5,49.3,3,0,1
C104151,2023-02-03,,East,42,Basic,5G,2 Year,UPI,608,0,3.1,50.3,1,0,0
C104152,2025-12-14,,South,24,Standard,Broadband,Month-to-Month,Auto-debit,969,0,3.6,69.1,2,0,0
C104153,2024-02-11,2025-05-21,East,64,Premium,Fiber,1 Year,Auto-debit,1723,1,4.3,62.1,1,0,1
C104154,2023-05-30,,East,22,Standard,5G,2 Year,UPI,1354,1,2.8,70.9,4,0,0
C104155,2025-07-01,,North,27,Premium,Broadband,2 Year,UPI,1544,0,4.5,44.3,1,1,0
C104156,2024-10-11,,Central,25,Standard,5G,1 Year,Net Banking,1236,0,4.0,86.7,3,2,0
C104157,2023-08-06,,North,40,Basic,Broadband,1 Year,UPI,662,4,3.2,64.1,3,1,0
C104158,2023-02-27,2024-11-06,South,50,Basic,5G,Month-to-Month,Net Banking,632,2,4.6,39.6,2,1,1
C104159,2025-01-29,,North,44,Standard,Broadband,Month-to-Month,Auto-debit,1212,3,3.4,139.7,4,1,0
C104160,2024-07-10,,East,56,Basic,5G,Month-to-Month,UPI,878,0,3.9,31.2,4,0,0
C104161,2023-04-19,,South,28,Premium,5G,1 Year,UPI,1776,1,2.7,81.9,0,0,0
C104162,2025-10-05,2025-12-18,West,46,Standard,Broadband,Month-to-Month,UPI,958,1,3.7,64.1,2,1,1
C104163,2023-07-21,,South,34,Standard,5G,Month-to-Month,UPI,1020,2,3.0,228.6,0,0,0
C104164,2025-01-24,,East,41,Standard,Fiber,1 Year,Credit Card,1338,1,3.5,63.9,4,0,0
C104165,2023-02-02,,South,51,Basic,Fiber,Month-to-Month,UPI,863,1,,129.1,4,0,0
C104166,2023-11-16,,North,18,Standard,5G,2 Year,Auto-debit,1198,0,4.1,72.3,2,1,0
C104167,2025-01-12,2025-04-08,South,62,Basic,Broadband,Month-to-Month,Net Banking,503,1,2.9,29.5,1,0,1
C104168,2024-04-14,,East,36,Basic,5G,2 Year,UPI,858,2,3.4,117.4,4,3,0
C104169,2025-08-10,2025-11-25,South,19,Basic,Broadband,Month-to-Month,Credit Card,455,2,2.6,48.5,1,0,1
C104170,2023-07-26,,Central,30,Basic,Broadband,1 Year,UPI,718,4,1.5,38.2,3,1,0
C104171,2023-05-24,,West,39,Standard,Fiber,1 Year,UPI,1201,1,3.3,113.4,3,0,0
C104172,2025-09-18,,Central,30,Basic,5G,Month-to-Month,Credit Card,616,0,4.1,82.5,1,1,0
C104173,2024-03-09,,South,18,Basic,5G,Month-to-Month,UPI,660,0,3.3,33.1,1,2,0
C104174,2024-10-21,,West,39,Premium,Fiber,2 Year,UPI,1987,0,4.1,185.1,4,2,0
C104175,2025-07-17,2025-08-14,East,29,Premium,5G,Month-to-Month,UPI,1923,3,3.0,105.3,2,1,1
C104176,2025-11-11,,East,46,Standard,5G,1 Year,UPI,1184,1,2.8,45.1,2,0,0
C104177,2025-11-03,,Central,25,Standard,Broadband,Month-to-Month,Net Banking,1197,3,3.4,51.7,4,1,0
C104178,2025-08-07,,East,65,Standard,5G,1 Year,Auto-debit,1221,2,2.8,41.0,2,0,0
C104179,2024-07-17,,Central,44,Basic,Fiber,Month-to-Month,Net Banking,656,4,3.1,46.2,2,1,0
C104180,2024-06-24,2025-02-10,West,40,Standard,5G,1 Year,Auto-debit,1181,4,1.8,77.1,1,2,1
C104181,2025-07-03,,North,45,Basic,Broadband,1 Year,Credit Card,713,2,3.4,78.3,3,0,0
C104182,2024-12-22,2025-12-19,West,18,Standard,5G,Month-to-Month,UPI,1030,2,3.7,113.8,0,1,1
C104183,2025-01-14,,East,32,Premium,Fiber,Month-to-Month,Auto-debit,1706,1,4.0,96.4,1,0,0
C104184,2024-06-11,,Central,59,Standard,Broadband,2 Year,UPI,1235,2,3.9,66.9,4,0,0
C104185,2024-10-04,,West,34,Premium,Fiber,1 Year,UPI,1700,3,3.7,85.2,1,0,0
C104186,2024-09-30,,North,37,Standard,Fiber,2 Year,Auto-debit,1289,2,3.5,77.9,4,1,0
C104187,2023-10-17,,North,32,Standard,5G,1 Year,Net Banking,1431,0,4.4,66.0,4,2,0
C104188,2022-12-01,2025-11-09,North,56,Standard,5G,1 Year,Auto-debit,1095,4,2.5,75.6,1,0,1
C104189,2022-10-18,,East,35,Standard,Broadband,1 Year,UPI,1205,6,2.7,153.1,4,0,0
C104190,2024-09-09,,North,23,Standard,Fiber,2 Year,Auto-debit,1255,2,3.3,157.1,3,1,0
C104191,2024-02-22,2025-03-27,West,69,Basic,Broadband,Month-to-Month,UPI,801,4,4.1,32.4,4,2,1
C104192,2025-05-07,,East,21,Standard,5G,Month-to-Month,UPI,1191,1,3.7,108.7,2,1,0
C104193,2025-01-21,,West,37,Basic,Broadband,2 Year,Auto-debit,378,3,2.2,61.3,0,0,0
C104194,2023-03-16,,South,28,Standard,Broadband,2 Year,Credit Card,1039,3,3.2,56.0,2,0,0
C104195,2024-09-18,,East,30,Basic,Broadband,Month-to-Month,Net Banking,781,1,2.9,89.6,4,1,0
C104196,2023-06-23,,North,25,Standard,Fiber,Month-to-Month,Auto-debit,917,5,3.1,35.2,0,2,0
C104197,2022-05-27,,Central,32,Basic,Fiber,1 Year,Auto-debit,470,1,4.1,75.7,0,0,0
C104198,2024-11-28,,North,50,Basic,Broadband,1 Year,UPI,806,1,3.1,41.7,4,0,0
C104199,2025-06-20,,North,18,Standard,5G,Month-to-Month,UPI,1237,0,3.1,43.1,2,0,0
C104200,2023-01-21,,North,53,Basic,5G,1 Year,Auto-debit,694,0,3.9,40.3,2,0,0
C104201,2024-09-06,,West,51,Premium,Broadband,Month-to-Month,Credit Card,1751,3,2.6,301.6,3,0,0
C104202,2025-09-04,2025-10-12,North,44,Standard,Broadband,Month-to-Month,Credit Card,1086,3,2.5,258.6,3,0,1
C104203,2023-07-20,,East,40,Basic,5G,1 Year,UPI,712,4,2.4,30.0,2,2,0
C104204,2022-08-15,,West,41,Basic,Broadband,Month-to-Month,UPI,689,0,4.2,43.4,3,1,0
C104205,2023-01-26,,West,55,Premium,Fiber,1 Year,Auto-debit,1891,3,2.2,107.4,2,0,0
C104206,2024-05-30,2025-05-30,North,18,Standard,Broadband,Month-to-Month,Credit Card,884,1,3.0,73.0,1,1,1
C104207,2024-04-19,,North,47,Standard,Broadband,2 Year,Auto-debit,1086,1,5.0,166.1,3,1,0
C104208,2022-03-12,,South,29,Basic,Fiber,Month-to-Month,UPI,562,1,4.9,36.4,1,0,0
C104209,2023-09-03,,North,48,Standard,Fiber,2 Year,UPI,1304,0,4.6,49.9,4,2,0
C104210,2023-04-19,,West,31,Premium,Broadband,1 Year,Credit Card,1511,1,3.8,94.4,1,0,0
C104211,2022-06-02,,South,46,Basic,5G,Month-to-Month,Auto-debit,548,1,4.1,40.3,0,0,0
C104212,2024-03-22,,South,19,Basic,Fiber,2 Year,UPI,861,0,3.5,65.0,4,0,0
C104213,2022-08-26,2024-11-08,North,18,Basic,Fiber,Month-to-Month,UPI,466,2,1.4,47.1,0,1,1
C104214,2025-12-17,2025-12-26,East,37,Basic,Fiber,Month-to-Month,Credit Card,846,3,2.7,61.7,4,4,1
C104215,2024-01-20,,North,55,Standard,Fiber,2 Year,UPI,1196,0,3.5,125.1,3,0,0
C104216,2025-11-24,,West,44,Premium,Broadband,2 Year,UPI,1601,2,3.5,102.4,2,1,0
C104217,2025-08-15,,North,44,Premium,5G,1 Year,Credit Card,1848,0,4.3,113.9,1,1,0
C104218,2022-08-18,,Central,48,Premium,5G,2 Year,UPI,1895,2,4.7,150.7,1,0,0
C104219,2025-04-14,,West,33,Basic,Fiber,Month-to-Month,Net Banking,420,1,3.6,32.5,0,1,0
C104220,2025-06-30,,North,45,Premium,5G,Month-to-Month,UPI,2203,0,3.3,120.6,4,0,0
C104221,2023-11-12,,North,31,Basic,Fiber,Month-to-Month,Net Banking,552,1,3.4,75.1,1,2,0
C104222,2025-06-25,,South,34,Basic,Broadband,Month-to-Month,Auto-debit,405,2,3.8,47.0,0,0,0
C104223,2025-07-05,,North,36,Standard,Broadband,1 Year,Auto-debit,756,2,3.2,139.4,0,1,0
C104224,2024-08-27,,North,31,Basic,5G,Month-to-Month,Net Banking,818,0,3.2,28.0,3,1,0
C104225,2024-03-18,2025-04-25,West,37,Premium,Broadband,1 Year,Credit Card,1559,2,3.9,139.6,2,0,1
C104226,2023-06-04,,East,35,Premium,Fiber,Month-to-Month,UPI,1723,0,3.2,157.4,1,0,0
C104227,2023-04-05,2025-06-01,North,30,Standard,Fiber,Month-to-Month,Credit Card,1326,2,2.7,86.3,4,1,1
C104228,2023-11-16,2024-05-31,East,36,Premium,Broadband,1 Year,UPI,1485,1,4.0,102.1,1,2,1
C104229,2023-08-01,,South,40,Basic,Fiber,Month-to-Month,Net Banking,772,0,3.3,21.3,4,0,0
C104230,2022-03-26,,Central,25,Basic,Broadband,1 Year,UPI,485,1,3.3,77.3,0,1,0
C104231,2025-11-27,,North,43,Premium,Fiber,1 Year,Credit Card,1765,1,3.8,58.2,2,0,0
C104232,2025-05-09,2025-11-14,West,32,Standard,Broadband,1 Year,Credit Card,810,4,2.8,37.8,0,0,1
C104233,2025-09-27,,West,40,Premium,Fiber,2 Year,Net Banking,1580,0,3.3,157.7,0,0,0
C104234,2025-08-07,,North,30,Basic,Fiber,2 Year,UPI,798,0,4.0,36.8,3,0,0
C104235,2025-02-01,,North,51,Basic,5G,Month-to-Month,Credit Card,781,2,2.7,47.5,3,0,0
C104236,2025-12-15,,South,49,Basic,Broadband,1 Year,Credit Card,567,1,4.7,23.3,2,0,0
C104237,2024-08-22,,West,25,Standard,5G,Month-to-Month,Auto-debit,1221,1,3.3,85.3,2,0,0
C104238,2023-09-29,,East,44,Premium,5G,Month-to-Month,Net Banking,1797,1,4.2,179.1,1,1,0
C104239,2025-12-13,,East,55,Premium,Fiber,1 Year,UPI,1889,0,4.5,54.0,3,0,0
C104240,2022-06-24,2023-01-21,West,27,Basic,Fiber,1 Year,Auto-debit,486,4,2.6,50.2,0,1,1
C104241,2025-07-09,,West,28,Standard,Fiber,2 Year,UPI,1177,1,2.9,115.7,2,0,0
C104242,2024-05-04,,East,47,Basic,Broadband,1 Year,UPI,757,0,4.3,22.7,4,0,0
C104243,2022-07-25,,East,22,Basic,Fiber,1 Year,UPI,731,2,2.3,47.5,3,0,0
C104244,2024-12-26,,West,29,Basic,Fiber,1 Year,Credit Card,869,2,2.4,45.4,4,1,0
C104245,2024-07-30,,South,26,Standard,5G,Month-to-Month,Net Banking,1018,1,4.0,88.1,1,0,0
C104246,2023-03-31,2025-12-30,West,47,Standard,5G,Month-to-Month,Credit Card,1053,4,2.7,64.3,0,0,1
C104247,2025-11-23,2025-11-30,North,30,Basic,5G,Month-to-Month,Auto-debit,855,3,2.6,21.3,4,0,1
C104248,2024-10-10,,North,35,Standard,Fiber,1 Year,Credit Card,1099,1,3.2,60.4,2,2,0
C104249,2024-09-19,,West,29,Premium,5G,Month-to-Month,UPI,2056,1,3.2,,3,0,0
C104250,2023-04-18,,South,52,Basic,5G,Month-to-Month,Credit Card,897,2,4.8,42.7,4,1,0
C104251,2025-04-15,,North,28,Basic,Fiber,Month-to-Month,Net Banking,519,1,4.3,80.8,1,1,0
C104252,2025-11-01,,North,21,Standard,5G,1 Year,Credit Card,1068,1,3.0,35.1,0,0,0
C104253,2023-06-26,,East,21,Standard,Fiber,Month-to-Month,Credit Card,1212,0,3.6,119.1,4,0,0
C104254,2022-06-23,2025-02-08,West,46,Premium,Broadband,Month-to-Month,Credit Card,1453,3,3.7,285.5,1,1,1
C104255,2022-06-13,,North,47,Basic,Broadband,Month-to-Month,Credit Card,374,2,2.6,103.8,0,0,0
C104256,2024-10-11,2025-11-16,North,53,Standard,Fiber,Month-to-Month,UPI,1079,3,2.7,180.4,2,0,1
C104257,2025-02-05,,East,23,Premium,5G,Month-to-Month,Auto-debit,1798,1,3.5,129.8,0,0,0
C104258,2025-02-03,,Central,35,Basic,5G,2 Year,UPI,432,1,2.9,45.8,0,1,0
C104259,2025-06-13,,South,67,Standard,Broadband,Month-to-Month,UPI,1158,1,4.3,29.8,3,0,0
C104260,2022-09-28,,Central,34,Premium,5G,Month-to-Month,Net Banking,1738,1,3.2,105.8,0,2,0
C104261,2025-11-29,,Central,31,Basic,5G,1 Year,Auto-debit,741,1,3.5,77.9,3,0,0
C104262,2024-11-21,,South,38,Standard,Fiber,1 Year,Net Banking,1033,3,3.1,36.2,2,1,0
C104263,2025-04-13,,West,44,Premium,Fiber,Month-to-Month,Credit Card,1600,0,5.0,76.7,0,0,0
C104264,2025-05-17,2025-12-06,West,44,Basic,5G,Month-to-Month,Auto-debit,867,2,3.2,46.7,4,1,1
C104265,2025-05-15,,East,31,Standard,5G,2 Year,UPI,1008,1,5.0,32.2,0,0,0
C104266,2023-07-12,,South,31,Standard,Broadband,2 Year,Credit Card,1078,3,2.8,183.4,3,0,0
C104267,2023-08-03,,West,34,Premium,Broadband,Month-to-Month,Credit Card,1437,5,2.6,157.9,0,0,0
C104268,2022-10-25,,West,29,Premium,5G,1 Year,Credit Card,1941,2,4.2,140.0,2,0,0
C104269,2022-01-24,2025-06-26,West,23,Premium,5G,Month-to-Month,Credit Card,1732,2,4.8,176.7,0,1,1
C104270,2023-06-07,2025-07-14,Central,60,Basic,Broadband,Month-to-Month,Auto-debit,834,4,2.6,37.3,4,0,1
C104271,2025-09-04,2025-12-09,East,33,Standard,Broadband,Month-to-Month,UPI,1006,3,3.9,84.8,2,1,1
C104272,2024-02-03,,West,34,Premium,Broadband,1 Year,UPI,1430,5,3.3,72.4,0,1,0
C104273,2025-02-21,2025-11-14,West,34,Standard,Broadband,Month-to-Month,Credit Card,845,9,1.0,23.1,0,1,1
C104274,2024-03-31,,North,37,Standard,5G,Month-to-Month,Credit Card,1185,1,3.5,72.5,2,0,0
C104275,2024-05-18,,North,43,Basic,5G,Month-to-Month,Net Banking,698,0,3.8,97.5,2,0,0
C104276,2023-04-22,,South,32,Premium,5G,Month-to-Month,Auto-debit,1882,2,2.8,272.4,1,0,0
C104277,2025-01-16,,West,52,Basic,Fiber,Month-to-Month,Net Banking,658,2,3.4,40.2,3,0,0
C104278,2024-12-22,,South,45,Basic,5G,Month-to-Month,Auto-debit,792,1,3.6,38.5,3,0,0
C104279,2024-06-01,,West,36,Premium,5G,1 Year,UPI,2037,1,4.0,54.2,3,0,0
C104280,2023-06-04,,North,30,Premium,5G,Month-to-Month,UPI,2061,1,3.8,200.6,3,0,0
C104281,2025-09-05,2025-12-03,South,51,Premium,Fiber,Month-to-Month,UPI,1973,0,3.5,145.7,4,0,1
C104282,2025-05-29,,East,36,Standard,5G,1 Year,Auto-debit,1142,2,5.0,67.1,1,0,0
C104283,2024-01-31,,North,23,Basic,5G,Month-to-Month,UPI,469,1,3.7,16.5,0,1,0
C104284,2022-06-12,,Central,50,Standard,5G,Month-to-Month,UPI,980,0,4.7,29.9,0,1,0
C104285,2025-04-08,,North,29,Basic,Fiber,2 Year,Credit Card,432,0,4.1,47.2,0,0,0
C104286,2025-09-21,,Central,48,Premium,5G,1 Year,UPI,1897,1,4.8,54.5,1,1,0
C104287,2023-10-31,,North,18,Standard,Fiber,Month-to-Month,Net Banking,835,2,2.8,96.5,0,1,0
C104288,2023-08-03,,Central,34,Standard,Fiber,Month-to-Month,Auto-debit,1386,1,3.5,98.8,4,0,0
C104289,2025-08-12,,East,52,Basic,Fiber,Month-to-Month,UPI,617,1,3.2,22.9,1,1,0
C104290,2025-05-18,,North,38,Standard,Broadband,Month-to-Month,Credit Card,875,3,2.6,75.5,1,1,0
C104291,2022-05-09,,North,45,Premium,5G,2 Year,UPI,1988,1,3.9,73.7,2,0,0
C104292,2024-08-24,,North,27,Standard,5G,1 Year,UPI,1202,1,3.4,118.0,2,1,0
C104293,2024-02-14,2025-08-27,East,42,Basic,Broadband,Month-to-Month,UPI,465,5,1.6,229.2,0,0,1
C104294,2023-12-15,2024-06-21,West,38,Basic,5G,Month-to-Month,Credit Card,933,1,3.3,41.7,4,0,1
C104295,2025-11-15,,South,41,Basic,Broadband,Month-to-Month,Credit Card,784,4,2.5,92.6,3,0,0
C104296,2022-11-25,,South,62,Basic,Fiber,Month-to-Month,Net Banking,792,0,4.4,73.9,4,1,0
C104297,2023-08-18,2024-02-23,East,54,Premium,Fiber,Month-to-Month,Auto-debit,2013,1,2.7,113.4,4,1,1
C104298,2023-01-04,2025-04-29,East,48,Standard,Fiber,Month-to-Month,UPI,1246,3,2.7,96.2,4,0,1
C104299,2025-05-26,,West,48,Basic,5G,2 Year,Net Banking,577,6,1.8,23.5,1,2,0
C104300,2025-05-13,,East,27,Premium,Broadband,1 Year,Net Banking,1786,2,,126.3,3,2,0
C104301,2025-12-19,,West,32,Basic,5G,2 Year,UPI,517,0,3.4,38.1,0,1,0
C104302,2025-04-07,2025-05-29,Central,20,Basic,5G,2 Year,UPI,637,3,3.8,87.3,1,1,1
C104303,2023-04-27,,South,23,Standard,Fiber,2 Year,UPI,1236,2,3.3,53.9,3,2,0
C104304,2023-08-18,,North,27,Basic,Broadband,2 Year,UPI,714,0,,26.1,3,1,0
C104305,2022-12-28,,North,38,Standard,5G,Month-to-Month,UPI,1275,1,4.3,44.4,3,0,0
C104306,2025-06-07,,East,23,Premium,Fiber,Month-to-Month,UPI,1878,0,3.2,180.9,3,0,0
C104307,2024-12-04,2025-08-27,South,38,Premium,Broadband,Month-to-Month,Auto-debit,1377,5,2.6,107.6,0,0,1
C104308,2025-12-14,,Central,36,Basic,5G,1 Year,Auto-debit,588,2,3.6,19.1,2,0,0
C104309,2024-09-03,,East,24,Standard,Fiber,1 Year,Credit Card,1213,1,3.7,122.4,3,0,0
C104310,2025-05-06,2025-12-14,East,56,Basic,Fiber,Month-to-Month,Net Banking,468,0,2.9,20.8,0,1,1
C104311,2024-10-01,,West,22,Standard,Fiber,2 Year,Auto-debit,993,1,4.0,56.0,1,0,0
C104312,2025-12-14,2025-12-27,South,51,Basic,Broadband,1 Year,Credit Card,592,3,3.1,39.8,2,1,1
C104313,2025-01-07,,West,18,Standard,5G,1 Year,Credit Card,1317,2,3.4,42.6,3,3,0
C104314,2024-06-26,,North,36,Basic,Broadband,Month-to-Month,Net Banking,830,1,3.4,18.9,4,1,0
C104315,2022-06-14,2023-03-01,East,24,Premium,Fiber,Month-to-Month,Auto-debit,1858,2,1.3,177.1,3,0,1
C104316,2025-08-24,,Central,30,Premium,5G,Month-to-Month,Auto-debit,2113,1,4.1,163.4,4,1,0
C104317,2025-10-08,,West,60,Basic,5G,Month-to-Month,UPI,628,1,,45.4,1,0,0
C104318,2023-04-17,2025-01-30,West,34,Standard,5G,1 Year,Net Banking,1121,2,3.0,88.5,1,2,1
C104319,2025-05-22,,South,25,Basic,5G,Month-to-Month,UPI,652,2,2.3,18.9,1,0,0
C104320,2023-08-05,2025-12-01,West,44,Standard,5G,Month-to-Month,UPI,1447,3,2.7,95.7,4,0,1
C104321,2024-09-28,,East,34,Basic,5G,Month-to-Month,Credit Card,892,1,4.2,54.4,3,2,0
C104322,2023-09-30,,East,40,Basic,Broadband,1 Year,Net Banking,585,4,2.5,55.2,2,1,0
C104323,2025-03-28,2025-07-01,North,27,Standard,Fiber,Month-to-Month,UPI,1180,1,3.6,91.8,2,2,1
C104324,2024-12-28,,North,28,Standard,5G,2 Year,UPI,1061,4,2.6,121.2,1,0,0
C104325,2024-12-29,,East,29,Standard,5G,Month-to-Month,Net Banking,1491,2,3.5,69.5,4,0,0
C104326,2025-12-02,2025-12-28,North,48,Standard,Fiber,2 Year,UPI,1234,1,2.6,76.1,3,0,1
C104327,2025-04-25,2025-10-20,West,35,Basic,Fiber,Month-to-Month,Auto-debit,679,2,3.2,22.7,2,0,1
C104328,2025-11-24,,West,25,Basic,Broadband,Month-to-Month,Credit Card,736,2,4.1,62.3,3,0,0
C104329,2023-12-18,,Central,40,Standard,Fiber,2 Year,Credit Card,1162,2,,52.8,3,1,0
C104330,2023-04-19,,North,39,Standard,Fiber,1 Year,UPI,975,5,2.4,54.7,1,0,0
C104331,2025-02-19,,Central,45,Basic,5G,1 Year,Auto-debit,800,3,3.8,36.0,3,1,0
C104332,2022-05-05,,North,32,Basic,Fiber,1 Year,Auto-debit,770,1,4.1,25.9,3,0,0
C104333,2025-03-27,,East,37,Standard,Fiber,Month-to-Month,UPI,1299,1,3.9,69.9,3,0,0
C104334,2025-05-07,,West,43,Standard,Fiber,1 Year,Net Banking,881,4,3.1,111.3,0,1,0
C104335,2024-11-03,,North,26,Premium,Fiber,Month-to-Month,Auto-debit,1670,0,4.3,67.6,0,2,0
C104336,2023-03-21,2025-11-11,North,49,Standard,5G,1 Year,UPI,988,5,2.4,73.1,0,1,1
C104337,2023-10-07,,North,38,Standard,Broadband,2 Year,Credit Card,887,1,4.3,102.8,1,1,0
C104338,2025-04-11,,East,25,Standard,Fiber,2 Year,Auto-debit,912,2,3.0,21.3,0,0,0
C104339,2025-02-23,,West,25,Basic,5G,1 Year,Credit Card,685,3,2.4,111.8,2,1,0
C104340,2022-11-03,,North,37,Basic,5G,1 Year,Auto-debit,914,0,2.8,35.1,4,2,0
C104341,2025-07-15,,North,31,Basic,Fiber,Month-to-Month,UPI,443,2,2.9,27.7,0,3,0
C104342,2024-11-30,,East,47,Premium,5G,Month-to-Month,Auto-debit,1791,2,3.1,122.8,1,0,0
C104343,2025-07-11,,South,35,Basic,Fiber,2 Year,Auto-debit,448,2,2.8,31.6,0,0,0
C104344,2023-10-19,2024-09-21,West,42,Standard,Fiber,1 Year,UPI,937,2,2.5,71.1,0,0,1
C104345,2024-02-09,,Central,28,Standard,Fiber,Month-to-Month,Credit Card,863,1,3.8,50.7,0,0,0
C104346,2023-08-30,,West,38,Basic,Fiber,1 Year,Net Banking,779,3,2.4,77.7,3,2,0
C104347,2022-08-06,,West,54,Premium,Broadband,Month-to-Month,Auto-debit,1842,2,3.9,451.2,4,1,0
C104348,2025-12-09,,East,36,Standard,Broadband,2 Year,UPI,1155,2,3.8,105.8,3,0,0
C104349,2023-06-13,2025-07-17,West,31,Basic,Broadband,2 Year,UPI,710,4,,48.9,3,2,1
C104350,2025-05-12,,North,28,Standard,Fiber,Month-to-Month,Auto-debit,847,0,3.5,55.9,0,0,0
C104351,2025-05-18,,North,38,Standard,Broadband,Month-to-Month,Credit Card,1221,6,2.2,125.3,4,0,0
C104352,2023-05-13,,East,55,Basic,5G,1 Year,Net Banking,735,2,2.8,30.1,2,1,0
C104353,2024-09-30,,North,22,Standard,Fiber,Month-to-Month,Credit Card,1287,1,2.7,86.4,4,2,0
C104354,2024-01-26,,Central,37,Standard,Broadband,2 Year,Auto-debit,895,3,2.8,56.8,1,0,0
C104355,2022-09-18,2023-07-26,West,18,Basic,Broadband,Month-to-Month,UPI,715,2,2.8,23.6,3,0,1
C104356,2022-06-09,,Central,33,Premium,Fiber,Month-to-Month,Auto-debit,1878,1,2.9,106.0,2,2,0
C104357,2023-04-02,2024-02-29,South,41,Standard,Broadband,Month-to-Month,Credit Card,987,2,3.5,45.0,2,0,1
C104358,2024-04-02,,East,19,Standard,Fiber,1 Year,Auto-debit,955,3,2.3,154.1,0,1,0
C104359,2025-01-28,,West,33,Basic,5G,1 Year,UPI,709,1,3.9,30.3,2,0,0
C104360,2025-06-29,,South,41,Basic,Fiber,2 Year,Net Banking,467,4,3.4,41.4,0,2,0
C104361,2025-08-24,,East,40,Standard,Fiber,2 Year,Auto-debit,1269,2,2.7,53.3,3,1,0
C104362,2024-07-31,,East,42,Standard,Broadband,1 Year,Auto-debit,1063,2,4.3,39.7,3,0,0
C104363,2024-10-01,,Central,26,Standard,5G,Month-to-Month,UPI,1404,1,3.8,103.8,4,0,0
C104364,2025-08-07,,West,41,Standard,Fiber,Month-to-Month,Credit Card,1118,2,3.2,70.3,2,0,0
C104365,2024-03-13,,North,31,Basic,Broadband,2 Year,UPI,735,3,1.8,142.7,4,2,0
C104366,2025-12-16,,East,47,Standard,Broadband,Month-to-Month,UPI,1244,2,2.1,124.4,4,1,0
C104367,2023-07-13,2024-05-03,East,18,Premium,Broadband,2 Year,Net Banking,1630,4,4.1,122.1,2,0,1
C104368,2023-03-03,,North,35,Standard,Broadband,2 Year,Auto-debit,1196,3,4.0,88.5,4,0,0
C104369,2024-10-07,,South,39,Standard,Broadband,1 Year,Net Banking,1086,3,4.2,70.5,3,1,0
C104370,2024-09-02,,South,54,Premium,5G,1 Year,UPI,1848,3,4.6,70.6,1,0,0
C104371,2024-11-20,,North,39,Basic,Fiber,2 Year,UPI,685,2,4.3,21.6,2,0,0
C104372,2025-01-19,2025-06-23,East,40,Standard,Broadband,1 Year,UPI,801,0,4.0,43.5,0,0,1
C104373,2025-11-21,,North,43,Premium,Fiber,1 Year,UPI,1681,0,4.4,230.1,1,0,0
C104374,2023-04-04,,East,53,Standard,Fiber,Month-to-Month,Auto-debit,997,4,2.3,83.8,1,0,0
C104375,2025-09-25,,North,33,Basic,5G,Month-to-Month,UPI,597,2,3.5,57.8,1,0,0
C104376,2024-09-16,,West,21,Premium,Fiber,Month-to-Month,UPI,1671,0,4.5,174.8,1,0,0
C104377,2024-06-30,,North,19,Basic,5G,2 Year,Net Banking,512,1,4.1,40.0,0,0,0
C104378,2023-03-27,,Central,46,Basic,Broadband,1 Year,UPI,565,2,3.2,32.7,2,2,0
C104379,2023-03-12,,North,41,Basic,5G,1 Year,Credit Card,560,0,2.4,121.4,1,0,0
C104380,2023-04-08,2024-06-12,East,35,Standard,5G,Month-to-Month,Credit Card,1225,3,2.0,96.1,1,0,1
C104381,2024-11-09,,South,31,Standard,5G,2 Year,UPI,1373,4,3.1,32.1,3,0,0
C104382,2025-08-31,2025-10-02,South,40,Standard,5G,Month-to-Month,Credit Card,1401,5,2.2,30.6,4,0,1
C104383,2025-11-04,,East,41,Premium,Fiber,1 Year,Credit Card,1643,4,3.5,171.6,0,0,0
C104384,2025-08-10,,West,44,Standard,Fiber,Month-to-Month,Net Banking,1158,1,2.7,47.4,2,1,0
C104385,2024-05-03,,Central,25,Standard,5G,2 Year,UPI,1392,2,4.3,69.1,4,1,0
C104386,2024-11-15,,South,18,Premium,5G,1 Year,UPI,2057,1,3.1,39.5,3,0,0
C104387,2025-08-29,,North,27,Premium,5G,Month-to-Month,Net Banking,1738,3,4.3,93.5,0,1,0
C104388,2025-09-04,,West,22,Basic,Fiber,Month-to-Month,UPI,806,0,2.7,69.8,3,0,0
C104389,2023-09-23,,East,21,Basic,Fiber,Month-to-Month,UPI,510,2,3.7,33.8,0,0,0
C104390,2023-10-18,2024-07-07,North,57,Standard,5G,Month-to-Month,UPI,1358,3,2.4,41.1,3,2,1
C104391,2025-04-12,2025-08-29,West,18,Premium,5G,Month-to-Month,UPI,1957,2,3.5,104.4,2,1,1
C104392,2022-05-01,2024-04-14,East,44,Standard,5G,Month-to-Month,UPI,1283,2,4.1,75.0,2,0,1
C104393,2025-09-09,,East,49,Basic,Broadband,Month-to-Month,Auto-debit,495,1,4.2,37.1,1,0,0
C104394,2024-10-13,,South,50,Standard,5G,Month-to-Month,Credit Card,1477,1,3.0,33.5,4,1,0
C104395,2025-11-05,,South,41,Standard,Fiber,1 Year,Credit Card,900,0,3.4,89.7,0,0,0
C104396,2023-08-15,2024-07-15,North,54,Standard,5G,Month-to-Month,UPI,1343,2,2.2,55.3,4,0,1
C104397,2024-05-19,2024-08-21,West,59,Premium,Fiber,Month-to-Month,UPI,1690,2,2.2,128.7,0,0,1
C104398,2023-09-25,2025-05-19,North,34,Premium,Fiber,2 Year,Auto-debit,1734,0,3.4,72.4,1,0,1
C104399,2025-08-19,,West,43,Standard,5G,Month-to-Month,Net Banking,1218,1,3.0,137.4,2,1,0
C104400,2022-12-05,2023-06-23,West,53,Standard,Fiber,1 Year,Auto-debit,1102,4,1.7,105.2,2,0,1
C104401,2025-09-21,,West,28,Standard,Fiber,2 Year,UPI,984,1,3.4,61.6,1,0,0
C104402,2024-10-19,,North,35,Standard,Broadband,1 Year,UPI,868,2,3.3,85.8,1,0,0
C104403,2024-01-18,2024-11-22,South,30,Standard,5G,Month-to-Month,Net Banking,1202,1,3.5,167.0,2,0,1
C104404,2025-05-06,,East,44,Standard,Broadband,Month-to-Month,UPI,793,1,3.0,132.6,0,1,0
C104405,2024-01-27,,East,18,Standard,Broadband,2 Year,UPI,721,1,3.1,156.7,0,0,0
C104406,2024-10-30,,Central,55,Standard,Fiber,2 Year,UPI,1086,0,3.6,99.7,1,0,0
C104407,2025-07-02,2025-10-17,South,44,Basic,5G,Month-to-Month,UPI,482,4,3.4,33.7,0,3,1
C104408,2024-12-05,,West,45,Standard,Fiber,1 Year,Auto-debit,968,4,2.3,98.9,0,0,0
C104409,2025-04-03,2025-05-19,North,18,Standard,5G,2 Year,Auto-debit,971,0,2.6,172.4,0,0,1
C104410,2024-07-17,,South,26,Basic,Fiber,2 Year,Net Banking,861,4,2.6,59.9,4,0,0
C104411,2022-09-11,,North,56,Basic,Fiber,Month-to-Month,UPI,498,2,3.0,29.2,0,0,0
C104412,2024-03-07,2024-10-05,West,36,Basic,Fiber,Month-to-Month,Auto-debit,492,0,2.7,45.7,0,2,1
C104413,2023-10-01,,North,18,Premium,Broadband,Month-to-Month,Net Banking,1685,3,3.0,172.5,3,0,0
C104414,2025-01-20,,South,41,Premium,Fiber,Month-to-Month,Auto-debit,1827,3,2.6,128.5,2,0,0
C104415,2024-01-01,,West,46,Standard,5G,1 Year,Credit Card,1224,1,3.5,107.9,2,0,0
C104416,2023-11-23,2024-05-20,East,44,Standard,Broadband,Month-to-Month,Auto-debit,1090,1,3.8,54.1,3,0,1
C104417,2023-06-17,,North,36,Standard,5G,Month-to-Month,UPI,1251,2,2.9,66.2,3,0,0
C104418,2022-10-28,,North,52,Standard,5G,Month-to-Month,Net Banking,1172,1,3.9,87.4,2,0,0
C104419,2022-11-09,,East,30,Premium,Fiber,2 Year,Auto-debit,1990,1,3.5,,4,0,0
C104420,2024-07-20,,South,44,Basic,Broadband,2 Year,Auto-debit,499,2,3.1,32.2,1,0,0
C104421,2023-01-14,,North,40,Basic,5G,2 Year,Auto-debit,661,2,3.1,13.0,1,1,0
C104422,2025-01-31,,East,36,Standard,5G,2 Year,UPI,1233,1,3.4,17.5,2,1,0
C104423,2025-01-03,,South,33,Basic,Broadband,2 Year,Net Banking,762,1,2.6,43.2,4,1,0
C104424,2024-12-23,2025-10-10,East,34,Standard,Fiber,Month-to-Month,UPI,1388,2,2.0,80.8,4,1,1
C104425,2022-06-05,,South,38,Premium,5G,Month-to-Month,Net Banking,2043,2,4.3,106.3,3,1,0
C104426,2025-03-16,,North,34,Basic,Fiber,2 Year,UPI,486,1,3.7,45.0,0,1,0
C104427,2025-01-16,,North,47,Standard,Fiber,1 Year,Credit Card,1178,3,2.7,164.1,3,0,0
C104428,2025-03-31,,South,32,Standard,Fiber,Month-to-Month,Auto-debit,901,1,4.3,57.5,0,1,0
C104429,2024-11-04,,North,57,Premium,5G,2 Year,Auto-debit,2186,2,5.0,141.5,4,2,0
C104430,2025-01-13,,South,31,Standard,Fiber,Month-to-Month,Credit Card,884,0,2.7,171.0,0,0,0
C104431,2022-11-07,,Central,49,Basic,5G,2 Year,UPI,501,3,3.0,26.3,0,0,0
C104432,2025-02-21,,West,50,Standard,Broadband,1 Year,UPI,1016,1,4.0,178.6,2,0,0
C104433,2025-08-08,,South,40,Standard,Broadband,Month-to-Month,UPI,956,5,1.4,119.8,2,0,0
C104434,2024-01-13,,East,39,Standard,Fiber,2 Year,UPI,947,3,2.0,63.1,1,1,0
C104435,2025-04-16,,East,29,Standard,Broadband,1 Year,Auto-debit,1033,1,4.2,20.7,2,1,0
C104436,2025-06-29,2025-08-30,West,32,Basic,Fiber,1 Year,Credit Card,870,2,3.3,88.6,3,1,1
C104437,2023-08-30,,South,41,Standard,5G,1 Year,UPI,1314,0,3.3,178.6,3,0,0
C104438,2025-05-11,,South,37,Standard,Fiber,Month-to-Month,Net Banking,1242,0,2.7,52.1,3,2,0
C104439,2022-11-19,,South,52,Basic,5G,Month-to-Month,UPI,562,1,3.8,110.6,1,0,0
C104440,2025-09-21,2025-11-23,North,33,Standard,Fiber,Month-to-Month,UPI,1176,1,2.6,31.6,2,0,1
C104441,2022-06-26,2025-06-06,South,33,Premium,5G,Month-to-Month,UPI,1734,2,2.8,136.4,0,0,1
C104442,2025-06-12,2025-09-26,West,18,Standard,Fiber,Month-to-Month,UPI,1064,1,2.9,67.4,1,2,1
C104443,2024-01-25,,Central,46,Basic,Fiber,Month-to-Month,Credit Card,879,2,3.1,22.7,4,0,0
C104444,2024-12-23,,North,45,Standard,5G,Month-to-Month,Net Banking,1024,1,2.8,65.0,0,0,0
C104445,2025-05-02,,South,50,Basic,Fiber,1 Year,Credit Card,681,1,2.9,43.5,2,0,0
C104446,2023-04-15,2024-06-24,South,50,Standard,5G,Month-to-Month,Auto-debit,1219,3,3.7,40.7,2,0,1
C104447,2024-07-24,,East,47,Standard,5G,Month-to-Month,Auto-debit,1109,0,3.9,103.3,1,0,0
C104448,2025-04-20,,East,48,Basic,5G,2 Year,Auto-debit,538,0,3.8,31.4,0,0,0
C104449,2025-04-16,,North,45,Basic,5G,2 Year,Auto-debit,470,2,3.6,36.9,0,1,0
C104450,2023-11-04,2024-09-03,West,47,Premium,Broadband,2 Year,Auto-debit,1686,8,1.3,243.1,3,1,1
C104451,2025-11-13,,Central,18,Basic,Broadband,Month-to-Month,Auto-debit,656,2,3.6,31.9,2,0,0
C104452,2025-10-23,2025-12-24,East,25,Premium,Fiber,1 Year,UPI,1814,1,4.0,38.1,2,1,1
C104453,2023-12-07,,West,23,Standard,5G,Month-to-Month,UPI,986,1,2.8,65.0,0,2,0
C104454,2025-12-06,,East,53,Standard,5G,1 Year,Net Banking,1238,2,3.7,77.8,2,1,0
C104455,2025-11-19,,South,29,Basic,Fiber,2 Year,Auto-debit,492,1,3.7,39.2,0,0,0
C104456,2024-06-14,,North,31,Basic,Fiber,Month-to-Month,Auto-debit,506,0,4.0,68.0,1,0,0
C104457,2022-08-11,,East,38,Basic,Fiber,2 Year,Net Banking,884,1,4.7,54.0,4,3,0
C104458,2025-08-09,2025-10-30,North,23,Standard,5G,1 Year,Auto-debit,1202,1,3.6,,2,0,1
C104459,2023-03-31,2023-11-27,West,43,Premium,Fiber,Month-to-Month,Net Banking,1637,3,2.6,167.0,0,3,1
C104460,2025-02-10,,South,18,Premium,5G,Month-to-Month,Net Banking,1947,1,3.8,148.7,2,0,0
C104461,2022-04-29,2023-09-07,South,24,Basic,5G,2 Year,UPI,517,5,2.6,54.9,0,1,1
C104462,2022-10-10,,South,40,Basic,5G,Month-to-Month,Credit Card,426,1,2.8,40.8,0,0,0
C104463,2024-03-20,,Central,23,Basic,Fiber,Month-to-Month,UPI,720,0,2.4,51.0,3,1,0
C104464,2023-08-15,2024-02-29,North,54,Premium,Broadband,Month-to-Month,UPI,1726,2,3.5,124.5,3,2,1
C104465,2025-01-12,,North,39,Basic,5G,2 Year,Credit Card,703,0,4.5,38.1,1,0,0
C104466,2025-05-10,,North,52,Basic,Fiber,Month-to-Month,UPI,771,1,4.2,56.2,3,1,0
C104467,2023-01-10,,East,42,Standard,Fiber,2 Year,Auto-debit,891,1,3.7,97.4,0,1,0
C104468,2023-04-03,,Central,38,Standard,Fiber,1 Year,Credit Card,1122,1,4.6,97.4,2,1,0
C104469,2025-02-11,2025-11-04,South,26,Basic,Broadband,Month-to-Month,Net Banking,561,4,2.9,60.2,2,0,1
C104470,2024-12-28,,Central,49,Standard,Fiber,Month-to-Month,UPI,969,0,3.7,23.9,0,1,0
C104471,2025-09-22,,South,43,Basic,Fiber,1 Year,Auto-debit,758,1,3.7,69.5,3,0,0
C104472,2025-03-07,2025-05-07,East,63,Basic,Fiber,Month-to-Month,Credit Card,699,2,2.8,27.3,2,1,1
C104473,2024-04-25,,North,48,Basic,Fiber,Month-to-Month,Credit Card,651,0,2.9,77.4,2,0,0
C104474,2025-09-22,,East,33,Basic,5G,Month-to-Month,Net Banking,841,0,3.1,22.4,3,2,0
C104475,2024-02-09,,East,41,Premium,Broadband,2 Year,Credit Card,1631,2,3.2,260.1,3,1,0
C104476,2022-07-16,,East,43,Standard,5G,1 Year,Credit Card,1198,1,4.2,24.7,2,0,0
C104477,2023-01-13,,South,52,Standard,Broadband,Month-to-Month,Net Banking,1217,2,2.3,86.6,4,1,0
C104478,2024-10-15,2025-03-29,West,54,Basic,Fiber,Month-to-Month,Auto-debit,448,2,2.6,36.8,0,0,1
C104479,2023-11-17,,Central,36,Standard,5G,Month-to-Month,UPI,1310,1,4.1,92.9,3,1,0
C104480,2023-04-09,,South,23,Premium,Broadband,1 Year,Auto-debit,1512,2,3.3,279.4,1,1,0
C104481,2024-03-10,,East,18,Basic,5G,Month-to-Month,UPI,739,0,3.7,,2,0,0
C104482,2025-08-20,2025-11-04,West,24,Premium,Broadband,2 Year,UPI,1721,2,3.2,188.6,3,0,1
C104483,2024-04-18,,South,31,Standard,Fiber,2 Year,UPI,1331,2,4.7,158.7,4,0,0
C104484,2025-07-30,,West,56,Standard,5G,Month-to-Month,UPI,1232,6,2.7,54.1,2,0,0
C104485,2023-03-22,,South,56,Basic,5G,2 Year,UPI,445,1,3.7,53.0,0,0,0
C104486,2024-03-24,,West,50,Standard,Fiber,1 Year,Auto-debit,1285,2,3.4,146.1,4,0,0
C104487,2025-09-09,,North,53,Standard,Broadband,1 Year,Credit Card,942,2,3.6,87.9,2,1,0
C104488,2024-02-22,,South,30,Premium,Fiber,Month-to-Month,Auto-debit,1631,2,4.8,87.9,0,0,0
C104489,2025-11-14,,East,20,Premium,Fiber,2 Year,UPI,1625,3,3.0,152.6,0,0,0
C104490,2024-05-07,,East,26,Basic,Broadband,Month-to-Month,Net Banking,454,3,3.2,46.8,0,1,0
C104491,2025-06-06,,West,18,Premium,5G,2 Year,UPI,1862,2,3.5,152.1,1,0,0
C104492,2024-02-12,,Central,25,Premium,Broadband,Month-to-Month,Credit Card,1473,1,4.4,90.5,1,1,0
C104493,2025-10-20,,North,32,Standard,Broadband,Month-to-Month,UPI,1200,3,4.2,83.2,4,2,0
C104494,2025-02-10,,South,40,Basic,Fiber,2 Year,Net Banking,780,2,2.9,41.2,4,1,0
C104495,2022-11-19,,South,40,Basic,5G,Month-to-Month,Net Banking,482,2,3.6,34.5,0,0,0
C104496,2024-02-18,2025-12-22,East,30,Basic,Broadband,Month-to-Month,UPI,404,0,3.9,85.1,1,0,1
C104497,2024-06-09,2025-05-14,East,45,Basic,Fiber,2 Year,UPI,571,2,2.3,34.2,1,1,1
C104498,2023-05-26,2025-10-22,West,30,Premium,5G,Month-to-Month,Credit Card,1936,2,4.2,80.8,2,1,1
C104499,2025-12-18,,West,38,Basic,Broadband,2 Year,UPI,394,2,4.4,24.4,0,0,0
C104500,2022-07-22,,North,25,Standard,Fiber,2 Year,Net Banking,981,0,4.4,71.4,1,1,0
C104501,2023-02-03,2025-11-17,South,51,Standard,Broadband,Month-to-Month,Credit Card,970,3,2.6,68.3,2,0,1
C104502,2025-06-22,,East,38,Standard,5G,1 Year,Auto-debit,1224,1,2.6,105.7,2,0,0
C104503,2024-06-05,,East,46,Basic,Broadband,2 Year,Auto-debit,738,4,3.2,23.9,4,0,0
C104504,2025-05-04,,North,23,Standard,5G,2 Year,UPI,1415,2,2.5,31.7,4,1,0
C104505,2025-03-27,,South,40,Standard,5G,Month-to-Month,Auto-debit,1065,0,3.1,29.2,1,2,0
C104506,2024-06-17,,South,45,Standard,Broadband,1 Year,Auto-debit,1128,0,3.9,92.6,4,0,0
C104507,2023-04-25,,North,18,Basic,Fiber,1 Year,UPI,904,0,4.3,74.2,4,0,0
C104508,2022-10-28,,West,52,Standard,5G,Month-to-Month,Auto-debit,1151,1,3.3,118.7,1,0,0
C104509,2024-07-15,,South,23,Basic,Broadband,1 Year,Credit Card,575,2,3.2,34.4,2,1,0
C104510,2023-04-01,,East,41,Standard,Broadband,Month-to-Month,Net Banking,1074,0,3.7,78.7,3,1,0
C104511,2025-09-19,,East,59,Standard,Broadband,Month-to-Month,Net Banking,1185,0,3.2,24.0,4,2,0
C104512,2022-08-31,,West,49,Basic,5G,Month-to-Month,Auto-debit,763,2,3.0,99.3,3,0,0
C104513,2025-02-03,,North,20,Premium,5G,2 Year,Auto-debit,2119,0,2.9,210.3,4,0,0
C104514,2022-08-18,,North,36,Basic,5G,Month-to-Month,Auto-debit,814,2,3.8,69.5,3,0,0
C104515,2024-10-25,,South,53,Premium,5G,Month-to-Month,UPI,1832,1,5.0,75.3,0,0,0
C104516,2023-04-14,2024-06-04,South,28,Premium,5G,Month-to-Month,Auto-debit,1834,2,3.5,98.3,1,0,1
C104517,2025-03-20,,South,34,Basic,Fiber,Month-to-Month,Net Banking,896,1,4.4,40.2,4,0,0
C104518,2025-12-06,,West,33,Basic,Fiber,2 Year,Auto-debit,671,4,2.6,103.5,2,0,0
C104519,2024-12-25,,South,45,Basic,5G,Month-to-Month,Auto-debit,432,1,2.6,72.9,0,1,0
C104520,2024-09-19,,North,20,Premium,Fiber,Month-to-Month,UPI,1707,3,4.8,107.4,1,0,0
C104521,2023-01-08,,South,46,Standard,Fiber,2 Year,UPI,1111,2,2.7,98.7,2,1,0
C104522,2024-08-18,2025-06-18,West,31,Basic,Fiber,Month-to-Month,Auto-debit,715,3,3.7,28.0,2,1,1
C104523,2023-03-25,,West,38,Standard,Broadband,Month-to-Month,Auto-debit,859,2,3.5,36.9,0,0,0
C104524,2023-12-15,,West,35,Basic,Broadband,2 Year,Auto-debit,513,4,3.6,42.7,1,0,0
C104525,2025-08-02,,East,45,Standard,5G,1 Year,Credit Card,1146,0,3.8,41.7,1,0,0
C104526,2023-02-01,2025-02-20,West,38,Standard,Broadband,Month-to-Month,UPI,892,4,2.0,31.6,1,0,1
C104527,2025-01-17,2025-04-08,West,55,Basic,Broadband,1 Year,Credit Card,840,4,2.3,45.0,4,0,1
C104528,2023-08-09,,South,50,Premium,Fiber,1 Year,UPI,1613,2,5.0,103.3,0,0,0
C104529,2025-06-19,,East,28,Basic,Fiber,1 Year,Auto-debit,800,5,2.8,26.7,3,0,0
C104530,2022-02-17,,West,54,Standard,Fiber,Month-to-Month,Credit Card,1066,3,4.6,60.3,1,0,0
C104531,2022-07-05,,South,42,Standard,Fiber,2 Year,UPI,1146,0,3.5,89.1,2,0,0
C104532,2025-09-08,,East,40,Premium,5G,1 Year,Credit Card,1818,2,4.0,105.3,1,0,0
C104533,2022-03-28,,East,48,Standard,Fiber,1 Year,Auto-debit,1298,1,2.7,79.0,4,0,0
C104534,2025-09-16,,East,26,Premium,Broadband,2 Year,Net Banking,1825,7,2.3,108.3,4,2,0
C104535,2024-07-31,,North,21,Basic,5G,2 Year,UPI,633,1,5.0,105.0,1,0,0
C104536,2023-01-15,,West,38,Premium,Fiber,1 Year,Credit Card,1615,4,2.5,229.2,0,0,0
C104537,2024-07-20,2025-05-20,West,31,Basic,Broadband,Month-to-Month,Credit Card,387,2,2.8,46.9,0,1,1
C104538,2024-12-04,,North,63,Standard,Broadband,Month-to-Month,UPI,1104,1,4.1,48.9,3,1,0
C104539,2022-07-17,,South,29,Basic,Broadband,1 Year,Net Banking,784,3,3.1,33.4,4,1,0
C104540,2023-02-22,,North,38,Premium,Broadband,Month-to-Month,UPI,1388,0,5.0,61.8,0,0,0
C104541,2025-04-28,,North,40,Premium,Broadband,1 Year,Credit Card,1477,0,3.8,79.1,0,1,0
C104542,2024-04-24,,Central,53,Standard,5G,1 Year,Credit Card,1178,0,3.8,102.9,2,0,0
C104543,2025-08-20,,East,26,Standard,Broadband,1 Year,Credit Card,1215,1,3.8,54.8,4,0,0
C104544,2023-08-11,2024-03-30,South,19,Standard,Fiber,Month-to-Month,Credit Card,1222,1,2.8,67.5,3,2,1
C104545,2025-05-25,,South,55,Basic,5G,2 Year,Net Banking,450,2,2.4,79.8,0,1,0
C104546,2022-10-24,,Central,39,Standard,5G,1 Year,UPI,1344,1,2.6,97.2,4,0,0
C104547,2022-05-01,,South,48,Standard,Fiber,Month-to-Month,UPI,1015,2,1.0,76.3,1,0,0
C104548,2025-10-05,,West,48,Standard,Fiber,1 Year,Auto-debit,940,0,3.7,69.6,1,2,0
C104549,2023-08-13,,South,50,Basic,Fiber,Month-to-Month,Auto-debit,631,0,2.9,40.1,1,0,0
C104550,2024-12-03,,North,33,Premium,Fiber,1 Year,UPI,1891,0,3.6,187.8,3,0,0
C104551,2025-11-15,,West,30,Basic,Fiber,Month-to-Month,UPI,540,1,4.3,51.3,1,0,0
C104552,2025-12-12,,North,18,Standard,5G,1 Year,Auto-debit,1345,0,3.1,64.8,3,0,0
C104553,2022-05-26,,West,26,Basic,Broadband,Month-to-Month,UPI,492,1,4.0,23.4,1,0,0
C104554,2023-07-27,,South,39,Basic,5G,Month-to-Month,Auto-debit,525,1,2.4,56.3,0,0,0
C104555,2023-08-11,,West,30,Basic,5G,Month-to-Month,Auto-debit,476,2,2.8,52.5,0,2,0
C104556,2025-10-01,,West,24,Basic,Fiber,Month-to-Month,UPI,659,2,4.5,20.0,2,1,0
C104557,2025-04-12,2025-07-03,West,39,Standard,Broadband,2 Year,UPI,838,4,2.5,68.2,0,2,1
C104558,2022-12-23,,North,54,Standard,Fiber,2 Year,Auto-debit,1082,2,,87.1,2,1,0
C104559,2024-06-29,,West,37,Standard,Fiber,Month-to-Month,UPI,1237,2,4.9,64.7,3,0,0
C104560,2024-01-11,,Central,24,Standard,5G,Month-to-Month,Credit Card,1100,1,3.3,182.6,2,1,0
C104561,2024-07-16,,South,53,Basic,Broadband,1 Year,UPI,648,3,2.6,94.9,2,1,0
C104562,2024-12-07,2025-06-27,South,29,Basic,Broadband,Month-to-Month,Net Banking,377,5,1.0,23.5,0,2,1
C104563,2022-04-19,2024-02-27,West,56,Standard,Broadband,Month-to-Month,Auto-debit,796,4,3.0,65.1,0,2,1
C104564,2022-10-27,,North,35,Standard,5G,Month-to-Month,Net Banking,995,0,4.1,119.6,0,3,0
C104565,2025-06-23,2025-12-10,West,39,Standard,5G,1 Year,UPI,960,0,4.3,70.7,0,1,1
C104566,2025-09-21,,West,57,Basic,5G,2 Year,Credit Card,655,2,4.3,63.9,2,0,0
C104567,2025-07-30,,North,22,Premium,Fiber,Month-to-Month,Net Banking,1729,0,3.3,85.3,1,0,0
C104568,2024-07-22,,East,25,Basic,Fiber,2 Year,UPI,779,1,4.9,20.2,3,2,0
C104569,2022-04-28,,East,34,Standard,Broadband,2 Year,Auto-debit,863,3,2.9,104.2,1,1,0
C104570,2025-04-24,,South,36,Basic,Broadband,2 Year,Net Banking,520,3,3.3,37.5,1,2,0
C104571,2025-10-14,,West,70,Standard,Fiber,1 Year,UPI,1139,3,3.0,267.5,2,0,0
C104572,2025-05-10,,North,27,Standard,Fiber,2 Year,Auto-debit,1003,2,2.8,117.9,1,0,0
C104573,2024-01-15,,South,22,Standard,Fiber,1 Year,Credit Card,867,2,2.5,43.4,0,1,0
C104574,2024-01-09,,West,27,Basic,5G,2 Year,UPI,497,3,3.2,61.9,0,0,0
C104575,2024-04-12,,North,41,Standard,Fiber,Month-to-Month,UPI,1329,2,2.6,71.1,4,0,0
C104576,2024-11-12,,West,44,Basic,5G,1 Year,UPI,496,3,2.9,57.5,0,0,0
C104577,2023-01-06,,North,30,Standard,Fiber,1 Year,UPI,994,1,3.3,51.3,1,0,0
C104578,2024-11-18,2025-10-26,East,38,Basic,Fiber,Month-to-Month,UPI,676,2,3.0,51.7,2,2,1
C104579,2025-04-30,2025-07-09,North,61,Basic,Fiber,Month-to-Month,Auto-debit,707,2,2.0,75.1,2,0,1
C104580,2024-02-18,2025-07-30,West,38,Standard,Broadband,Month-to-Month,Net Banking,1065,5,1.0,111.2,3,4,1
C104581,2024-09-26,,West,42,Basic,Fiber,Month-to-Month,UPI,744,0,4.4,76.4,3,2,0
C104582,2023-01-30,,West,61,Basic,5G,Month-to-Month,Net Banking,905,1,4.3,210.0,3,0,0
C104583,2023-01-21,,Central,30,Premium,5G,Month-to-Month,Net Banking,1859,0,2.2,93.4,1,0,0
C104584,2024-11-02,2025-10-06,West,29,Premium,Broadband,Month-to-Month,Credit Card,1744,2,3.8,290.8,4,0,1
C104585,2025-02-13,,West,32,Premium,Fiber,1 Year,Auto-debit,1590,1,3.9,136.7,0,0,0
C104586,2022-04-30,,East,32,Basic,5G,Month-to-Month,UPI,567,0,2.9,36.4,1,0,0
C104587,2024-12-28,,Central,18,Standard,Fiber,Month-to-Month,UPI,1033,1,4.2,73.4,1,0,0
C104588,2023-12-10,,East,40,Standard,5G,Month-to-Month,UPI,1110,0,4.6,115.7,1,2,0
C104589,2022-07-25,,Central,41,Basic,5G,Month-to-Month,UPI,671,0,4.5,36.8,2,1,0
C104590,2025-08-05,2025-12-18,South,36,Standard,Broadband,Month-to-Month,Credit Card,873,2,4.5,27.7,0,1,1
C104591,2023-04-27,,East,41,Basic,Broadband,2 Year,UPI,798,2,4.0,67.3,4,1,0
C104592,2022-08-30,2024-09-24,West,41,Premium,Broadband,Month-to-Month,Credit Card,1381,3,2.7,132.1,0,1,1
C104593,2024-12-22,,North,22,Standard,Broadband,Month-to-Month,Auto-debit,849,1,3.6,56.9,1,2,0
C104594,2025-09-12,,North,41,Standard,Fiber,1 Year,Auto-debit,1081,1,3.8,39.2,2,2,0
C104595,2025-11-16,,Central,45,Standard,5G,2 Year,Net Banking,1345,1,4.6,90.3,4,0,0
C104596,2022-11-13,,South,19,Basic,Fiber,Month-to-Month,Net Banking,649,1,3.4,84.3,2,0,0
C104597,2023-04-03,,North,56,Basic,Fiber,Month-to-Month,Net Banking,621,0,3.4,28.2,2,3,0
C104598,2024-04-11,2024-09-09,South,23,Standard,5G,1 Year,Credit Card,1129,3,1.9,84.9,1,0,1
C104599,2025-03-15,2025-05-11,South,24,Standard,5G,Month-to-Month,Credit Card,1272,1,4.2,222.9,3,1,1
C104600,2024-01-08,,East,40,Standard,5G,Month-to-Month,UPI,1230,1,,118.4,2,0,0
C104601,2025-02-21,,Central,44,Basic,Broadband,2 Year,UPI,419,3,2.4,44.3,0,1,0
C104602,2024-12-31,,Central,47,Standard,5G,2 Year,Credit Card,1223,3,3.6,70.3,2,0,0
C104603,2025-09-01,,East,45,Basic,Broadband,1 Year,Credit Card,831,0,3.6,35.0,4,0,0
C104604,2023-05-31,2023-10-27,West,32,Basic,Broadband,Month-to-Month,UPI,875,4,1.9,46.1,4,0,1
C104605,2025-07-18,,South,39,Premium,Broadband,1 Year,UPI,1464,1,4.7,96.3,1,1,0
C104606,2024-05-30,,West,34,Standard,Fiber,2 Year,Auto-debit,1250,1,2.1,64.8,3,0,0
C104607,2023-01-10,,North,40,Standard,5G,2 Year,UPI,1114,1,3.7,69.9,1,0,0
C104608,2025-10-08,,North,39,Premium,5G,Month-to-Month,Credit Card,2088,3,3.2,53.2,3,1,0
C104609,2025-07-05,2025-09-24,Central,32,Basic,Broadband,Month-to-Month,UPI,601,3,1.9,41.5,2,1,1
C104610,2022-02-02,,West,34,Premium,Fiber,Month-to-Month,UPI,1755,2,3.7,462.5,1,0,0
C104611,2025-05-04,,South,18,Standard,Fiber,2 Year,Auto-debit,1263,1,3.1,37.5,4,0,0
C104612,2025-02-05,,West,48,Standard,Fiber,Month-to-Month,UPI,978,0,5.0,162.1,1,1,0
C104613,2024-08-28,,East,42,Basic,Fiber,Month-to-Month,UPI,535,2,4.0,76.6,1,3,0
C104614,2023-12-12,,South,18,Basic,Broadband,Month-to-Month,Auto-debit,792,0,4.0,62.7,4,0,0
C104615,2022-08-24,,South,48,Standard,Fiber,Month-to-Month,Credit Card,1020,3,1.3,58.1,1,0,0
C104616,2023-02-24,,North,37,Basic,Fiber,2 Year,Net Banking,429,2,2.9,72.3,0,1,0
C104617,2022-01-20,,East,27,Basic,5G,Month-to-Month,Net Banking,855,1,,114.6,4,1,0
C104618,2024-05-05,,South,26,Standard,5G,Month-to-Month,UPI,1171,0,4.6,131.8,2,1,0
C104619,2024-10-06,,East,30,Standard,Fiber,1 Year,UPI,1246,2,3.4,87.2,4,0,0
C104620,2023-07-01,,North,27,Basic,5G,1 Year,Credit Card,487,1,3.8,46.7,0,2,0
C104621,2022-10-29,,Central,28,Standard,5G,1 Year,UPI,1293,1,4.3,56.0,3,4,0
C104622,2023-10-15,,East,58,Premium,Broadband,2 Year,UPI,1417,1,4.9,130.3,0,1,0
C104623,2022-05-08,,Central,42,Standard,5G,Month-to-Month,Net Banking,1203,1,4.6,101.5,2,3,0
C104624,2023-08-02,,North,62,Premium,Broadband,Month-to-Month,UPI,1570,3,3.6,126.5,1,0,0
C104625,2022-10-08,,East,41,Standard,Fiber,Month-to-Month,UPI,1149,1,3.4,74.6,2,0,0
C104626,2025-03-23,,West,45,Basic,Broadband,1 Year,Credit Card,527,5,2.9,45.0,1,2,0
C104627,2025-11-20,,South,27,Basic,5G,2 Year,Credit Card,909,0,3.8,116.4,4,0,0
C104628,2025-11-23,,North,36,Premium,5G,Month-to-Month,Net Banking,2067,2,4.1,135.6,3,0,0
C104629,2024-05-15,,South,37,Standard,5G,1 Year,UPI,990,2,2.9,86.3,0,1,0
C104630,2022-08-10,,South,45,Premium,Fiber,1 Year,Net Banking,1811,1,4.4,37.4,2,0,0
C104631,2022-04-27,,South,37,Premium,Fiber,2 Year,Auto-debit,1983,0,4.0,201.3,3,1,0
C104632,2024-10-10,2025-08-14,South,42,Basic,Broadband,Month-to-Month,Credit Card,594,3,3.3,62.5,2,0,1
C104633,2024-01-01,2024-07-06,South,42,Basic,Broadband,Month-to-Month,Auto-debit,643,4,2.0,61.0,3,0,1
C104634,2024-05-10,,East,34,Standard,Fiber,1 Year,UPI,1145,5,2.4,105.2,2,0,0
C104635,2022-12-25,,North,33,Basic,5G,2 Year,UPI,930,1,3.9,29.0,4,2,0
C104636,2024-04-24,,South,30,Standard,5G,1 Year,UPI,1302,2,3.2,67.1,3,0,0
C104637,2023-03-28,,West,51,Premium,5G,2 Year,Credit Card,1872,0,2.4,299.7,2,0,0
C104638,2024-06-16,,North,34,Standard,Fiber,Month-to-Month,Auto-debit,1366,1,2.7,38.5,4,0,0
C104639,2024-06-23,,South,42,Basic,Broadband,1 Year,UPI,507,0,4.0,23.8,1,1,0
C104640,2025-07-09,,North,36,Standard,5G,Month-to-Month,UPI,1283,2,4.4,37.2,3,0,0
C104641,2025-08-17,,North,51,Basic,5G,Month-to-Month,Auto-debit,843,2,3.1,42.5,3,0,0
C104642,2023-01-19,,East,18,Premium,5G,Month-to-Month,UPI,1767,1,3.4,275.6,1,0,0
C104643,2024-03-25,,North,42,Basic,5G,Month-to-Month,Net Banking,899,2,4.0,53.5,4,0,0
C104644,2023-05-25,,South,23,Premium,Fiber,Month-to-Month,UPI,1686,1,3.8,213.8,1,0,0
C104645,2025-04-02,2025-07-25,Central,43,Standard,Broadband,1 Year,Auto-debit,1255,6,2.8,28.6,4,2,1
C104646,2025-04-02,,Central,36,Standard,Fiber,2 Year,UPI,929,1,3.3,50.9,0,0,0
C104647,2022-09-01,,North,20,Standard,Broadband,Month-to-Month,Net Banking,863,1,3.3,55.2,1,1,0
C104648,2025-07-13,2025-10-12,South,42,Basic,Broadband,Month-to-Month,Credit Card,544,2,3.9,103.7,1,0,1
C104649,2023-04-12,,East,41,Standard,5G,Month-to-Month,Auto-debit,999,0,4.3,83.4,1,2,0
C104650,2023-05-03,2024-09-20,West,35,Premium,5G,Month-to-Month,Auto-debit,1967,2,3.3,121.1,2,0,1
C104651,2025-01-24,2025-05-12,West,37,Premium,Fiber,Month-to-Month,Auto-debit,1855,3,2.5,136.9,3,0,1
C104652,2022-08-01,,North,40,Basic,5G,1 Year,UPI,678,1,2.4,41.4,2,0,0
C104653,2024-07-21,,North,52,Standard,5G,2 Year,Credit Card,1187,3,2.0,209.8,2,0,0
C104654,2024-02-05,,South,34,Premium,Fiber,Month-to-Month,Auto-debit,1645,0,3.6,329.1,0,0,0
C104655,2023-11-17,,West,50,Premium,Fiber,1 Year,Net Banking,1697,4,3.2,217.4,0,0,0
C104656,2025-11-06,,Central,38,Standard,Broadband,1 Year,Auto-debit,827,1,2.4,128.4,1,0,0
C104657,2022-02-13,2025-04-04,North,54,Basic,Fiber,Month-to-Month,Auto-debit,477,2,2.2,36.1,0,2,1
C104658,2024-01-20,,East,35,Premium,Fiber,Month-to-Month,UPI,1697,1,4.0,157.0,0,1,0
C104659,2024-11-08,,North,30,Basic,Fiber,Month-to-Month,UPI,436,1,4.6,17.1,0,1,0
C104660,2023-02-05,,West,25,Basic,5G,Month-to-Month,UPI,572,4,3.6,37.6,1,0,0
C104661,2023-08-28,2025-11-02,Central,38,Standard,5G,2 Year,Net Banking,1008,1,2.3,35.7,0,2,1
C104662,2025-12-02,,South,28,Basic,Broadband,Month-to-Month,Credit Card,432,1,3.8,59.8,0,1,0
C104663,2022-10-08,,North,55,Premium,5G,Month-to-Month,UPI,1874,0,4.7,118.1,1,2,0
C104664,2025-08-08,2025-09-18,East,28,Basic,Fiber,Month-to-Month,Net Banking,544,5,2.2,68.4,1,1,1
C104665,2022-02-08,,South,30,Standard,5G,Month-to-Month,UPI,1363,0,3.6,107.7,4,0,0
C104666,2024-04-08,2025-06-03,West,45,Premium,Fiber,2 Year,Credit Card,1958,2,3.7,218.0,3,0,1
C104667,2023-12-23,2025-01-16,South,52,Premium,Broadband,Month-to-Month,Credit Card,1665,3,3.6,84.7,3,0,1
C104668,2025-05-21,2025-12-22,West,47,Premium,Fiber,1 Year,Credit Card,1829,4,3.3,50.6,3,0,1
C104669,2025-12-17,2025-12-28,South,51,Premium,Fiber,Month-to-Month,UPI,1551,2,4.0,328.0,0,0,1
C104670,2025-04-02,,North,37,Basic,5G,Month-to-Month,Net Banking,674,4,3.0,35.5,2,2,0
C104671,2023-04-07,,South,37,Premium,Fiber,Month-to-Month,Auto-debit,1966,1,3.3,121.5,3,0,0
C104672,2022-03-07,,North,62,Premium,5G,2 Year,Net Banking,2097,1,3.4,212.3,4,1,0
C104673,2024-08-19,,South,58,Standard,5G,Month-to-Month,Auto-debit,1258,1,3.0,67.1,2,1,0
C104674,2022-10-28,,West,47,Standard,Broadband,1 Year,UPI,950,2,3.0,43.8,1,0,0
C104675,2025-06-28,,North,51,Basic,Fiber,Month-to-Month,UPI,765,0,4.2,134.3,3,0,0
C104676,2023-05-25,,North,48,Standard,5G,1 Year,UPI,897,1,3.0,59.0,0,0,0
C104677,2025-03-09,,North,24,Standard,5G,1 Year,Net Banking,1347,3,3.8,195.7,4,1,0
C104678,2025-04-18,,North,38,Standard,Fiber,1 Year,UPI,993,0,3.1,93.5,1,1,0
C104679,2022-10-05,,West,56,Standard,5G,Month-to-Month,Auto-debit,1068,2,3.4,128.8,0,2,0
C104680,2024-06-28,,Central,47,Standard,Broadband,Month-to-Month,Credit Card,875,0,4.4,127.5,1,3,0
C104681,2024-05-12,,North,37,Basic,Broadband,2 Year,Auto-debit,764,2,3.6,38.0,4,1,0
C104682,2024-03-12,2025-08-18,West,56,Premium,Broadband,1 Year,Credit Card,1605,6,1.2,168.4,2,2,1
C104683,2024-04-08,2025-05-06,West,42,Basic,5G,Month-to-Month,Net Banking,442,3,3.1,125.5,0,1,1
C104684,2024-01-07,,Central,47,Basic,Fiber,Month-to-Month,Credit Card,557,2,2.8,90.6,1,0,0
C104685,2024-11-07,2025-08-31,South,42,Basic,Broadband,Month-to-Month,Credit Card,664,1,2.6,83.5,3,0,1
C104686,2023-11-03,,South,44,Premium,Fiber,Month-to-Month,Auto-debit,1716,1,3.9,176.2,0,0,0
C104687,2024-08-29,2025-02-20,South,45,Premium,5G,Month-to-Month,UPI,2108,2,2.6,118.9,4,1,1
C104688,2025-06-10,2025-11-26,West,54,Basic,Broadband,Month-to-Month,Auto-debit,773,5,2.7,30.6,3,0,1
C104689,2024-12-09,,West,55,Basic,Broadband,Month-to-Month,Net Banking,650,2,4.3,104.1,3,0,0
C104690,2025-05-30,,East,33,Standard,Broadband,1 Year,Net Banking,1107,1,3.8,58.8,3,0,0
C104691,2025-05-26,,South,42,Basic,Fiber,2 Year,UPI,479,0,3.6,36.8,0,1,0
C104692,2024-01-17,,West,53,Standard,5G,1 Year,UPI,1400,0,3.7,78.9,4,0,0
C104693,2024-10-21,,West,36,Basic,Fiber,Month-to-Month,UPI,561,1,4.2,22.6,1,0,0
C104694,2023-08-03,,South,22,Standard,Broadband,1 Year,Net Banking,833,2,3.1,64.9,0,1,0
C104695,2023-08-13,2025-03-27,West,27,Basic,5G,Month-to-Month,UPI,515,3,2.7,32.2,0,0,1
C104696,2025-10-22,,South,28,Standard,Fiber,1 Year,Auto-debit,912,3,2.4,38.1,0,0,0
C104697,2023-07-24,2024-03-06,East,33,Standard,Broadband,Month-to-Month,Auto-debit,772,2,2.7,41.7,0,1,1
C104698,2024-11-10,,East,29,Basic,5G,Month-to-Month,UPI,888,2,3.9,46.1,4,0,0
C104699,2024-10-13,,West,50,Basic,5G,1 Year,Net Banking,492,0,3.5,77.9,0,0,0
C104700,2025-10-26,,Central,35,Basic,Broadband,Month-to-Month,UPI,688,0,4.2,44.6,3,2,0
C104701,2025-03-18,,South,53,Basic,5G,1 Year,UPI,502,0,4.2,27.0,0,0,0
C104702,2025-10-31,2025-12-16,South,24,Premium,5G,1 Year,UPI,2088,2,2.8,89.6,4,1,1
C104703,2025-05-18,,South,34,Basic,Fiber,Month-to-Month,Auto-debit,616,0,3.2,55.4,2,0,0
C104704,2025-04-03,2025-07-22,North,39,Basic,Fiber,Month-to-Month,Auto-debit,690,1,4.0,82.8,2,0,1
C104705,2024-10-15,,South,48,Basic,Fiber,1 Year,UPI,369,1,3.6,75.4,0,0,0
C104706,2025-09-23,,North,52,Standard,Fiber,1 Year,UPI,1363,2,3.2,87.8,4,1,0
C104707,2025-10-07,,South,32,Premium,Fiber,2 Year,Credit Card,1784,1,4.1,265.7,2,1,0
C104708,2024-03-08,,North,50,Premium,5G,Month-to-Month,Credit Card,1816,0,4.7,95.6,0,0,0
C104709,2024-08-31,,South,18,Standard,5G,2 Year,UPI,1345,2,3.3,43.2,3,1,0
C104710,2024-05-14,2025-05-22,West,48,Premium,Fiber,Month-to-Month,Auto-debit,1992,2,3.1,108.0,4,1,1
C104711,2022-03-04,,South,22,Standard,5G,Month-to-Month,Auto-debit,990,0,3.9,146.3,0,0,0
C104712,2024-03-28,,East,43,Premium,Broadband,1 Year,Credit Card,1562,1,3.2,176.7,1,1,0
C104713,2024-03-30,,Central,52,Premium,Fiber,Month-to-Month,Auto-debit,1957,0,4.1,214.9,3,1,0
C104714,2025-04-09,,East,49,Basic,5G,Month-to-Month,Net Banking,538,0,3.8,44.7,0,0,0
C104715,2025-02-01,2025-05-13,North,18,Standard,Fiber,Month-to-Month,Credit Card,1262,2,2.7,83.8,3,1,1
C104716,2025-11-03,,South,33,Basic,5G,2 Year,Auto-debit,752,1,3.3,42.1,3,0,0
C104717,2024-11-10,,East,47,Basic,5G,2 Year,Credit Card,705,1,3.3,30.4,2,0,0
C104718,2024-09-17,,East,46,Premium,Fiber,2 Year,Credit Card,1677,0,4.5,127.2,1,1,0
C104719,2023-10-30,,North,41,Basic,Fiber,Month-to-Month,UPI,612,0,3.2,41.9,2,2,0
C104720,2022-07-23,,South,18,Standard,Broadband,Month-to-Month,Net Banking,806,1,3.0,61.4,0,0,0
C104721,2024-10-13,,East,52,Premium,Fiber,2 Year,UPI,1889,2,3.2,169.3,3,0,0
C104722,2023-06-24,,South,55,Standard,5G,Month-to-Month,UPI,1289,1,3.9,83.4,3,0,0
C104723,2024-08-21,2024-11-26,East,40,Basic,5G,Month-to-Month,Credit Card,677,0,4.3,92.2,2,3,1
C104724,2024-11-25,,North,41,Standard,Fiber,Month-to-Month,UPI,1166,0,4.0,50.7,3,0,0
C104725,2024-09-01,,South,44,Premium,5G,1 Year,UPI,2015,0,4.5,102.1,2,0,0
C104726,2023-10-27,,West,56,Basic,5G,1 Year,UPI,703,0,4.6,19.4,2,1,0
C104727,2024-03-11,,South,41,Basic,Fiber,Month-to-Month,Auto-debit,797,0,3.9,28.6,4,1,0
C104728,2024-10-06,2025-09-07,East,36,Standard,Broadband,Month-to-Month,Credit Card,1202,4,2.2,107.1,4,0,1
C104729,2024-07-27,,South,43,Premium,5G,1 Year,UPI,2206,0,3.9,187.9,4,1,0
C104730,2025-12-06,,South,38,Basic,5G,1 Year,Auto-debit,735,2,2.3,66.4,2,2,0
C104731,2024-06-09,,Central,38,Basic,Fiber,Month-to-Month,Auto-debit,537,3,3.3,89.8,1,0,0
C104732,2024-10-24,2025-01-10,South,18,Premium,Fiber,Month-to-Month,UPI,1589,0,3.7,164.3,0,0,1
C104733,2023-08-26,,South,44,Basic,5G,2 Year,Credit Card,658,1,3.6,48.5,2,1,0
C104734,2022-08-03,,Central,52,Basic,5G,1 Year,UPI,865,1,3.5,65.7,4,2,0
C104735,2025-01-23,,West,50,Standard,Fiber,1 Year,Credit Card,1288,1,3.3,53.7,4,0,0
C104736,2023-11-20,2024-09-25,West,49,Basic,5G,1 Year,Net Banking,440,2,3.5,20.7,0,1,1
C104737,2023-11-25,,North,37,Basic,5G,2 Year,UPI,679,4,2.7,38.7,2,0,0
C104738,2025-02-24,,North,40,Standard,Fiber,Month-to-Month,Credit Card,1230,3,2.6,68.5,3,0,0
C104739,2023-01-31,,East,52,Standard,Broadband,Month-to-Month,UPI,1079,4,2.0,83.1,3,0,0
C104740,2025-02-08,,North,48,Standard,5G,Month-to-Month,Credit Card,1403,0,4.0,52.7,4,1,0
C104741,2025-04-13,,South,56,Basic,5G,2 Year,UPI,564,0,3.0,34.9,0,0,0
C104742,2023-04-30,,West,30,Standard,Broadband,Month-to-Month,Auto-debit,1070,4,4.1,116.6,2,0,0
C104743,2023-07-07,,South,30,Standard,5G,Month-to-Month,Credit Card,996,0,4.7,42.8,0,1,0
C104744,2024-11-29,,North,34,Premium,Broadband,Month-to-Month,UPI,1731,2,2.4,120.0,3,0,0
C104745,2025-02-24,,North,27,Premium,Broadband,1 Year,Auto-debit,1590,4,3.4,92.4,2,1,0
C104746,2025-06-29,,South,22,Standard,Fiber,1 Year,UPI,1097,0,4.6,33.9,2,0,0
C104747,2024-01-21,2024-07-23,East,44,Premium,5G,Month-to-Month,Credit Card,2100,4,2.6,102.9,4,0,1
C104748,2023-06-16,,West,43,Premium,Broadband,Month-to-Month,Credit Card,1798,2,,80.5,4,1,0
C104749,2022-03-09,,North,41,Basic,Broadband,1 Year,UPI,541,3,3.0,38.4,1,0,0
C104750,2024-01-03,,North,42,Premium,Fiber,Month-to-Month,UPI,1954,1,4.2,131.3,4,1,0
C104751,2024-12-03,,East,20,Premium,Fiber,1 Year,UPI,1993,3,2.9,42.5,4,1,0
C104752,2024-08-02,2024-12-11,South,32,Basic,Fiber,Month-to-Month,Net Banking,445,1,4.3,79.3,0,3,1
C104753,2025-10-06,2025-12-10,East,34,Basic,Broadband,2 Year,Net Banking,706,4,2.7,212.7,3,0,1
C104754,2023-02-17,,Central,39,Standard,Broadband,Month-to-Month,UPI,810,2,3.1,49.2,0,0,0
C104755,2022-08-11,,East,20,Standard,Broadband,1 Year,UPI,1117,3,3.5,58.8,3,0,0
C104756,2023-04-10,,South,27,Standard,Fiber,Month-to-Month,Auto-debit,1292,0,4.4,52.3,3,0,0
C104757,2025-11-21,,Central,33,Standard,Broadband,Month-to-Month,UPI,1160,0,2.2,45.9,4,0,0
C104758,2024-08-24,,North,51,Basic,Fiber,1 Year,UPI,620,1,1.5,128.1,2,1,0
C104759,2024-03-06,,Central,41,Basic,5G,1 Year,Net Banking,608,2,3.5,40.5,1,1,0
C104760,2022-08-23,,East,50,Premium,Fiber,1 Year,UPI,1964,4,2.5,178.6,3,1,0
C104761,2024-05-21,2024-10-01,East,37,Basic,5G,1 Year,Auto-debit,539,4,1.9,85.2,1,0,1
C104762,2025-10-22,,Central,38,Standard,5G,1 Year,UPI,1012,1,3.3,133.0,0,0,0
C104763,2025-10-13,,East,44,Basic,Fiber,2 Year,Auto-debit,451,1,5.0,82.9,0,1,0
C104764,2025-01-03,,South,36,Standard,Fiber,Month-to-Month,UPI,1349,2,2.4,40.8,4,1,0
C104765,2023-10-25,2024-12-25,South,31,Standard,Broadband,2 Year,UPI,923,2,3.9,124.5,1,0,1
C104766,2023-09-02,,East,20,Basic,Fiber,Month-to-Month,UPI,461,1,3.0,39.0,0,1,0
C104767,2025-05-29,2025-07-25,East,31,Standard,5G,Month-to-Month,Auto-debit,1018,0,2.8,179.3,0,0,1
C104768,2024-10-18,,North,48,Standard,Fiber,1 Year,Credit Card,893,1,3.1,50.7,0,1,0
C104769,2024-03-13,2025-01-07,West,53,Basic,Fiber,Month-to-Month,UPI,788,3,2.1,26.0,3,1,1
C104770,2024-05-12,,East,29,Basic,Fiber,Month-to-Month,Auto-debit,514,2,2.2,46.1,0,2,0
C104771,2023-11-01,2024-03-18,South,18,Standard,5G,Month-to-Month,UPI,1399,3,2.5,105.8,4,2,1
C104772,2022-05-17,,North,49,Standard,5G,Month-to-Month,UPI,1180,1,2.8,31.3,2,1,0
C104773,2022-07-15,,South,39,Standard,Fiber,1 Year,UPI,1012,3,2.9,62.5,1,0,0
C104774,2024-01-13,,North,22,Standard,Broadband,Month-to-Month,Auto-debit,1227,2,3.4,44.2,4,0,0
C104775,2025-02-27,2025-10-23,North,18,Basic,Fiber,Month-to-Month,UPI,655,1,3.0,72.9,2,0,1
C104776,2022-08-21,,South,26,Basic,Broadband,Month-to-Month,UPI,450,2,3.7,34.6,1,0,0
C104777,2025-05-08,,North,32,Standard,Fiber,Month-to-Month,Auto-debit,1254,1,3.1,134.4,3,0,0
C104778,2024-04-15,2025-03-19,South,24,Standard,Broadband,Month-to-Month,Net Banking,1057,1,3.4,53.5,3,0,1
C104779,2025-07-31,,East,46,Premium,Fiber,Month-to-Month,UPI,1923,0,2.5,142.5,3,0,0
C104780,2024-12-03,,South,28,Basic,5G,2 Year,Credit Card,721,3,3.1,23.0,3,0,0
C104781,2024-11-15,,Central,38,Standard,5G,1 Year,UPI,1399,2,4.9,72.4,4,0,0
C104782,2024-11-11,,Central,66,Standard,5G,Month-to-Month,Credit Card,1194,1,4.1,44.2,2,0,0
C104783,2024-08-12,2024-12-21,East,39,Basic,Broadband,Month-to-Month,UPI,419,1,3.4,98.6,1,0,1
C104784,2025-06-12,,Central,37,Standard,Fiber,Month-to-Month,Net Banking,932,2,2.5,130.9,0,5,0
C104785,2025-09-27,,West,37,Standard,5G,Month-to-Month,Auto-debit,1054,2,4.4,85.2,1,0,0
C104786,2022-09-15,,South,46,Basic,Broadband,Month-to-Month,UPI,699,0,3.7,76.6,3,0,0
C104787,2025-01-13,,West,45,Basic,Broadband,2 Year,UPI,779,3,2.6,35.7,4,0,0
C104788,2022-10-17,,North,26,Basic,5G,1 Year,UPI,539,0,3.3,62.3,1,0,0
C104789,2022-05-06,2025-03-04,West,33,Premium,5G,Month-to-Month,Auto-debit,1707,1,5.0,117.6,0,0,1
C104790,2025-11-16,,East,30,Basic,Broadband,Month-to-Month,Auto-debit,657,3,3.0,59.4,3,0,0
C104791,2024-10-26,,North,35,Basic,Broadband,1 Year,Auto-debit,735,4,3.1,48.8,3,0,0
C104792,2023-05-30,,South,60,Basic,Broadband,2 Year,Auto-debit,432,3,2.9,44.6,0,1,0
C104793,2023-03-13,,Central,45,Basic,Broadband,Month-to-Month,Auto-debit,487,3,3.0,18.6,0,0,0
C104794,2025-11-26,,South,37,Basic,5G,2 Year,Auto-debit,577,1,3.3,33.2,1,0,0
C104795,2023-09-19,,North,53,Standard,5G,Month-to-Month,Net Banking,1175,1,4.5,189.6,2,1,0
C104796,2024-02-18,,North,40,Basic,5G,1 Year,UPI,504,1,3.6,43.3,0,0,0
C104797,2024-04-26,,East,18,Basic,Fiber,Month-to-Month,Net Banking,643,0,2.8,32.1,2,0,0
C104798,2023-02-07,2024-04-04,West,58,Basic,Broadband,1 Year,UPI,574,5,2.8,47.1,2,1,1
C104799,2025-10-27,2025-12-11,West,36,Standard,5G,Month-to-Month,UPI,1298,2,3.2,35.8,3,1,1
C104800,2022-05-11,,South,18,Basic,Fiber,Month-to-Month,UPI,883,1,3.8,36.3,4,1,0
C104801,2023-04-07,,North,19,Standard,5G,1 Year,UPI,914,1,3.3,84.1,0,1,0
C104802,2023-03-01,,North,52,Standard,Fiber,1 Year,Net Banking,1094,1,3.2,98.1,2,2,0
C104803,2024-03-29,,East,19,Standard,Fiber,1 Year,UPI,1259,0,4.4,91.2,4,0,0
C104804,2024-07-17,,West,54,Basic,5G,Month-to-Month,UPI,493,1,4.9,98.0,0,1,0
C104805,2025-10-17,2025-11-02,West,39,Premium,5G,1 Year,Auto-debit,2162,5,,87.6,4,0,1
C104806,2025-07-08,,South,47,Standard,5G,Month-to-Month,Credit Card,1142,3,3.1,36.2,1,0,0
C104807,2025-10-05,,East,35,Basic,Fiber,1 Year,UPI,739,1,3.2,38.4,3,2,0
C104808,2024-09-01,,South,44,Standard,5G,Month-to-Month,UPI,1300,1,2.9,57.8,3,1,0
C104809,2023-12-30,2025-09-09,East,42,Standard,Fiber,Month-to-Month,UPI,1248,6,1.0,84.1,4,0,1
C104810,2025-05-27,,East,38,Basic,Broadband,Month-to-Month,Auto-debit,365,2,3.6,39.8,0,0,0
C104811,2023-01-13,,West,25,Basic,Fiber,2 Year,UPI,863,1,3.2,49.4,4,0,0
C104812,2023-10-16,,East,42,Standard,Broadband,1 Year,Auto-debit,943,2,2.9,80.7,2,0,0
C104813,2023-12-26,,Central,18,Basic,Fiber,Month-to-Month,UPI,805,2,4.1,71.5,3,1,0
C104814,2023-10-20,,South,49,Premium,Fiber,1 Year,Auto-debit,1927,0,3.7,121.7,3,0,0
C104815,2023-07-08,2024-04-21,North,40,Basic,5G,Month-to-Month,UPI,661,2,3.0,50.9,2,1,1
C104816,2023-05-19,2023-11-08,South,44,Basic,Broadband,Month-to-Month,Credit Card,538,2,2.4,111.9,2,0,1
C104817,2025-03-02,,East,18,Basic,Broadband,Month-to-Month,UPI,766,4,2.2,20.3,4,0,0
C104818,2023-12-21,,East,24,Basic,5G,1 Year,UPI,661,2,4.3,50.3,2,1,0
C104819,2022-07-01,,East,32,Premium,Fiber,2 Year,Auto-debit,1956,1,4.2,115.6,4,0,0
C104820,2024-02-13,2025-06-22,West,46,Premium,Fiber,2 Year,Net Banking,1850,2,4.4,125.4,3,2,1
C104821,2025-12-02,,South,27,Premium,5G,Month-to-Month,UPI,2037,0,3.4,163.6,3,1,0
C104822,2025-05-27,,West,69,Standard,Fiber,Month-to-Month,Auto-debit,1146,1,3.8,50.4,2,0,0
C104823,2023-07-13,,West,35,Standard,Broadband,2 Year,UPI,870,3,3.8,57.5,1,2,0
C104824,2023-05-24,,South,26,Basic,5G,Month-to-Month,Auto-debit,814,1,4.0,66.3,3,1,0
C104825,2024-03-06,,South,36,Basic,Broadband,1 Year,Credit Card,485,3,4.2,42.5,1,1,0
C104826,2022-08-12,,North,27,Premium,Broadband,2 Year,UPI,1720,4,3.3,75.8,3,0,0
C104827,2025-06-05,,South,24,Standard,Fiber,Month-to-Month,UPI,1184,0,3.8,113.4,3,0,0
C104828,2025-03-19,2025-11-15,West,50,Standard,5G,Month-to-Month,UPI,1208,1,,105.0,2,1,1
C104829,2023-12-12,,Central,44,Standard,Broadband,2 Year,Auto-debit,1200,2,3.6,,4,0,0
C104830,2025-08-27,,East,44,Premium,5G,1 Year,UPI,1803,0,4.4,150.0,0,0,0
C104831,2024-06-11,,South,53,Basic,5G,2 Year,UPI,620,1,4.4,60.7,1,1,0
C104832,2024-01-26,,West,44,Standard,Broadband,1 Year,Auto-debit,908,7,1.5,72.9,1,1,0
C104833,2023-09-22,,West,25,Standard,Fiber,Month-to-Month,UPI,1256,1,3.5,89.0,4,0,0
C104834,2025-03-21,,South,47,Premium,Broadband,2 Year,UPI,1576,1,2.6,67.2,2,1,0
C104835,2024-01-14,,West,24,Basic,Fiber,1 Year,Net Banking,526,1,2.4,41.2,1,0,0
C104836,2025-05-18,,North,32,Basic,5G,2 Year,UPI,862,1,3.9,74.1,4,1,0
C104837,2023-01-19,,North,37,Standard,Fiber,Month-to-Month,Auto-debit,1117,0,4.7,228.7,2,0,0
C104838,2025-08-24,2025-12-24,North,36,Premium,5G,Month-to-Month,Credit Card,1857,1,4.7,129.7,1,0,1
C104839,2023-04-13,,North,18,Premium,Fiber,Month-to-Month,UPI,2016,0,4.3,77.6,4,0,0
C104840,2025-01-31,,West,26,Standard,Fiber,Month-to-Month,Credit Card,969,0,5.0,63.8,0,0,0
C104841,2024-03-12,,South,38,Basic,5G,2 Year,UPI,914,3,2.8,22.1,4,0,0
C104842,2024-04-11,,South,31,Basic,Fiber,2 Year,Credit Card,410,4,3.4,63.9,0,0,0
C104843,2023-03-19,,South,52,Standard,5G,Month-to-Month,Credit Card,1205,0,2.9,78.0,2,1,0
C104844,2024-10-27,,South,54,Basic,Fiber,2 Year,Auto-debit,680,2,1.1,28.4,2,0,0
C104845,2025-04-17,,South,25,Standard,Fiber,Month-to-Month,Credit Card,1365,0,3.5,69.3,4,2,0
C104846,2025-07-19,,North,39,Premium,Fiber,2 Year,Auto-debit,1999,1,3.7,173.5,4,0,0
C104847,2023-01-19,,East,57,Basic,5G,1 Year,UPI,889,0,4.0,46.9,4,0,0
C104848,2023-10-07,,North,36,Basic,Fiber,1 Year,Auto-debit,898,2,3.2,32.4,4,1,0
C104849,2025-01-27,,West,33,Basic,Fiber,1 Year,UPI,862,5,2.8,76.3,4,1,0
C104850,2022-12-27,,North,48,Basic,5G,1 Year,Auto-debit,633,0,5.0,54.3,2,0,0
C104851,2025-04-17,,West,35,Standard,5G,2 Year,Credit Card,1322,2,3.8,52.0,4,0,0
C104852,2024-11-24,2025-10-20,West,53,Basic,5G,Month-to-Month,UPI,869,4,2.3,46.3,3,1,1
C104853,2023-07-04,,North,31,Basic,Fiber,2 Year,UPI,489,0,2.0,15.9,1,0,0
C104854,2023-12-19,,North,32,Basic,Broadband,Month-to-Month,Auto-debit,788,1,2.8,52.1,4,0,0
C104855,2024-12-25,2025-08-16,Central,47,Basic,5G,Month-to-Month,Auto-debit,534,3,4.0,185.0,0,1,1
C104856,2025-06-25,,East,39,Standard,5G,1 Year,Net Banking,928,1,3.2,131.5,0,0,0
C104857,2025-11-29,,East,39,Standard,Fiber,1 Year,UPI,876,2,3.8,69.9,0,0,0
C104858,2022-11-05,,North,18,Standard,Fiber,2 Year,Credit Card,1067,2,3.7,86.1,2,1,0
C104859,2023-05-25,2024-03-23,South,34,Standard,5G,Month-to-Month,UPI,1071,0,3.8,99.8,0,0,1
C104860,2022-08-19,,East,48,Basic,Fiber,Month-to-Month,Net Banking,639,2,3.2,61.9,1,2,0
C104861,2023-05-25,,Central,29,Standard,5G,Month-to-Month,UPI,1068,0,3.3,71.7,1,0,0
C104862,2024-11-16,,South,46,Basic,Fiber,2 Year,Auto-debit,581,3,4.6,15.3,1,0,0
C104863,2025-05-17,,West,41,Premium,Fiber,2 Year,Net Banking,1621,1,3.1,102.1,0,2,0
C104864,2024-01-31,,West,36,Basic,Fiber,2 Year,UPI,547,1,4.3,33.8,1,0,0
C104865,2022-01-27,,North,54,Standard,Fiber,Month-to-Month,Net Banking,953,1,4.1,72.3,1,2,0
C104866,2025-05-02,,South,34,Basic,5G,2 Year,UPI,888,2,3.7,31.3,3,0,0
C104867,2024-04-15,,South,35,Premium,Fiber,Month-to-Month,UPI,1734,1,3.7,164.5,2,0,0
C104868,2023-01-14,,South,35,Basic,5G,2 Year,UPI,606,0,2.8,125.6,1,0,0
C104869,2022-06-14,,East,39,Premium,Fiber,1 Year,UPI,1583,0,3.2,197.8,0,2,0
C104870,2025-08-03,2025-10-04,South,47,Basic,5G,Month-to-Month,UPI,737,2,2.8,44.0,2,1,1
C104871,2025-02-03,,South,20,Premium,Broadband,1 Year,Net Banking,1532,5,3.0,259.0,1,2,0
C104872,2022-07-21,2024-04-16,West,48,Standard,Broadband,1 Year,Net Banking,1057,1,4.2,121.6,3,2,1
C104873,2024-01-27,,East,39,Basic,5G,Month-to-Month,Credit Card,566,1,3.8,65.6,1,0,0
C104874,2023-11-19,2024-11-23,East,45,Basic,5G,Month-to-Month,Auto-debit,833,1,3.7,34.2,4,0,1
C104875,2025-11-06,,East,67,Basic,5G,1 Year,Auto-debit,507,3,3.8,42.3,0,1,0
C104876,2022-10-08,,South,32,Premium,Broadband,2 Year,UPI,1823,2,2.0,162.6,4,0,0
C104877,2023-01-28,,West,23,Premium,5G,1 Year,Credit Card,2028,4,1.5,356.8,3,0,0
C104878,2025-09-11,,South,40,Basic,Fiber,Month-to-Month,Auto-debit,746,2,2.2,93.4,3,0,0
C104879,2022-10-31,,South,42,Basic,Broadband,1 Year,UPI,871,2,3.9,61.2,4,0,0
C104880,2025-11-13,,North,48,Basic,Fiber,Month-to-Month,UPI,694,0,2.4,49.3,2,0,0
C104881,2024-01-17,2024-12-04,East,32,Basic,Broadband,Month-to-Month,Auto-debit,750,1,3.5,66.6,3,1,1
C104882,2025-09-08,2025-12-19,East,28,Standard,Fiber,Month-to-Month,Auto-debit,1027,1,2.9,99.1,2,1,1
C104883,2025-09-01,,South,20,Basic,Fiber,Month-to-Month,Auto-debit,778,0,3.9,97.9,3,0,0
C104884,2024-12-13,,West,22,Basic,Broadband,Month-to-Month,Auto-debit,607,3,3.0,26.3,2,1,0
C104885,2025-01-28,,West,33,Premium,5G,Month-to-Month,UPI,2095,1,3.9,123.5,4,0,0
C104886,2025-05-18,,North,37,Standard,5G,Month-to-Month,Net Banking,1056,2,3.0,110.9,1,1,0
C104887,2024-07-17,,West,63,Standard,Broadband,1 Year,Auto-debit,1087,6,2.8,154.8,3,0,0
C104888,2023-07-20,,South,18,Basic,Broadband,Month-to-Month,UPI,345,0,4.8,120.9,0,1,0
C104889,2023-08-14,,Central,42,Premium,5G,Month-to-Month,UPI,1717,0,4.9,58.6,0,1,0
C104890,2025-12-08,,South,29,Standard,Broadband,Month-to-Month,UPI,1078,2,3.0,,3,0,0
C104891,2025-07-14,,South,41,Standard,Fiber,1 Year,Net Banking,1041,0,3.2,73.4,1,2,0
C104892,2024-05-24,,South,31,Basic,Fiber,2 Year,Net Banking,431,2,3.4,24.5,0,0,0
C104893,2024-05-15,,South,50,Premium,Broadband,Month-to-Month,Auto-debit,1678,3,4.6,279.6,3,0,0
C104894,2025-11-12,,West,50,Standard,5G,1 Year,UPI,1337,2,3.3,80.9,3,2,0
C104895,2025-04-26,,East,37,Premium,Broadband,2 Year,Net Banking,1625,3,3.8,218.7,3,0,0
C104896,2023-09-10,,South,55,Standard,Fiber,1 Year,UPI,1126,0,4.3,69.6,2,0,0
C104897,2025-09-11,2025-10-04,East,47,Premium,Fiber,Month-to-Month,Auto-debit,2020,1,4.3,149.2,4,1,1
C104898,2025-04-07,,Central,55,Standard,Fiber,Month-to-Month,Credit Card,936,1,4.4,38.4,0,1,0
C104899,2024-05-16,2025-10-27,West,37,Premium,5G,Month-to-Month,Net Banking,1729,2,2.6,71.6,0,2,1
C104900,2024-08-31,2025-12-23,East,49,Basic,Broadband,Month-to-Month,UPI,455,1,2.9,27.1,1,2,1
C104901,2023-10-19,,South,29,Basic,5G,Month-to-Month,UPI,956,2,3.3,19.4,4,0,0
C104902,2025-05-21,,North,28,Standard,Fiber,2 Year,UPI,1182,0,4.7,127.0,3,0,0
C104903,2022-12-20,,West,64,Standard,Fiber,Month-to-Month,Auto-debit,1072,1,4.4,75.5,2,0,0
C104904,2024-07-07,,West,25,Standard,Fiber,Month-to-Month,UPI,1316,1,3.5,129.0,4,1,0
C104905,2025-02-16,,East,33,Standard,5G,2 Year,Auto-debit,1365,2,4.0,71.7,4,0,0
C104906,2024-07-14,2025-05-03,West,18,Standard,5G,1 Year,UPI,1041,4,2.5,133.5,0,0,1
C104907,2024-11-09,,North,28,Premium,Fiber,Month-to-Month,Credit Card,1796,1,3.2,195.9,2,2,0
C104908,2022-11-09,,West,26,Basic,5G,2 Year,UPI,942,4,1.9,42.9,4,2,0
C104909,2024-11-06,,North,30,Premium,5G,Month-to-Month,UPI,1767,2,3.4,134.3,0,0,0
C104910,2025-12-13,,North,42,Basic,Fiber,Month-to-Month,Credit Card,443,1,3.3,54.4,0,0,0
C104911,2024-04-10,,East,44,Standard,5G,Month-to-Month,UPI,1142,3,3.8,132.7,1,1,0
C104912,2025-12-10,,South,26,Premium,5G,Month-to-Month,Credit Card,2119,1,4.1,119.6,4,0,0
C104913,2022-12-04,,Central,29,Basic,5G,2 Year,Net Banking,585,3,3.1,54.5,1,0,0
C104914,2022-08-24,,South,51,Basic,Fiber,Month-to-Month,UPI,777,0,3.8,21.8,3,0,0
C104915,2025-10-27,,West,58,Basic,Fiber,2 Year,Credit Card,567,3,2.8,29.3,1,0,0
C104916,2025-08-13,2025-11-03,West,53,Standard,Broadband,Month-to-Month,Net Banking,1069,3,1.8,52.6,3,1,1
C104917,2025-07-16,2025-10-02,West,18,Standard,Fiber,2 Year,UPI,1253,7,1.2,98.4,4,1,1
C104918,2024-05-11,,Central,52,Basic,Broadband,Month-to-Month,UPI,398,3,3.6,32.1,0,0,0
C104919,2024-02-20,,South,60,Premium,5G,2 Year,UPI,1819,1,3.7,128.6,1,1,0
C104920,2023-03-31,2024-12-14,South,18,Basic,5G,Month-to-Month,UPI,698,0,2.9,42.0,2,1,1
C104921,2023-12-01,,North,51,Standard,Broadband,2 Year,UPI,782,1,4.5,76.1,0,1,0
C104922,2023-07-03,,South,41,Standard,Fiber,2 Year,Credit Card,1187,1,4.7,117.2,3,0,0
C104923,2023-03-26,2024-06-14,West,34,Basic,Fiber,1 Year,UPI,547,7,2.9,49.5,1,1,1
C104924,2025-06-10,,East,39,Basic,Fiber,Month-to-Month,Auto-debit,456,1,3.8,40.2,0,0,0
C104925,2022-03-27,,South,43,Premium,5G,1 Year,Auto-debit,2074,1,4.0,148.6,3,0,0
C104926,2022-04-05,,North,52,Standard,5G,1 Year,UPI,1016,0,3.8,170.3,0,2,0
C104927,2025-05-22,,East,51,Basic,Broadband,1 Year,Credit Card,582,3,3.2,46.8,1,0,0
C104928,2023-12-27,,West,20,Premium,5G,1 Year,UPI,1754,1,4.2,64.0,0,2,0
C104929,2023-08-17,,South,30,Standard,5G,2 Year,UPI,972,1,,38.2,0,0,0
C104930,2023-02-26,,West,39,Basic,Fiber,2 Year,Auto-debit,650,2,3.6,38.4,2,0,0
C104931,2024-05-01,,East,57,Standard,Fiber,Month-to-Month,Credit Card,1338,2,1.0,41.7,4,0,0
C104932,2023-01-12,,West,18,Standard,Broadband,Month-to-Month,UPI,938,2,4.1,22.3,1,0,0
C104933,2025-07-28,,South,31,Basic,Fiber,Month-to-Month,Auto-debit,612,2,3.4,38.2,1,0,0
C104934,2025-09-07,,East,20,Premium,Broadband,1 Year,Auto-debit,1754,3,2.3,142.6,4,1,0
C104935,2025-09-15,,North,22,Basic,Fiber,2 Year,Credit Card,906,1,3.7,88.3,4,1,0
C104936,2023-10-22,2025-05-19,South,50,Basic,5G,Month-to-Month,Net Banking,596,2,3.5,43.8,1,3,1
C104937,2025-07-10,2025-10-14,West,32,Basic,Fiber,Month-to-Month,Auto-debit,422,0,2.7,51.6,0,0,1
C104938,2025-11-02,2025-12-29,East,18,Standard,Broadband,Month-to-Month,Net Banking,1088,2,2.9,95.4,3,3,1
C104939,2023-01-12,,North,36,Standard,Fiber,Month-to-Month,Credit Card,1264,0,3.0,76.8,3,0,0
C104940,2022-07-12,,West,62,Premium,5G,2 Year,Auto-debit,2163,3,2.6,84.5,4,1,0
C104941,2024-06-15,,North,18,Basic,Broadband,1 Year,Credit Card,648,1,3.9,130.9,3,0,0
C104942,2024-11-30,2025-07-15,East,44,Premium,5G,Month-to-Month,UPI,2097,2,3.1,71.9,4,1,1
C104943,2024-07-14,2025-11-22,Central,57,Standard,Fiber,Month-to-Month,UPI,870,1,3.6,90.8,0,2,1
C104944,2023-04-27,2024-12-26,East,37,Basic,Broadband,Month-to-Month,UPI,370,5,3.1,29.9,0,1,1
C104945,2024-12-31,,West,61,Basic,5G,1 Year,UPI,799,2,3.0,46.8,3,1,0
C104946,2023-03-31,,East,30,Premium,Fiber,1 Year,UPI,1861,5,3.3,144.7,3,1,0
C104947,2025-03-07,,West,55,Basic,5G,Month-to-Month,Credit Card,581,2,4.2,40.0,1,0,0
C104948,2024-07-29,,East,53,Standard,Broadband,Month-to-Month,Auto-debit,1053,1,4.1,40.2,2,0,0
C104949,2025-05-26,,West,38,Standard,5G,2 Year,UPI,1162,5,3.0,61.9,1,1,0
C104950,2025-04-21,,South,20,Basic,Broadband,2 Year,UPI,461,3,3.6,77.6,0,1,0
C104951,2023-07-26,,West,26,Premium,5G,1 Year,Auto-debit,2073,5,3.0,55.6,4,1,0
C104952,2024-12-07,,South,18,Premium,5G,Month-to-Month,Credit Card,2212,2,4.1,266.5,4,0,0
C104953,2022-12-30,,Central,45,Standard,Fiber,2 Year,Auto-debit,1319,2,2.5,77.3,4,0,0
C104954,2022-12-08,,South,44,Standard,5G,1 Year,Credit Card,1200,2,3.2,105.4,2,0,0
C104955,2023-11-22,,South,39,Standard,Fiber,2 Year,Net Banking,960,2,3.6,43.5,0,2,0
C104956,2023-03-02,,West,37,Standard,Fiber,Month-to-Month,UPI,1145,2,3.2,68.4,2,1,0
C104957,2023-07-01,,South,54,Basic,Fiber,Month-to-Month,UPI,681,0,5.0,31.7,3,1,0
C104958,2025-02-02,,South,42,Standard,Broadband,Month-to-Month,Net Banking,775,0,3.7,85.4,0,2,0
C104959,2025-11-29,,West,31,Basic,Fiber,2 Year,UPI,444,2,2.1,25.6,0,0,0
C104960,2024-03-10,,North,40,Standard,Fiber,1 Year,UPI,1262,2,3.3,54.0,4,0,0
C104961,2025-10-15,2025-11-10,North,63,Standard,Fiber,Month-to-Month,UPI,959,3,3.6,207.2,0,0,1
C104962,2024-12-02,,East,45,Basic,Fiber,2 Year,Net Banking,714,1,2.9,61.1,2,0,0
C104963,2023-03-28,,South,33,Premium,Broadband,2 Year,Credit Card,1399,5,2.7,142.6,0,0,0
C104964,2024-05-10,2025-06-10,South,37,Basic,5G,Month-to-Month,Net Banking,511,2,3.2,53.0,0,1,1
C104965,2024-04-25,,North,44,Basic,5G,1 Year,Net Banking,795,1,3.5,91.7,3,2,0
C104966,2025-07-23,,South,33,Basic,Broadband,1 Year,UPI,403,0,3.4,41.5,0,1,0
C104967,2025-05-27,,South,32,Standard,Fiber,Month-to-Month,Auto-debit,1261,4,3.6,117.7,3,0,0
C104968,2025-06-05,,North,38,Basic,Broadband,1 Year,Auto-debit,724,1,5.0,13.6,4,1,0
C104969,2025-09-30,,East,56,Standard,Broadband,Month-to-Month,UPI,1016,4,2.2,69.4,2,0,0
C104970,2023-08-22,,East,47,Standard,5G,2 Year,Credit Card,999,3,2.1,63.1,0,2,0
C104971,2025-07-04,,North,33,Basic,5G,2 Year,UPI,866,1,3.2,34.0,4,0,0
C104972,2025-07-28,,South,48,Premium,5G,2 Year,Auto-debit,1828,2,4.5,170.7,1,2,0
C104973,2024-08-22,,West,38,Basic,Broadband,1 Year,UPI,769,2,3.1,41.3,3,0,0
C104974,2023-03-26,,East,42,Standard,Fiber,Month-to-Month,UPI,866,0,4.1,68.0,0,0,0
C104975,2024-06-08,,South,41,Basic,5G,Month-to-Month,Auto-debit,492,0,3.2,29.9,0,0,0
C104976,2024-10-24,,East,18,Standard,Fiber,1 Year,Net Banking,1281,1,4.8,60.5,3,1,0
C104977,2025-04-24,2025-06-29,North,18,Premium,5G,Month-to-Month,UPI,1797,2,3.3,43.2,1,1,1
C104978,2025-07-03,,West,41,Basic,Broadband,1 Year,Net Banking,579,4,3.0,37.8,2,0,0
C104979,2023-02-08,,Central,28,Basic,5G,Month-to-Month,Auto-debit,698,2,2.7,21.8,2,0,0
C104980,2023-10-15,,Central,18,Basic,Fiber,Month-to-Month,UPI,475,2,2.7,95.7,0,1,0
C104981,2024-10-29,,South,28,Basic,5G,Month-to-Month,Credit Card,595,0,3.8,63.8,1,1,0
C104982,2025-12-07,,South,49,Premium,Broadband,1 Year,Net Banking,1363,2,3.6,186.1,0,1,0
C104983,2024-08-09,2025-04-28,North,42,Standard,5G,Month-to-Month,Credit Card,1017,4,3.4,38.1,0,1,1
C104984,2025-06-30,,South,47,Standard,Broadband,1 Year,Auto-debit,1191,2,2.1,112.1,4,1,0
C104985,2022-03-26,,South,43,Premium,Broadband,Month-to-Month,Credit Card,1424,1,3.1,84.5,0,0,0
C104986,2025-11-01,,East,27,Premium,Broadband,1 Year,Net Banking,1832,2,3.0,135.4,4,0,0
C104987,2025-03-19,,North,47,Premium,Fiber,1 Year,Auto-debit,1747,1,3.8,107.4,2,0,0
C104988,2023-01-20,,Central,45,Basic,5G,1 Year,UPI,639,1,2.8,22.2,1,0,0
C104989,2025-10-15,,North,37,Basic,Broadband,Month-to-Month,UPI,587,1,3.5,26.3,2,1,0
C104990,2022-10-26,,North,39,Basic,Broadband,Month-to-Month,Auto-debit,828,2,2.8,61.5,4,0,0
C104991,2025-01-02,2025-12-28,West,48,Basic,Fiber,Month-to-Month,Net Banking,776,2,3.2,60.5,3,1,1
C104992,2022-07-30,,West,29,Basic,Fiber,1 Year,UPI,533,2,2.8,22.3,0,0,0
C104993,2025-10-15,,South,51,Basic,Fiber,Month-to-Month,UPI,756,0,3.1,78.1,3,0,0
C104994,2025-06-12,2025-10-26,East,45,Basic,Broadband,2 Year,UPI,680,2,3.5,36.5,3,0,1
C104995,2024-04-08,,South,38,Standard,Broadband,2 Year,UPI,1174,3,3.8,38.8,4,0,0
C104996,2024-01-17,,North,56,Basic,5G,Month-to-Month,UPI,556,1,4.1,33.6,1,0,0
C104997,2024-01-08,,East,22,Basic,Fiber,2 Year,Credit Card,887,1,4.3,22.5,4,0,0
C104998,2022-06-28,,South,32,Basic,Fiber,1 Year,UPI,514,2,4.2,30.8,1,1,0
C104999,2023-08-11,2025-09-29,East,30,Standard,Broadband,Month-to-Month,Net Banking,930,4,2.7,58.0,1,2,1
C101501,2024-11-20,,Central,43,Basic,5G,Month-to-Month,Credit Card,497,0,1.1,20.1,0,2,0
C102586,2024-03-21,,South,64,Basic,Fiber,2 Year,Auto-debit,454,3,3.5,49.1,0,0,0
C102653,2024-03-19,,West,43,Basic,5G,2 Year,Credit Card,839,2,3.6,30.3,3,0,0
C101055,2023-08-21,2025-11-14,West,58,Basic,5G,2 Year,UPI,834,2,5.0,67.2,4,1,1
C100705,2023-03-26,,East,40,Standard,5G,Month-to-Month,Auto-debit,1242,3,2.3,118.0,3,0,0
C100106,2024-03-31,2024-12-26,South,44,Basic,Fiber,Month-to-Month,Credit Card,614,3,2.7,107.5,2,2,1
C100589,2025-05-01,,North,45,Standard,5G,1 Year,UPI,1349,2,3.8,106.8,3,0,0
C102468,2024-03-23,,East,34,Premium,Fiber,1 Year,UPI,2005,2,3.0,83.0,4,1,0
C102413,2024-03-08,2025-09-23,East,43,Standard,Broadband,Month-to-Month,Auto-debit,795,2,2.7,48.9,1,0,1
C101600,2024-06-19,2025-01-03,Central,45,Basic,Broadband,Month-to-Month,UPI,475,3,3.0,45.9,0,1,1
C102464,2024-01-31,,South,57,Premium,Broadband,1 Year,UPI,1428,3,4.4,194.0,0,0,0
C100228,2025-07-07,,East,26,Basic,Fiber,Month-to-Month,UPI,575,3,2.3,49.5,1,0,0
C100915,2023-01-21,,Central,63,Standard,Broadband,Month-to-Month,UPI,1197,1,3.5,71.2,4,1,0
C100794,2025-10-04,2025-10-21,North,45,Standard,Fiber,Month-to-Month,UPI,1308,1,2.5,52.1,4,0,1
C103021,2025-03-29,,West,39,Basic,5G,2 Year,Credit Card,633,0,4.6,40.8,1,0,0
C103543,2025-10-20,,South,35,Premium,Fiber,Month-to-Month,Auto-debit,1787,0,4.3,120.2,3,0,0
C101073,2022-10-10,,Central,25,Basic,Fiber,Month-to-Month,Auto-debit,548,1,4.8,33.5,1,2,0
C103351,2025-02-07,,North,35,Premium,Broadband,1 Year,UPI,1723,2,3.6,132.4,3,1,0
C101744,2023-09-17,,West,35,Basic,5G,Month-to-Month,Credit Card,842,3,3.2,45.6,4,0,0
C101084,2022-11-09,,Central,27,Basic,Fiber,1 Year,Net Banking,663,1,2.8,31.1,2,3,0
C100926,2023-03-29,,North,60,Premium,5G,2 Year,Credit Card,2015,0,3.2,78.5,3,0,0
C103049,2023-11-12,,South,36,Standard,Fiber,Month-to-Month,UPI,887,1,3.4,111.4,0,0,0
C101117,2024-09-02,,West,28,Basic,Fiber,2 Year,UPI,846,2,2.1,82.7,4,0,0
C100642,2024-12-19,2025-05-02,North,40,Premium,Broadband,Month-to-Month,Net Banking,1588,1,1.8,100.4,2,2,1
C104767,2025-05-29,2025-07-25,East,31,Standard,5G,Month-to-Month,Auto-debit,1018,0,2.8,179.3,0,0,1
